rel_delta,rel_theta,rel_alpha,rel_beta,rel_gamma,spectral_centroid,spectral_entropy,label
0.05373597644033163,0.08458315436994826,0.225531772592898,0.40557258048575,0.09657748686497414,15.854434327102934,0.7347039436557967,awake
0.04114181178773858,0.07641461553382498,0.27237092269784613,0.3827116925448159,0.08077093560434265,15.423837316302278,0.7127389968124525,awake
0.07486284867876256,0.07526738642249585,0.21285131683631545,0.4093733284681227,0.09566853640585266,15.507529187290924,0.7337370423787807,awake
0.05899789144311611,0.08239764397886783,0.23540386467434807,0.38998140193853176,0.10014991093059356,15.635244741254395,0.733128294802977,awake
0.05602814668669881,0.0820522036839852,0.25517512606129966,0.35672964328835066,0.10401897058402834,15.459051399835882,0.7233116123884623,awake
0.049285070510428235,0.06999685084492716,0.25576551923758123,0.37624104486504445,0.09579375517985575,15.723869416064295,0.7206342362906176,awake
0.04885173144092348,0.07854065739372117,0.24523821850120223,0.4195003508478176,0.086995395771865,15.833926800930747,0.7245020483323188,awake
0.052294318343885676,0.08201627771454255,0.23703111861409604,0.412157535379655,0.08738384789576499,15.923967834928659,0.7301733599810852,awake
0.0475136980797952,0.07301192219661096,0.2670330541616535,0.3727323952763363,0.10585128461820402,15.791189925076441,0.7287379163349132,awake
0.04166144197692149,0.08038787149144874,0.26375815831828064,0.3640235430381382,0.09438030671871586,15.455174707173137,0.7199050538592536,awake
0.04288760778423203,0.10275800521958338,0.24114572613477137,0.3692288935913098,0.10004652489900642,15.568527988198921,0.7289167469726208,awake
0.05398979223987919,0.07480726364968916,0.27873267524105083,0.36225563356747753,0.10130248874830247,15.517635592076509,0.7258060380444009,awake
0.06395757155226069,0.09753469365506866,0.25755970051888116,0.34882609401945336,0.09988147255597946,15.200028554637758,0.7285587241130054,awake
0.04994955761952199,0.1089407586941072,0.24118851498775476,0.3719371802957021,0.10218663291715537,15.578472858535207,0.7315848231267061,awake
0.052613160294444884,0.10861485505236271,0.1893244452243089,0.42135842232405835,0.10553486762037524,15.95703281776099,0.7385840543921419,awake
0.062472886030414176,0.08481402564456604,0.24292817322557955,0.3813274273709942,0.10388244915786819,15.566107038533737,0.7271305729258118,awake
0.0626568193888994,0.0868304390471258,0.22139148786012022,0.38117202905219016,0.11690714607028108,15.801679295355077,0.7338594160349164,awake
0.057646105578766094,0.09518430196710335,0.23118009239685514,0.3524356433305699,0.10749361541312938,15.37403472685411,0.7250365230713796,awake
0.05214748098319281,0.08377118151575563,0.20541940580439422,0.40285481926368405,0.11486720228127849,16.30367473052061,0.7385687103979768,awake
0.04331000787421292,0.09886423719453406,0.2377830573052112,0.3773715120876252,0.09957379476489152,15.954153244471726,0.7299874971466462,awake
0.051115541571993744,0.07941579055326359,0.2680952159718879,0.3774917358223202,0.08469710458406576,15.620712433210482,0.7225302480971326,awake
0.049471502500437435,0.07498728118908872,0.2596258799158593,0.39067453423761406,0.09755756451169482,15.858072106463588,0.7273561795014081,awake
0.060380307424980684,0.1038724132008927,0.18403936609623517,0.41585942936219134,0.10688287501562146,16.140088667567152,0.7426782119032947,awake
0.055176704466389254,0.08615328582205273,0.23013983094748666,0.414627704759704,0.09356292733306376,15.981391905881658,0.7335390757517953,awake
0.06355614857403723,0.08386454963104714,0.21681611207538254,0.41380128341624645,0.1009509275336963,16.11525518405444,0.73879167082611,awake
0.051059909745355125,0.10947876163505738,0.2510190473720033,0.36397495271901525,0.09364254055838976,15.487352028763976,0.7273951579167246,awake
0.053479960829370274,0.09321247906559367,0.2691362944266065,0.3488175514714582,0.09387466465652775,15.482930092996968,0.7220773828208605,awake
0.058907752824381744,0.0729190136950668,0.25943814748706645,0.3851282037286287,0.09089732421641082,15.745578926445257,0.7266644525483662,awake
0.0642260999975579,0.07304899179766172,0.2249479655072146,0.42484992249687753,0.0886227771287021,15.833406618773129,0.7324381787092191,awake
0.05643471720799371,0.07852749215530759,0.2205745581763099,0.4208090786409729,0.08965595633505571,15.835260906365214,0.7315610901628273,awake
0.049470825959593394,0.07279032429860828,0.26240474320268614,0.3541049509963336,0.1032983674553132,15.759002083526825,0.7216759355586592,awake
0.0581899964224611,0.074509246726437,0.23151949278195333,0.3877482980721957,0.10106681174901601,16.033747861942675,0.7309393128806464,awake
0.052974781977745876,0.05570797017165381,0.2332989882162521,0.4412178310880566,0.09516016944798988,16.320074162202825,0.7328729635727512,awake
0.05077148136647657,0.07806351864744906,0.20444445055773236,0.44624233090086346,0.0857466100634474,15.975321430216129,0.7294558481241143,awake
0.06159413984107691,0.09289248410869178,0.21584197164368193,0.4225946694811132,0.08226751556122328,15.761150661889356,0.7316499757854398,awake
0.06083894629920966,0.0923279455443315,0.1975228901831395,0.4253986461833581,0.0967675375453468,15.946973954971995,0.7370631267095994,awake
0.048846867061484465,0.08946856145239548,0.24119345281847387,0.39530471643436194,0.09201667465278482,15.682964203055368,0.7310900230010603,awake
0.05196089805194339,0.0948650131784406,0.2239925858642066,0.38664153595426404,0.09052788345064572,15.516028930063758,0.7299481843513548,awake
0.04534490527338247,0.0992854992286201,0.23039927654121523,0.38563009805183096,0.08345758662565174,15.390504904656428,0.7271085111660335,awake
0.0549878846629127,0.0798220339572877,0.26600620859916047,0.35809005081075806,0.09031873552378784,15.506322698567196,0.7216677751450883,awake
0.04908576524489408,0.06905964939362016,0.2835663527758613,0.37106672754938064,0.09042159862941586,15.68876156545771,0.7158479179551775,awake
0.04267557137591902,0.07672266710610805,0.21483770646969555,0.44002468475003,0.08240423921243202,16.090159766509334,0.7284836601373722,awake
0.05353460331129506,0.0762544973214788,0.24186128470625734,0.3850728864430884,0.09389566029064267,15.673009000555195,0.7249758556999946,awake
0.05951957862305167,0.10437284924931574,0.2146674124400222,0.3775055811829695,0.09400185161301697,15.209616922229412,0.7315013737795661,awake
0.06409468836783075,0.09946743663476892,0.20904398136497906,0.39805324825306004,0.08699086904301216,15.46877983579054,0.7314694745386473,awake
0.07181169171950805,0.08690208780447643,0.21264278794021615,0.38916552005360405,0.09188129568476747,15.471624932913102,0.7340012639388389,awake
0.04569935425507125,0.08659851362502724,0.2160744833572942,0.4326400320216724,0.09182230993441019,16.21422284105609,0.73369588128672,awake
0.053136199474136676,0.09120049575886469,0.22707952247671884,0.4220973857273387,0.0878912067281743,15.953848035629415,0.7311989842600202,awake
0.04329583116003197,0.10512210922553553,0.24402244126696557,0.3784141007143994,0.10106666229792703,15.87921796362994,0.7307238898220586,awake
0.039812533317338465,0.08304000072781757,0.2255972126989679,0.40188388187262447,0.10404913380790198,15.955181810049767,0.7263950600783945,awake
0.05269493051810741,0.08966185840358473,0.2052665030812379,0.4124620336042912,0.10174806868031354,15.868558344868902,0.7337301361506158,awake
0.06094259679243214,0.07878102497859764,0.22072150101738233,0.415304351132236,0.08840736456565754,15.811999139737072,0.7290936738957283,awake
0.04572683190390044,0.07345666140483958,0.2497544841990673,0.41867973692326077,0.08042892921665179,16.024295842344333,0.7227403688378506,awake
0.06403973694056062,0.07928149144557038,0.21010748864845694,0.43110142253899914,0.08485695030574619,15.8376130168248,0.7290931533945232,awake
0.05464249062342595,0.08700083593115462,0.20286332379551933,0.43341932426038793,0.09076811822958834,15.671937644171244,0.7293345750298358,awake
0.04043726847870851,0.10039596462259531,0.24612788395347793,0.3884081293651499,0.09063475741490201,15.426676796130998,0.7243652834033503,awake
0.04089946157078002,0.10129606309680061,0.2602423434222736,0.36027485559569616,0.09410764548940227,15.27264410415477,0.7201196646301941,awake
0.06013397925702887,0.10420653445757685,0.2271399697338454,0.3654768420410796,0.08581201854861857,14.93375369104745,0.724878414053902,awake
0.0928655383887476,0.07492827543645225,0.22479645652944844,0.3720149560846521,0.08919065820837535,14.940526658210743,0.7319692360583633,awake
0.08448340924355018,0.07055565491131596,0.229882295059575,0.38001621103807537,0.08490589808594434,15.092152519536937,0.7254068183008856,awake
0.0740856614958626,0.09247508148284786,0.22610580117839116,0.35894569029925244,0.08719283047128859,14.777727062586298,0.7265966621952251,awake
0.08155120482387883,0.1073760562736452,0.27159447325291736,0.3235003350712319,0.08317197275658056,14.118105657560653,0.7155143195467392,awake
0.047301810022695026,0.10210830502948906,0.28109241835028315,0.3463496775094417,0.07795482243660713,14.87166534439246,0.7160070647572331,awake
0.055871103697065445,0.10109294516795594,0.2600117154532107,0.35337174861773823,0.09413552391882019,15.265922162389904,0.7244709362060434,awake
0.04901909571750015,0.10118549318673298,0.26663916852238995,0.3632832717392174,0.09698170855109046,15.404668354948926,0.7259026549543921,awake
0.05795268474607812,0.10985981790409492,0.214187198373645,0.4133503904520206,0.07083790140772735,15.183836380591153,0.7306721936380541,awake
0.049992883595720614,0.10337992516301342,0.23030071136421335,0.40244756502939055,0.08011502526338952,15.346431426934384,0.7278814718352228,awake
0.06435180543536594,0.11805762007171121,0.2423310264115735,0.3783965946818683,0.08094713841963705,14.909098067979036,0.7241051587934284,awake
0.08097521533406485,0.1017213369753274,0.20057191757031156,0.3889021871207195,0.09094487799766784,14.997124050445185,0.7314725727123752,awake
0.06955648485889793,0.09529659593025269,0.2358277357806003,0.3530546160204031,0.07994530559606328,14.605105963125167,0.7200969963522912,awake
0.04117547382172489,0.08950444342424352,0.29793440748957706,0.3542942780249821,0.0713436689408699,14.759598104001974,0.7062822860725493,awake
0.0549372594779283,0.0856300787043538,0.22749129690711611,0.42321218229943347,0.08598963821292689,15.949969670374834,0.729702239795117,awake
0.06105240518220931,0.08692995093634395,0.2666738825644301,0.3585621529498811,0.09418158235082105,15.09400712999219,0.7236187431720189,awake
0.0506602345278266,0.07734137513809095,0.2583110665776888,0.35431311725625214,0.11174648292317542,15.79151215098876,0.7247372060294106,awake
0.05548506088710106,0.09805537378501808,0.2250781596874436,0.3886365560644909,0.08963414981841976,15.531122642874198,0.7283384439440431,awake
0.08851739031802938,0.1070524325780788,0.24029610262851395,0.3443975609040914,0.08964752832867437,14.626206882540643,0.7246559393341468,awake
0.06975459377564429,0.08550096813515078,0.22402493955883718,0.4048981384955434,0.08548770040781414,15.669412274657143,0.7293222197114201,awake
0.052597383592851855,0.0898593744502871,0.19116850894005516,0.44838964520966856,0.09532960060844,16.775711577518102,0.7388848970616818,awake
0.06547098597427611,0.0914343203810076,0.20745042745769363,0.4122135978295096,0.08724821584593413,15.40945416744373,0.7339486608898613,awake
0.05497213537865197,0.08808095393074022,0.27424457293913923,0.37366037033277427,0.07460903501200998,14.741170495995604,0.7171212400023821,awake
0.05672787069984333,0.11614571138412781,0.250175850844254,0.3432160156193661,0.08280054765401212,14.707543708155246,0.7205415634015864,awake
0.048188045102919776,0.12299455159764175,0.1997258271879471,0.3812541385801455,0.10647705341797152,15.884907560543175,0.7346351178098335,awake
0.06048926303817892,0.07708538372504029,0.27575507984821596,0.36195289372812545,0.1056745783585912,15.538068287680561,0.7246863648720118,awake
0.059534283092062795,0.0932681049150483,0.20543865368891334,0.40831041632105836,0.10465256490353188,16.044928708173323,0.7402710521749796,awake
0.05422374270639309,0.10803633559700933,0.22634218713080528,0.3726158054877326,0.09317569475654933,15.502108798822464,0.7323602171853767,awake
0.04914561915814688,0.10399378194159115,0.23329872390216855,0.37164566849304304,0.10036400509580698,15.582244220533006,0.733216690233437,awake
0.04948669578475165,0.0814949802164636,0.2268516385373244,0.42451296408931505,0.09086651063591412,16.02821342982053,0.7333307989276141,awake
0.06123560684374071,0.10368022412136547,0.260006138236753,0.36503313871049287,0.07782379347248683,14.876089182248,0.7202450509113674,awake
0.060169681904423504,0.0908750441843714,0.2984128245957786,0.3470542166426912,0.08686992279657109,14.956404299368023,0.716449269788839,awake
0.06804265893649147,0.09801523954833467,0.2706962653265801,0.35914825013015456,0.07941255187503364,14.581151570741996,0.7178271943157107,awake
0.04509916560397769,0.10268707849981173,0.215648614225475,0.40706467144138725,0.09898199192313056,16.136188461398426,0.7354951396064615,awake
0.05787503611035675,0.1031867311229974,0.21820271760532678,0.3804321837818938,0.1006125784851476,15.47140527886276,0.7338763371710401,awake
0.06514302043942931,0.07887433833648083,0.23065521015234092,0.4031747092804724,0.0990680865171717,15.829236517186255,0.7315714294003213,awake
0.06384765798617315,0.06874291708455067,0.2501726392691124,0.37772940072103894,0.09594123325295811,15.668630155331138,0.719224218134032,awake
0.05724459998554889,0.10301052648380092,0.2060390657720059,0.401786044695269,0.0863938826108851,15.537378063456346,0.7293043615730945,awake
0.05566328677036651,0.08598208981382378,0.2219660022740083,0.4198443151444384,0.08210693917455418,15.671975071222198,0.7276250854144992,awake
0.078725892504388,0.09005267235202762,0.2381335919970601,0.3693124791743264,0.08270400714034909,14.77280681953632,0.7256902305261476,awake
0.06553206547017967,0.08399957423006515,0.2572631059691947,0.35647549175419524,0.09112483107334061,15.08956160141406,0.7229376495181604,awake
0.04882770914669095,0.09700963126524219,0.23380506871247284,0.3871502797441202,0.08794616258684498,15.378405535035045,0.7251024265926145,awake
0.05392010925001862,0.10820485209586805,0.18560423355734407,0.4143428530965689,0.09421713204139989,15.826159747999615,0.7392591107353689,awake
0.06057644536395507,0.0906676780275048,0.1929493941099154,0.4088086459167401,0.09891353717437291,15.732032056912804,0.7342858850548885,awake
0.048777134376230574,0.11436793314340019,0.22498811686730952,0.369072267885529,0.08510936226630532,15.041310411501778,0.7236730989472745,awake
0.05722180132829401,0.09767166926791412,0.24652223220383268,0.3669458238817324,0.09034552231807944,15.241548614762864,0.7256428431909399,awake
0.05938009054390131,0.06320092935456706,0.2382371695428766,0.398270780788298,0.09519921244947077,15.921738191050498,0.7280089472531842,awake
0.06533169733647776,0.07234154930868507,0.24697656384526728,0.41193467497355807,0.07699411511616068,15.67372225320078,0.7228250322823836,awake
0.058399507321862894,0.07839465086473314,0.21289965362698365,0.45098864745291156,0.08169839003097332,16.29466790956061,0.7324970540728825,awake
0.07358087556006628,0.0794407163374365,0.23480523711962958,0.4101330763326757,0.08459123915021263,15.43052001643349,0.7309441882867348,awake
0.06372450605821485,0.08430590082137768,0.23491027490673855,0.3992774663216569,0.09211369656133453,15.534210042213672,0.7293733887130943,awake
0.05404667578510853,0.10012443998706372,0.22178073607588417,0.4040049724721535,0.08903569364624352,15.67954572732524,0.7306006054801613,awake
0.05165451206946181,0.10810611772326034,0.2152771402100768,0.3990041520203147,0.09282851958936751,15.858529340583436,0.733630206068874,awake
0.05794267131387259,0.09508530379431963,0.22018535703879002,0.41311792503654443,0.08496683502398004,15.47589523551505,0.7309319845752864,awake
0.07031246139774008,0.08301027048381589,0.22767087436377145,0.3995725092611959,0.08196588858320217,15.147317264315229,0.7259086749066915,awake
0.05207635160972833,0.09220370020006502,0.2738067223155066,0.3742751210237867,0.0826940372993705,15.181382895598572,0.7181127803953105,awake
0.04612456426645043,0.1007223273233719,0.25887006735805046,0.3660943503511091,0.09763719685907901,15.541862401914148,0.7260666924231363,awake
0.05873373373973041,0.08936675603647465,0.23310314450815692,0.4053900123195055,0.0811092639238964,15.409896036970435,0.7263577927832948,awake
0.05525570075053253,0.1003738790966864,0.2254643600291556,0.38385657805876955,0.08836393515845034,15.539585454219715,0.7296011832160072,awake
0.04780475571118649,0.08848920900823053,0.24113476705582357,0.3950414217062437,0.08878324634575974,15.7347963681881,0.7270443946248113,awake
0.07975790763554551,0.08670527998950169,0.19184929880615456,0.4223138125238273,0.08404825646604792,15.341121770812734,0.7336403624793679,awake
0.38202713299208924,0.29998615743416157,0.04207001837474597,0.016673500605999866,0.0031873310256745942,3.8708582162771337,0.45258312147290697,sleep
0.4170470003381529,0.2549283912414525,0.0603485043543082,0.017409878493503877,0.002662004963099665,3.7722984460037314,0.4580247248927618,sleep
0.44312740732332945,0.25999641164738,0.05299737563758772,0.01532407387559293,0.002679740614974259,3.8913113228192264,0.46250398623641903,sleep
0.4699488616048722,0.21678100762734087,0.04284001146961234,0.014409548425751801,0.002261748998224506,3.6615308557867703,0.44323704191015517,sleep
0.4288132516089723,0.2949172658150877,0.04771838060956134,0.015563698480829773,0.002209840394640992,3.8376487101591295,0.45881321347068166,sleep
0.3442932542872151,0.3700464773793265,0.047560286286947424,0.018246014521268325,0.0031686936734298798,4.256725969929273,0.4748787290110088,sleep
0.4187287105807337,0.2602229384728191,0.06458327545873871,0.0165264447336022,0.0029918899684592774,4.00416857032443,0.466303189849312,sleep
0.4427378861637979,0.24083718159269152,0.06789025841773547,0.016539068623580584,0.002454609562384898,3.9044092486849653,0.4558471496802867,sleep
0.44033152343505194,0.2516565851042264,0.053974845693695886,0.016926874946327955,0.0024261471733521916,3.8117484328834523,0.4516330832204641,sleep
0.4535426967594084,0.24060251231505153,0.04539125512628389,0.015327095996896677,0.002334562930441042,3.772833365454844,0.44937319254342245,sleep
0.5037096323737084,0.22393342867033778,0.037989868390908836,0.01315179080693409,0.0022237954756105832,3.424657403508864,0.4398397494115425,sleep
0.45564268449051515,0.2592603186331237,0.04430317323386309,0.013998203727028686,0.002735617679037235,3.677665976235185,0.4481753450489934,sleep
0.3826154333067127,0.3194820650621801,0.04831739473515211,0.018107786483072184,0.0028319899703182338,4.020587423782529,0.4629434544777256,sleep
0.4090154308772763,0.3199068052762149,0.04858078519180715,0.017912158511822634,0.002571069342018373,3.9417219199234412,0.46628130925915945,sleep
0.48230549842048176,0.20051912672257113,0.041984807343644626,0.011806094322369249,0.002092486476379497,3.6250365572470313,0.4317096838863904,sleep
0.43265757656609904,0.25763607541009703,0.05293335379068569,0.01300386390758706,0.002951856363755769,3.809092766174705,0.45267984239872916,sleep
0.4408593066373984,0.25127329351666516,0.07148236331727038,0.019114771402836506,0.0030997433013644827,3.9579241415258997,0.47344833309515255,sleep
0.41152412460690935,0.30246157566456205,0.05429393974627392,0.018397450094155745,0.003531105324291004,4.065958848875044,0.4712939573450431,sleep
0.4461256365874009,0.27906797652755544,0.0465228825904068,0.01543581189842664,0.002838204493835132,3.6789608129321834,0.4602263864783062,sleep
0.5030260656789085,0.23403659631013538,0.04363003381550387,0.012623373559846437,0.0026425690669959873,3.412459929862805,0.4421507566428663,sleep
0.511032946524563,0.23084587699767264,0.0513432594167674,0.01477805801610723,0.0022920944747956196,3.5139601730412355,0.44665854854903486,sleep
0.47357601321549786,0.25221251386667315,0.037066560935346486,0.01063445248819992,0.0017811332906736686,3.5687448683737513,0.4388220968400122,sleep
0.3947429607654846,0.2884036404561377,0.047735486080651625,0.014999201594661693,0.0031481042649559796,4.002861095394817,0.4599208343485162,sleep
0.4584764343886091,0.2584549205856438,0.055084532170264454,0.017967190267003757,0.0033677673789013936,3.886954459580082,0.46051092694138085,sleep
0.43111214389332986,0.26942307798316273,0.05224765183502671,0.014390451153072073,0.002580438890291245,3.814540936836149,0.45910400339043334,sleep
0.48352036528214226,0.21502330510522324,0.05992039753399685,0.013397921422172963,0.0025914518107986676,3.7590669997826893,0.4513544801786781,sleep
0.4757292851404876,0.19704595015023754,0.05029161375398806,0.013406140756872712,0.002383866850382858,3.6773795382280463,0.4402009267289086,sleep
0.4649322660622166,0.2195061335556509,0.05080524042911408,0.01694786082897977,0.0027223282678146814,3.648280475198857,0.44364314577645264,sleep
0.332380329926623,0.31165536222658397,0.058219499240304236,0.01669264918220973,0.003073462151575466,4.168778045644309,0.45972649126565784,sleep
0.34345030251617015,0.33312465999801355,0.04468954167918281,0.015392186756749084,0.0027817390091038736,3.9315083303732137,0.45260849298328404,sleep
0.4109662369458548,0.2935730803767046,0.04163603408831167,0.014286212539676896,0.00253659656788843,3.7068698021600244,0.4536016928121583,sleep
0.445562200113899,0.2797447015792915,0.040860339174404146,0.012096271802140656,0.002440160562953278,3.5812781799255604,0.4425308838458026,sleep
0.43423427779377227,0.2679790769052116,0.035056012942445355,0.0129975622603055,0.0025089796872485247,3.645888021244118,0.43616431868909433,sleep
0.35734141686976406,0.33928012347911984,0.03995928078284875,0.01350846802842437,0.002231863284236797,4.001354473890319,0.460967014766044,sleep
0.41789641900129476,0.2902570939443222,0.0363404968405103,0.014774904377080029,0.002331522669599702,3.7488455877654348,0.4524427033186426,sleep
0.44012436674675776,0.26680507878047327,0.040987837550288314,0.014924292620858674,0.0025814900220716562,3.69638195085561,0.44187399590842785,sleep
0.4849540692661166,0.233191389842782,0.03561748255306164,0.015347714905786162,0.0025463433865744118,3.4875094795585797,0.43872822790072763,sleep
0.43404698030202976,0.2596064831247181,0.050212954967219316,0.015741418531994494,0.0028804036656348937,3.7055114772497904,0.4589638064295292,sleep
0.37067134000572544,0.33493137062168243,0.05056638385922531,0.020149557102912354,0.003544765693598238,4.073461563506408,0.47146236384157736,sleep
0.4489810342322199,0.26150674755820325,0.05037891302571069,0.018556411704713137,0.0032227783585496205,3.722262590373681,0.46570228770791183,sleep
0.5460044784879072,0.21674901415908532,0.04211738590822269,0.013402777598354138,0.002010342697605778,3.298278487591041,0.4342476568121406,sleep
0.34559661602110625,0.35165921868973304,0.0499350001694197,0.016695016855028284,0.002841521526214724,4.104512059309786,0.4716841702345058,sleep
0.406741507523916,0.30082102476415057,0.02898004500116787,0.013172331242874764,0.002417515970061271,3.6352188687437197,0.44340429630646166,sleep
0.4752006643012717,0.2495616424799714,0.034324888446392116,0.014548401485229918,0.0023296897333045037,3.5023786403849253,0.439349668197102,sleep
0.5143041272819173,0.24226871133903113,0.045281928625202,0.01292715205170236,0.0022132693728557666,3.471534939496666,0.43949993636523915,sleep
0.4718260780130962,0.26575852084727963,0.04658717403562659,0.013563767880487023,0.002492254174035923,3.781248232125526,0.44585306185610285,sleep
0.48748523096781327,0.2242690464269416,0.04696658240827971,0.014929915490268791,0.0022741831815576226,3.7024795066882232,0.44111238943241093,sleep
0.3849151986984659,0.27627754648311054,0.06402953605987646,0.016291619588785923,0.002430007620357467,4.099323579142268,0.4643236814390177,sleep
0.4135198064272142,0.2858706001443587,0.04477329162167324,0.014055262931321602,0.0026701450986324894,3.838641796777931,0.44936492718023285,sleep
0.39022999429233507,0.2896973276393905,0.0673675537407148,0.014282412421756714,0.0023348065003477867,4.092528764383661,0.4722452494279054,sleep
0.3167187453966985,0.3494015329110198,0.07688178151827663,0.017304011856526545,0.0026733345740657063,4.453729550978,0.4827233080973451,sleep
0.35124085965177154,0.3257533815536446,0.054276863420912834,0.013762080765487343,0.002156015624640315,4.156533075133275,0.4641981487020993,sleep
0.4652329908952699,0.23618765182047813,0.046949746589065026,0.012975503835221417,0.00204084451473008,3.6745815140378912,0.4457513597085977,sleep
0.4543639126112772,0.24132518772003714,0.052010289423712684,0.016213264527883905,0.0024147778058438148,3.905818320369101,0.452687712975598,sleep
0.45235209728213005,0.2338202502193217,0.039336477443029726,0.014329150047100017,0.0022613058537952467,3.5983223326984826,0.43761230562261094,sleep
0.4480652063033117,0.2328647001809739,0.03874431669146051,0.013545928068062605,0.002213439725706804,3.5443442433160364,0.4406339179493886,sleep
0.47689213682843096,0.2310675196163416,0.045276342444448045,0.014237212199372887,0.0018771877005048698,3.558963228361851,0.4411697705139955,sleep
0.4909913967686219,0.22494753145681598,0.047932347568872,0.0178602201648452,0.002875628612109134,3.4987569721206118,0.4476577780457247,sleep
0.4394067067422914,0.2659627977306324,0.04325128049815772,0.01326966857853145,0.0025251838496954965,3.6281407363235836,0.4488799404313304,sleep
0.442153176281698,0.26914634520424574,0.03830029014036717,0.01670045968235005,0.0023590429120554433,3.761961153141188,0.4500653305120353,sleep
0.42060612928352403,0.27704510222321505,0.0424179639208565,0.0182231806763487,0.0026714354709226184,3.707276856786351,0.4511658607595009,sleep
0.4284494285796685,0.2621896333538418,0.051300719631676636,0.015897444300723002,0.0028169831895233028,3.7098452139245985,0.4568433987655567,sleep
0.4248452936606477,0.2533415638514204,0.050314216626137796,0.0134764883658567,0.00230533531583308,3.5511348330824735,0.44197481075309036,sleep
0.42522396436553217,0.26524914185042003,0.03993884318971791,0.013515675671072671,0.0018536912737667792,3.6255893980195872,0.43857578690278753,sleep
0.47256140009153796,0.2418653006316998,0.03651357728672536,0.013179704179399593,0.0017912698280427208,3.5647352718755116,0.43047019602639514,sleep
0.537457483884436,0.1760843082836432,0.03834353177146767,0.013737962344330798,0.0018500224427092688,3.2704447177053946,0.41380800624529174,sleep
0.44907050112306657,0.22327762518693908,0.05386201928821744,0.01609299843630549,0.0030448616695886496,3.7169320642079047,0.45195005401456906,sleep
0.4693900402944813,0.22406708856468713,0.05478811497860095,0.015352156772735456,0.0027388082675805754,3.6260451998621686,0.45061556782728746,sleep
0.4450294965898996,0.24640273579618194,0.03251029683723932,0.014158849255715976,0.002413274740715228,3.596204026292004,0.43755084489137147,sleep
0.39423855168159344,0.2850809072388373,0.02801305606622207,0.012764958529236644,0.0023263344524871855,3.654527558591855,0.43944481442716954,sleep
0.447491128113254,0.24319925558434982,0.02806266326154806,0.012974702350590332,0.002003078405816948,3.553500993293091,0.42137183966578584,sleep
0.4584132703181295,0.24156352427737576,0.034795388716973276,0.013048252923342945,0.001831332359104065,3.469436314497924,0.43141447851562315,sleep
0.512552025268931,0.20599639605692524,0.03327211752503665,0.012605432985736128,0.0019071844506901839,3.3728751767252136,0.4250762828042993,sleep
0.4811327357497416,0.24003018626714734,0.041769334224239875,0.015654419325740906,0.0024934049899956916,3.631743078866729,0.4412099937109218,sleep
0.5976990677567577,0.15723766314461074,0.03109510979134566,0.011075502969029772,0.0021333342600057415,2.909799545016802,0.39962480501407144,sleep
0.5076133421327425,0.2466953087022278,0.02663124839019086,0.008764834622036513,0.0014655941634422786,3.0971099561195117,0.42196682963019216,sleep
0.340125657843623,0.39303500642701655,0.04819638062053834,0.01458095817010755,0.002156047833319049,4.003115915648488,0.4641166933841575,sleep
0.41330682562563964,0.2953742985408193,0.028005052675615878,0.01207461645208867,0.001656346788877502,3.7047038578052423,0.43788725894456054,sleep
0.4557408681764889,0.21491679361421226,0.03083791760067219,0.012970878479018635,0.001875212134501496,3.451598385849831,0.41731460452715546,sleep
0.41648987995364084,0.2534801045367902,0.04045724722831294,0.014358998466232634,0.0026832829664393534,3.80372565489669,0.43481456456663126,sleep
0.4948009994673609,0.2163168521346824,0.04479947938336824,0.015290206953339682,0.0021928164357557407,3.5726448036553724,0.43753821486587663,sleep
0.5308133011513216,0.18591075211373487,0.0443780111858942,0.0153033833719774,0.0024361479821040947,3.3911178612357085,0.42896470324122554,sleep
0.43366292274222634,0.2581038809364086,0.04330954804587081,0.012943618883610999,0.0023146722336643837,3.620306930308985,0.440818817042103,sleep
0.45718434161956206,0.2511545666538302,0.03809468188510518,0.012120719375453734,0.001957854332592115,3.4047433926061452,0.433166737079516,sleep
0.46866592102737925,0.2412800097763486,0.034923259359123764,0.016481753716419415,0.002148748231277318,3.5917182942120394,0.43882593405098186,sleep
0.41603750634118275,0.2788011516088128,0.031982744076334946,0.016813467771360394,0.002405734353263779,3.689258964989853,0.4402478748774497,sleep
0.46057212287668986,0.2340940065550015,0.04220906461332586,0.014724218184220947,0.0022999970085325863,3.5397508312951924,0.4430895718674205,sleep
0.44893652814054746,0.2191598493113185,0.040580353456981307,0.011806261708552002,0.002000678374556394,3.5440011520055235,0.4249076992393896,sleep
0.4809636012432689,0.18453708040462233,0.041190141724814,0.012543808410677038,0.0021265297617479428,3.650689557795233,0.413754319517928,sleep
0.4964095738397475,0.19311928168777726,0.030923201788534138,0.012076047857827283,0.002173941946444526,3.386663639572852,0.41671307799704865,sleep
0.46794341623557484,0.21552144560102,0.0297099094518097,0.01220647814660472,0.0017916590818359665,3.393715968921088,0.419778806028862,sleep
0.5029617002071258,0.22489649824725494,0.03891233507426669,0.015293403975296316,0.0025774305377618064,3.451806553237438,0.4355324404041131,sleep
0.4589143540150836,0.2607993830396394,0.03448665169760993,0.017154626778912958,0.0024009056242361737,3.5564863721472326,0.4406131128414089,sleep
0.39220994251199287,0.2855490655618159,0.02797244858287442,0.012336878850859238,0.0017824001036638125,3.7984320502978903,0.42525121119388226,sleep
0.49267648936526737,0.20144198653285902,0.028222827325434775,0.012550285812740293,0.0018724388321966618,3.3967032350854143,0.4146425242315292,sleep
0.5192416656783447,0.1964382336755365,0.026892331736499398,0.011321394168344257,0.002001515289518898,3.3214442206336754,0.4087159772671959,sleep
0.47410463806652187,0.23963760456261526,0.04359340560790545,0.015039637764113488,0.0025296859363303447,3.5394316026260704,0.4378703805234415,sleep
0.44806571707917187,0.24978812381713464,0.04076011942655632,0.01526619181222726,0.002433159729580246,3.5544490012078516,0.44131240631908564,sleep
0.4292884838607062,0.2673391400950461,0.03333527852005615,0.014671346258539142,0.002440149760219094,3.7001161396550315,0.4413122874803952,sleep
0.45609216387414453,0.23738129386894743,0.029360869596640554,0.01256261323674996,0.002324855970838727,3.594741240365273,0.42704219314871056,sleep
0.4972939272704007,0.22099699146801768,0.0418232065383602,0.013650552624793944,0.002250366271851554,3.40459470718938,0.4459086883435694,sleep
0.5122002067813952,0.2253204754937019,0.050210133490440324,0.013376464462746457,0.0021020988016492255,3.402199686738531,0.4404876626802519,sleep
0.4580967463200035,0.24173928249272475,0.053123031818953406,0.01160141183136462,0.0020233069388993718,3.6131153175938127,0.44412065632971165,sleep
0.43601929343193113,0.24333944455080186,0.04995172831850602,0.013271345240229946,0.0020565188421821905,3.7273614798778105,0.44941588018079887,sleep
0.42635778037354727,0.23051906825086957,0.05312015472476159,0.014162942939653615,0.002331865682229875,3.7080435811050916,0.44182184544937525,sleep
0.33325761484668476,0.29557920750638284,0.045494390462399385,0.01402351561001872,0.0024637740489208125,4.031933468269144,0.43421656425517635,sleep
0.4412142464270228,0.23949369426752848,0.03530246851942169,0.01334802925951517,0.002267438800895187,3.678749686391888,0.4292315380368888,sleep
0.5634698455170145,0.1856124041016819,0.027258464828167486,0.013508954898990998,0.0019329554680778814,3.1435791753757316,0.41351679731149876,sleep
0.570954620625669,0.17733785248378534,0.027680624416147066,0.013554886905009195,0.0020870291199277967,3.1714796568904293,0.4086362263145477,sleep
0.5019814200699395,0.23163053143621878,0.03873871713200065,0.01685407296107641,0.002309274827281666,3.464933549085681,0.43911764261356373,sleep
0.4934098070707153,0.20901950631466532,0.04108127772495258,0.018016999692762298,0.002326443209850968,3.5624784187608016,0.43978104397234097,sleep
0.5155235534997239,0.20385922562585862,0.038858129974027926,0.015683868426840514,0.002005831143802171,3.3004589556932684,0.43004259071678846,sleep
0.5027125577980679,0.2077975716918737,0.03917868640684269,0.014272374242138834,0.002422550560735454,3.4193803855846867,0.4347941669005874,sleep
0.5338936324066172,0.19548421072925773,0.04179854576803573,0.013433587346731939,0.002233972300116122,3.225623695963017,0.4319943351165313,sleep
0.5261785088651385,0.20100145805315867,0.039427972111998055,0.01322559877137167,0.002450093754104358,3.295586071399198,0.4344990723692165,sleep
0.5207920028343516,0.21244916463090205,0.04450974506282209,0.014401413440131187,0.0021873519217392914,3.384558103636766,0.43990866887005386,sleep
0.49358591207897956,0.2321819358349531,0.046385897190914176,0.015072513805052415,0.002537716257213496,3.476393793491723,0.44909312945213137,sleep
0.4896735213020333,0.21107997681950236,0.04324198154533118,0.013863551802391487,0.0024601326851486915,3.561820135919874,0.4334794240042421,sleep
0.5312247711461223,0.1833624045688411,0.017546378240392013,0.00485571205506947,0.001017695237231414,3.103162154318398,0.37380377632039635,anesthesia
0.49585823034178533,0.2138633071550499,0.01704889505019676,0.0059850886682264876,0.0010425297722914104,3.1326463277341383,0.39228095298854637,anesthesia
0.5135892566423915,0.18489168377058393,0.02212282788368184,0.006865356636298835,0.0010821704928876323,3.059730387785728,0.39171372992909204,anesthesia
0.6039198257663757,0.15494032768584803,0.020262243542987047,0.006450913002484503,0.0008603600974842324,2.7111994607708554,0.38087969536187627,anesthesia
0.5183589330220069,0.22192371057106913,0.018980509066175832,0.007149857812981786,0.0009472921491241567,3.0329956646725162,0.4007607338920783,anesthesia
0.5880207206924599,0.16014752557104517,0.025574362952725922,0.007445633565649283,0.0011827225882216966,2.9329426057851626,0.39060478616837857,anesthesia
0.6002676270457891,0.14621295575169976,0.01587324550849843,0.006417783575298402,0.0009733160498340358,2.871365012798682,0.3670345650455102,anesthesia
0.5501900674706109,0.16459686684136304,0.019739109066584378,0.00809538003307518,0.0011230552356823837,3.077782802591413,0.3814537529135447,anesthesia
0.5894963547729329,0.16681080453376188,0.023048335570728218,0.0073268357307762514,0.0011741628739044287,2.946722320675877,0.389694334248073,anesthesia
0.6006878214897431,0.15400980073246123,0.022564382282150183,0.006305028430957053,0.0010557794436708392,2.8499587708837955,0.3852047865877977,anesthesia
0.5487547841224985,0.17983854858655257,0.021972304849335284,0.006193715136404066,0.0010131986594401603,2.9552095744420135,0.3855742467687484,anesthesia
0.587158116827006,0.16624656014408148,0.014305947519027125,0.005396621808928112,0.0010194284860424745,2.768137778134828,0.3777759725776313,anesthesia
0.566791846634194,0.20139530597752173,0.013589723243702816,0.005945904329166914,0.0010077359318964442,2.843577149526446,0.39171750795782534,anesthesia
0.5335068834951502,0.18257295567606333,0.01592675916977185,0.006596865831256562,0.0012553946522056436,2.9844359049048563,0.38588745530968965,anesthesia
0.5660015253385007,0.15998751263984123,0.018962026763486323,0.007756145308949974,0.0010995927622593367,2.9639624987050763,0.38219980869539766,anesthesia
0.5591373414912296,0.17097255079776377,0.019758252390445374,0.005907979293284535,0.0009409441909392791,2.974193965805591,0.3817638943051067,anesthesia
0.5452205669853591,0.1728896562312346,0.020444253681187324,0.0063653378151215445,0.0008705931375026299,2.980102960535574,0.38330106261746255,anesthesia
0.6027864960219231,0.14279808765066176,0.01936915439125798,0.005946173830672038,0.0008663569204567224,2.859452769101783,0.37278563245026336,anesthesia
0.6237631788351211,0.14014587201153778,0.02016886554477428,0.005940737353865443,0.000826934130219586,2.7326620474634145,0.37456903395579383,anesthesia
0.595610508538609,0.14241756503209824,0.015796213605254024,0.004261328065210163,0.0007275844799299735,2.7257077529702323,0.3718386650064062,anesthesia
0.5016566381313494,0.20339541750268986,0.016734364079147704,0.00569589682293002,0.0008205494635789752,3.0295570652542376,0.39039887993565797,anesthesia
0.5463708333080246,0.18074694570562203,0.015462585884837805,0.0052349480456655665,0.0008945015954402311,2.921629402097065,0.3838626975290551,anesthesia
0.528974526221183,0.17325013024781052,0.016095577622257867,0.00454454688177268,0.000748629671403815,3.0455751637835946,0.36407562139298416,anesthesia
0.47206412580761115,0.2184193075298472,0.025594558555451504,0.007264220822271492,0.0009586131577960892,3.269527629836147,0.3988476970029153,anesthesia
0.44682472263219686,0.22922836433395943,0.016949192398571705,0.005707653803556864,0.0007423755403397576,3.2794961478690823,0.38258002150204656,anesthesia
0.5467857475991821,0.16628732887957942,0.014286829751643458,0.005874012869239221,0.0007701779274679315,2.980136958938891,0.37149884317903126,anesthesia
0.5251143768116244,0.18792358233787712,0.020135557269893176,0.007492470901859231,0.0010371024781789377,2.96421422962915,0.3937873518878317,anesthesia
0.5959442756689532,0.15470686314512871,0.023340463987604313,0.0061596866741587385,0.0009001359808187743,2.7931294815433416,0.3760249669928898,anesthesia
0.5234885935155016,0.19548775575643468,0.019921953909222308,0.005201937669401162,0.0008847806123284396,3.1022725949545844,0.38066820732904366,anesthesia
0.5215936665932411,0.20277571441885806,0.022889371096906506,0.0054577391587301,0.0009233067124397375,3.1886499169665714,0.3851469995599673,anesthesia
0.5766630996928713,0.17376831632026468,0.017573465294844774,0.006469614048746138,0.0008802265712681661,3.043799012626579,0.375517442718351,anesthesia
0.6353289959045769,0.14378498443528473,0.018270473277098635,0.005965834908914826,0.0009599680065664627,2.717624932481917,0.37117934884040726,anesthesia
0.6197655481561393,0.13266011584625303,0.015350853160204353,0.005579199904511599,0.0008680979894716491,2.7144365007379747,0.364456838358063,anesthesia
0.590722413493771,0.1353288994720885,0.01595630980189952,0.006964656416533702,0.0007442718581430372,2.8109766279523614,0.3711020597864086,anesthesia
0.5780383310048546,0.16405460696102594,0.014753533504402205,0.00638198855446058,0.000769916120430691,2.7738945412090197,0.37539324835756444,anesthesia
0.5637390033825326,0.20039169382067387,0.01605168778074209,0.005135847992577466,0.0007284742118465882,2.785953892707134,0.3864713602555713,anesthesia
0.45921356556004495,0.2567693038662387,0.030436219845769604,0.007684526020327332,0.001269058363695476,3.2692576691767083,0.4154481083830963,anesthesia
0.5860304641005964,0.17290906769977862,0.017809893079189537,0.005846843910306015,0.0008657478281771335,2.7702763846785556,0.39315997075087533,anesthesia
0.5050842797141379,0.24791062762837032,0.024945894650029183,0.007045381528938381,0.0011898646705947229,3.0598830239525925,0.4133605480543897,anesthesia
0.5803967988399409,0.18619932952811027,0.0183904797579572,0.005323821057838478,0.0008145869771249109,2.8568392345461944,0.3818883183998555,anesthesia
0.45806040264120773,0.21102930709913958,0.02270778625527106,0.005845776009162812,0.0007837899951467435,3.2187819524337353,0.38502425911301735,anesthesia
0.4636347209948953,0.1995822906807416,0.023325183016822716,0.006688418661777978,0.0009661325753988025,3.2029454753210556,0.3817167797377329,anesthesia
0.48940192214694883,0.19975506904204837,0.021890015087969006,0.007103035924522783,0.0010385363560916913,3.112160603201763,0.4003110110657894,anesthesia
0.5633019814831254,0.17402880130027515,0.019436366160501924,0.006473773075621814,0.0009974655632131394,2.7979545660809544,0.39541434190322877,anesthesia
0.6573204945399798,0.1137496495083988,0.023710040206586843,0.006664727807104691,0.0011052257738426007,2.6254074377012064,0.37148845473937336,anesthesia
0.5217417438558032,0.1822504363858194,0.02390052523280481,0.006314226767041123,0.0009538808052715192,2.890121744325292,0.39107537357029404,anesthesia
0.539983113096179,0.19194866421454165,0.023058376027322164,0.00646938474377897,0.00101484068564707,2.984313470484528,0.3876503830139405,anesthesia
0.5903351658315751,0.14923951848532174,0.01902181110742387,0.006061521829713182,0.0010916943167208184,2.853493592389234,0.37563991007352393,anesthesia
0.5912184124202974,0.163539681963653,0.01895623666655297,0.006945407494066671,0.0009085516146800785,2.8611408450774585,0.3825996123509661,anesthesia
0.5944730167981046,0.17822115865043486,0.019531067111704027,0.007358946608075629,0.001046897958795205,2.7990988598842597,0.39074219380224395,anesthesia
0.6264163097995639,0.1428350469786591,0.01727419748332,0.005252329673867494,0.000875535783234503,2.7376113599024166,0.36366863549033657,anesthesia
0.6049953250377245,0.16203066510927686,0.02233496360609683,0.006516313125979038,0.0009469509652468491,2.767752393503895,0.38512736402562636,anesthesia
0.5680762474077385,0.15100127189892273,0.014333382932940664,0.006283711484600157,0.0006599125432438188,2.782159207689735,0.37500200355501534,anesthesia
0.534630435766694,0.1895752837701723,0.016201168090864287,0.005348799945995468,0.0007393074896182266,2.858515851366997,0.38721184919596,anesthesia
0.5457044031350992,0.20564983860843708,0.023420002161723418,0.006484592951146022,0.0012180864555040257,2.8331964382104693,0.41065860486093403,anesthesia
0.5336731729527503,0.18506596799160047,0.030197060177355576,0.007405382336970094,0.0012661825930994773,3.0773644708353793,0.4058160805383016,anesthesia
0.6132571710262132,0.15565340643352757,0.0230879529654834,0.006036444983238522,0.0010184674881302802,2.6948804323868,0.39180780453866526,anesthesia
0.5216596976686371,0.18685375572549984,0.028596340627029315,0.006908626393388508,0.0012822808309838315,3.0261860462481733,0.40996333865004875,anesthesia
0.5203781102026533,0.18769186436090085,0.01806601487596994,0.0065655579491926954,0.0010330956849503158,2.9506883144216984,0.3908663662427373,anesthesia
0.5701826425103662,0.1757387193365709,0.012515500733611547,0.005626182992596176,0.0008571731234267895,2.792632417163315,0.3765935028560706,anesthesia
0.5370306465429233,0.1870704957874223,0.018529472864401885,0.005880120889191318,0.0009730893377731472,2.9524271019219817,0.38863510126420386,anesthesia
0.5317168916773389,0.21046278434745871,0.01509244403886788,0.006122102365248356,0.0010209504301382285,2.788040335748942,0.39455678405432265,anesthesia
0.6445683425557928,0.15468848688970657,0.01182012757817967,0.004351610514318007,0.0008646503826770025,2.5319449091077257,0.36749374494306675,anesthesia
0.6254987706863956,0.1388613965621509,0.012656460334344026,0.004256455879443766,0.0006042236945139081,2.657077820507179,0.36503792000360163,anesthesia
0.6676148997696317,0.12303232059550696,0.010375325134170875,0.00449916290269967,0.0006447862768277713,2.4767048327810683,0.35732409756700684,anesthesia
0.6506979390012301,0.144009394355959,0.010510093952873719,0.0047588719224306115,0.0007219437571160815,2.4755744074362194,0.3651316031228299,anesthesia
0.5063680000455246,0.2106139853628491,0.010184124813146607,0.005027799348784732,0.000674561385379747,2.9349637839384197,0.3787655940808082,anesthesia
0.5795718327286026,0.14129844863345228,0.015394565374826131,0.006670069048742597,0.000678683231491179,2.8182099876693045,0.3714417081985109,anesthesia
0.5380304995117418,0.1763749951770388,0.013501422871460507,0.005097667141713351,0.0005836945520311606,2.9136125868004883,0.37466812057140664,anesthesia
0.4849880850521664,0.18333446749188334,0.014525524629652597,0.005288748160599296,0.0006316476307154373,3.0607507341544262,0.3651826728577583,anesthesia
0.49800571733749854,0.2125358365534956,0.0160521340524808,0.006149399867255473,0.0007000632737276989,2.96630775480363,0.3932490396058386,anesthesia
0.5655097285189371,0.14363652174074082,0.017130786748747708,0.0048844814330672275,0.0006352753636847673,2.915881731472267,0.36543703633682545,anesthesia
0.584339950276975,0.15211705886487997,0.015553267725473881,0.004894055504341885,0.0006443451962538665,2.7722104162255095,0.37452781121397594,anesthesia
0.5241583668741143,0.20643273106156473,0.012542809697928361,0.0053637708804810235,0.0007951561537082418,2.905374438200996,0.3828131851555045,anesthesia
0.6097933022959517,0.15526741141952788,0.018785173975113017,0.006459527825967392,0.0008495175224470641,2.7495082682553726,0.3795249895042358,anesthesia
0.5803583395279459,0.1856354657866049,0.019155697899949437,0.00600496825314964,0.0007797969964838991,2.86989000310071,0.3832407352136533,anesthesia
0.5210844635757756,0.2109893172387101,0.014979960206068708,0.0051942287923542945,0.0007581812537996087,3.0135754448641463,0.3790961233803189,anesthesia
0.5446910556347033,0.1843837238363397,0.013655443241272066,0.006059358190933268,0.0008272758738497391,2.914131486382389,0.3840013384922683,anesthesia
0.5868832665345102,0.1687541955387181,0.015189287198614728,0.007503614882248322,0.0009507149341619305,2.798129675636695,0.3854656315454466,anesthesia
0.5721677507641442,0.15232130638435476,0.016329614926287858,0.005729489249673106,0.000741569339401525,2.8152650633291985,0.3779479379563369,anesthesia
0.5612773832478647,0.17477203978680453,0.016173136244863065,0.005728949739539452,0.0008364930510470148,2.8461609749324475,0.38232691282674935,anesthesia
0.4803626413379063,0.23679556037775343,0.019867452772560846,0.006534514613553647,0.0009341645964159133,3.093326386451001,0.3997219164922569,anesthesia
0.5403554763472576,0.18923808910112633,0.01912712478346512,0.007066400495695798,0.0010421410509167195,3.0952895985567017,0.3826273314536241,anesthesia
0.5892486926140825,0.15784874561383405,0.012639749507513861,0.0060496364083555436,0.0008344565498409361,2.7911304663383447,0.3675216053206101,anesthesia
0.5861661459696664,0.1806192441174284,0.015396503212496146,0.007356582512250606,0.0010120318378960603,2.790028324377122,0.3836365916297451,anesthesia
0.5523064684966489,0.19755724629558666,0.012957511683253396,0.007027103730095912,0.000877537996875666,2.8649311671703366,0.3767304525504234,anesthesia
0.5185453886516564,0.17084771716789307,0.017817969821797716,0.005511574979684326,0.000721443176554972,2.9763618549670885,0.37757425887025636,anesthesia
0.561546154223987,0.15661728672944214,0.016327142907624884,0.004813880731803287,0.0008039056180863559,2.8561800881321133,0.37806131748215843,anesthesia
0.5674839321209094,0.16068535538320045,0.0156489285588192,0.005905933495351394,0.0008037893533801025,2.7661028126766882,0.3815455596909464,anesthesia
0.5995549453834313,0.15635281344875626,0.017373280596430084,0.007236164852025657,0.0009419769108377212,2.738982801373727,0.3791935935866416,anesthesia
0.6087401100670212,0.16010371277749702,0.017476896096821577,0.005857275036257162,0.0010540788441418902,2.7358013087317485,0.379745237535088,anesthesia
0.6099055135313797,0.14876304682841757,0.015203776094598108,0.007067112240154387,0.0008365290698196549,2.6837854653916082,0.3798031854537329,anesthesia
0.4764726957034815,0.21678645070562483,0.021812668189385997,0.007425384898104512,0.000856313790803722,3.2562741876177044,0.3937099604084304,anesthesia
0.5376680007559052,0.2000958426773339,0.024405121571070065,0.00648234663612236,0.0008027115386831586,2.9590903693283632,0.4012970569294896,anesthesia
0.49011036284763076,0.21219278799588442,0.01796456306094764,0.006856434178562458,0.0008866736399822604,3.0645332022327523,0.39766978593677277,anesthesia
0.5055514343274196,0.24318092960484153,0.01663202412644497,0.007013704713126384,0.0009192474831471038,3.049697941120562,0.40729255395665753,anesthesia
0.6251267416849746,0.1396842757074906,0.013980111865722077,0.006375582212473893,0.0007449159033574487,2.645779080742654,0.36883609432665204,anesthesia
0.5922628976493669,0.15647705045600022,0.013900788929899299,0.005765134049803846,0.0007620469474623224,2.8314735418759547,0.36760568533730886,anesthesia
0.5096042060046346,0.2112377462094794,0.016843192847939156,0.006395796454914021,0.000962952282446611,3.0785197411980363,0.3891358469195631,anesthesia
0.5599362781043616,0.18238338303690332,0.013799940113613397,0.005321229472989693,0.0009875558117339988,2.8862784193721174,0.38011474855541005,anesthesia
0.5989746240576611,0.14828646153516553,0.023450203350173077,0.006236329012458034,0.001197942980747589,2.9002689502634196,0.384342466879466,anesthesia
0.6401350210834599,0.12321759819915952,0.01820700770671654,0.00695310640400041,0.0010956996457497778,2.608515063347345,0.37584101712443957,anesthesia
0.6134047669772386,0.14418250072110478,0.014575015064797366,0.0065172989398655425,0.0007706042183804788,2.670995602881026,0.3762555257005076,anesthesia
0.5069815800336007,0.23815775817324905,0.015500130791422954,0.006742382545707666,0.0007435148480029092,3.013031723299408,0.393922594863074,anesthesia
0.49074463001874685,0.2286562333630932,0.021069590340600606,0.006943061283060632,0.0009554325523790512,3.0572928068150826,0.3953645192934662,anesthesia
0.5525125837152463,0.18724252817786807,0.017227735913878186,0.005111185183474981,0.0006962896284601547,2.8919823650010263,0.3857261276770957,anesthesia
0.5014272242240699,0.21625690672040973,0.020840929841904863,0.0067805202304886784,0.0007845304827196525,3.0495780325721316,0.39819611205941,anesthesia
0.5292362238933853,0.20054861984367406,0.01547970253726072,0.006047057658179499,0.0007961048842013742,2.8824862861244682,0.38585810637716317,anesthesia
0.5264498567866813,0.17745024199995857,0.013807405484646722,0.005740717257232821,0.0006130228360482807,2.9288086257912314,0.3697502534529693,anesthesia
0.6188171691238419,0.12953039354400203,0.013334650265542031,0.006156147056887492,0.0007199009891713599,2.635749124514778,0.36738593991094426,anesthesia
0.6720449059614435,0.12067302410365902,0.01038364526711803,0.0045856573502354265,0.0005412033609421752,2.515515138567158,0.35522787610441137,anesthesia
0.5973443926114989,0.16586801569570825,0.014403411556931174,0.00574096513779823,0.0007488183557041258,2.767974769647024,0.37944139772555896,anesthesia
0.5456060099196132,0.17257080733130367,0.019616402485896134,0.006008663471383346,0.0010298528838088086,2.9901385335134254,0.3887058361736329,anesthesia
0.5648865212336917,0.16822339787786084,0.01806418463135315,0.007501627366153571,0.0010241170208811843,2.8453446463513954,0.3885588448517465,anesthesia
0.5886012003408445,0.17696443387702654,0.0198009873827241,0.007448236053061688,0.0009175257398876628,2.9658535703842563,0.38630154380840404,anesthesia
0.6582017501883257,0.10452756279394583,0.015279907130928255,0.005760635840189649,0.0007752680713402058,2.6493607748355266,0.3550261921149894,anesthesia
0.5269326386195999,0.18474100200717336,0.01436121311317642,0.0061449414598949235,0.0008192683804095195,3.004201146961985,0.37604234684432625,anesthesia
0.46158657933646546,0.24100922084517507,0.019891230107002285,0.007635426042713005,0.0011398221681833797,3.197137013497337,0.39687260172374333,anesthesia
0.05172297882361744,0.09576235589569887,0.2459983354327171,0.38221769805337147,0.08512280865605182,15.456882555766919,0.7237145176978984,awake
0.04262143583833335,0.07267153639142769,0.23733029838856842,0.4151280561849601,0.09938915996785923,16.43433505163533,0.7303249784572877,awake
0.059770681318588634,0.0810921899921796,0.2656289302634858,0.36906928342252027,0.09150148268260691,15.243948220005473,0.7228726305057465,awake
0.06199198780877943,0.08314649107850176,0.22847787298873107,0.40725211964002445,0.09264609880387276,16.040520200735305,0.7336415673753183,awake
0.058689381955170414,0.06268663886201778,0.22413502029823956,0.4314749021234142,0.09369966628977663,16.650521407023987,0.7343940290459153,awake
0.05610312222796605,0.06620853783812493,0.2431711760845903,0.42024638711418555,0.09119063276105548,15.836384281466094,0.7315172826248219,awake
0.04231681969653179,0.07396164046950046,0.22001599096239818,0.436840047701362,0.10221529343669608,16.466061604030088,0.7354688088051925,awake
0.06775055586051704,0.08391655748084152,0.2093683092005894,0.4086293181063394,0.10187762820396738,15.946183937484966,0.7365650609554442,awake
0.05501160060814779,0.09433322260033664,0.17479502035946795,0.4421973662659299,0.10482867515574164,16.46433768231651,0.7440596165374319,awake
0.047175610987166806,0.09037970917458997,0.2525293507585272,0.377793102501975,0.09649334876351282,15.843381165675483,0.7294953368292294,awake
0.05158766306698498,0.0707998296884885,0.2253975433331542,0.4140860219830838,0.10238122015912979,16.378170884991974,0.7338338191372566,awake
0.063325350403675,0.0821457041955411,0.2214033544540148,0.38691012776023376,0.09848766565910254,15.728263341104435,0.732457025728078,awake
0.049932752442466956,0.08824590243255297,0.2558554567947576,0.3905493822733236,0.08904964764097853,15.931741542971936,0.7283206559738896,awake
0.04709994965189094,0.0751775862988017,0.23085360509921743,0.4197851090900738,0.08943398912290981,16.161902641267204,0.7313000563908276,awake
0.06034576139370225,0.08821422498084444,0.23806571811195715,0.37752849423410967,0.09119133940613203,15.33467722596492,0.7292030944333738,awake
0.05155609175689045,0.07468600658517759,0.2676528445858999,0.38675908598391,0.08139561824233349,15.35457657030252,0.7169765327241032,awake
0.08008341910295279,0.06701321285478273,0.2755369474223433,0.35323851095858283,0.08769042482011509,14.921462698936192,0.7181631268095718,awake
0.059889469097495006,0.0730850072330284,0.27398937465507095,0.36390188986691385,0.10266419905116984,15.697348346509767,0.7233146628660443,awake
0.0504324244231087,0.06686180812117795,0.2649645570014557,0.3887635067896784,0.09421259350944756,16.00059200513911,0.7245349169417269,awake
0.05342945832980298,0.07012551292146768,0.22447800991281344,0.4090951039820206,0.10372446574014182,16.46677081572417,0.7362711716065162,awake
0.042311289213310344,0.10352723640547529,0.2110180934173618,0.41866311206361284,0.09604937393179698,16.348675755063073,0.7353686003730047,awake
0.04831629612444877,0.09219204997117456,0.23170774908612823,0.39335714272548583,0.10446770087513826,16.42997917062923,0.7339209810710955,awake
0.04197325383314818,0.06054073472078757,0.2732993896651454,0.3867318820213907,0.09650507656381536,16.09360319827808,0.7222883687867385,awake
0.040311291665822396,0.06385622854073403,0.2650961242213584,0.41088010606011327,0.09077788121016793,16.056983260832098,0.7217553945103493,awake
0.04319216278299776,0.07473887262901174,0.2176089081251792,0.4385324020172318,0.10293176413817501,16.63538291930869,0.7358940015153796,awake
0.06923485664455088,0.08948444101563291,0.18660221863768647,0.4090735689279662,0.10811568705826813,15.914608971667489,0.7419553665471605,awake
0.06305070889969125,0.10464939545769317,0.1784545532811028,0.41283723632987335,0.10126283044501863,16.056504460479918,0.735102524427023,awake
0.05557524112051995,0.10033995830561492,0.1795187198686369,0.408328744608892,0.11485402309757728,16.410728131703767,0.7419064100998402,awake
0.042880683444144585,0.07160725834539013,0.26390517268474245,0.36966938391630677,0.11481813048691845,16.16746333599078,0.730791866104583,awake
0.044521640087584094,0.07228676676309008,0.24759022133776273,0.40337238152836025,0.10335482352184724,16.43842145310088,0.7339981720550343,awake
0.05192872737655558,0.07790548313383881,0.24038332215876654,0.40432496562601045,0.09454454706351977,16.15567813711081,0.7335628199902463,awake
0.048088206123526454,0.06714685414417182,0.27382659246863505,0.3768482745735254,0.11460391573847363,16.390595163595346,0.7261726533553724,awake
0.04811441516238179,0.07431578606628225,0.22430264709979492,0.3952815870748282,0.11756752091862532,16.45516810425439,0.7332064007108148,awake
0.04083071952546575,0.0947228218769988,0.22737462115187324,0.39361797692243905,0.09984132423227195,16.287982685708187,0.7311282664778513,awake
0.061220511750811446,0.10188342217966194,0.18086853309756118,0.4307143624155684,0.08633763657301176,15.658056241414933,0.7372578393644303,awake
0.08272046154960684,0.09406070399639124,0.23443307738853922,0.3612247120306769,0.07738084915141595,14.492605070539756,0.721525772338277,awake
0.05767262855170854,0.07765784452208324,0.26027684250080524,0.3547245457040012,0.09673076045334547,15.292075945761892,0.723035318369217,awake
0.051793418581054254,0.0713141485411009,0.20421647596816586,0.4168727359808055,0.12600044627576953,16.76036123873633,0.7434898020718708,awake
0.046970372232571236,0.07658686755296226,0.2358094925987195,0.4201670688805051,0.10801831353621492,16.538587882227702,0.7386042638417827,awake
0.05252852756751088,0.08690271278616934,0.1967752653673121,0.4332931413336694,0.10785729236249378,16.485044802252254,0.7437366932771626,awake
0.04294551251205913,0.08563816406584496,0.21265770903367376,0.45661226372939023,0.09203416788177875,16.372415880722393,0.7347254000942733,awake
0.0625783920723602,0.09476682635906498,0.19403203056775925,0.42483099426902005,0.094257439449294,15.872150557940902,0.7380924908511559,awake
0.05574661735485243,0.1037447085114869,0.23866080493343972,0.3634139825430878,0.10430720017993826,15.552948719813987,0.7340036762515354,awake
0.06335185456462768,0.12160714457452361,0.17251220746742532,0.4268609555384069,0.096701696056408,15.818305151120772,0.7382491814117439,awake
0.05865730992385554,0.09019245271718516,0.2049807162971868,0.41373375503952836,0.09707666877844817,16.20888720775871,0.7347923874645527,awake
0.053103454758754776,0.06701245860298287,0.22793360549662697,0.42898970938401515,0.0985311345193493,16.43779714862838,0.7297530846347565,awake
0.06470550728598069,0.06908886058661101,0.22721144221908943,0.41606123672955,0.10803270966761389,16.381761994291733,0.73547762079472,awake
0.04331773467916035,0.07268229857475449,0.3023866086674967,0.35979403833399815,0.10548372566420976,15.919551965582867,0.7200177429825818,awake
0.042601620146914605,0.09390488738880114,0.24430828122700216,0.38592090100622223,0.10417739259673461,15.983176341897204,0.7347292232006627,awake
0.04615572406415139,0.0700906525902543,0.24740199180928313,0.40597563429640754,0.09934098826994894,16.348653098816325,0.728770126313812,awake
0.04755557842748345,0.08176646126927613,0.2620593530403665,0.39401853222627653,0.09637984482776063,16.089924974276336,0.7286057591067368,awake
0.06094472181947473,0.08715501018953269,0.20730387374572046,0.41064213498593183,0.09768173690902514,15.755617679593513,0.7400459035963994,awake
0.05165309083263024,0.0656251890112539,0.23216048854007099,0.39994092777014,0.09676569177509006,16.233743757834883,0.7309538123120356,awake
0.04855356510486479,0.07537796933675124,0.23519966566063752,0.3877461492181321,0.11308760151700886,16.391415818954382,0.7342120270410244,awake
0.04649086777441359,0.09134400732092386,0.2390475918756408,0.4097935400333261,0.08958266773556359,16.29816476353141,0.7258092910122458,awake
0.07689775417937292,0.08497054515681145,0.21331738141389064,0.40629111142890717,0.09216750547117457,15.937441642982689,0.7376804209049002,awake
0.051182878629232,0.08166590195147377,0.22945621446870118,0.3907047427506167,0.11517431103224374,16.467464680448593,0.737718343016123,awake
0.03906183457085499,0.08719328109266579,0.24473324762680673,0.3766648645429999,0.10141339005267214,15.905868874663293,0.730057880673392,awake
0.053247661778602226,0.078502607344296,0.23500880444975908,0.3898483722429525,0.10509381854753817,15.615123063611028,0.7331808147943112,awake
0.05448609586959265,0.08957267423114233,0.18319944518170306,0.4358885039333844,0.11646488535942899,16.745068906963397,0.7433031953230483,awake
0.06431997117302737,0.08435339630245449,0.1585218841131636,0.4644420482365268,0.10319749230047362,16.666171166451782,0.7426709074742057,awake
0.07022032050002336,0.08693519482400582,0.16636333225006011,0.4318344652172204,0.11767125992939553,16.87281239393162,0.7485646925655619,awake
0.052749124396491,0.10995328269777505,0.2260022334685243,0.3894989700378913,0.10780373361905762,16.127670676985872,0.7373336140674609,awake
0.05984142660213143,0.10563970339429928,0.23293793737702442,0.37652339080644787,0.09510817762361268,15.368952106149505,0.7313334742842286,awake
0.08028836481767908,0.08763435457545071,0.1925760976722877,0.4074573672342648,0.11142990678802546,16.15107628988777,0.7441996625602212,awake
0.0664695149179408,0.10191140781459887,0.2100266023193261,0.3968215204644076,0.10237815200718323,15.670115098452467,0.7360043881458799,awake
0.07366435817760866,0.07998918733950898,0.1852016690563486,0.4300264346983662,0.09213776569118971,15.808535662087545,0.7383635909558904,awake
0.08532092820743416,0.0783940602417595,0.18451238340566273,0.43312047967799056,0.09196961432627851,15.850525856957434,0.7396122506100965,awake
0.062342983729985764,0.081530944965349,0.20875274192373736,0.40897827077250837,0.10542503415968968,16.355201158531333,0.7400340225332007,awake
0.06404397909056564,0.08041742873026426,0.18522832033257894,0.4217893366271949,0.11426921774576829,16.466913929920718,0.7432925303797931,awake
0.08529366181779428,0.09411394431346018,0.17151657165265652,0.4017149830400464,0.11125354215535913,15.953481476049312,0.7414861233149924,awake
0.04914458625986416,0.08326399749501678,0.2010076989221137,0.412857618539859,0.109324929963423,16.781960353977556,0.7387936698146744,awake
0.05060203336321313,0.07240988235574004,0.1942734210052561,0.4278590204925748,0.1211772692117369,17.053564142388083,0.7411666019980963,awake
0.05428033138146177,0.08517165240017768,0.2006558345312984,0.4163137855050028,0.11749209350341676,16.6107989517828,0.7438471543251841,awake
0.06767117025851489,0.08214009539627379,0.1615777721323891,0.4276845326319825,0.1412289287899008,17.30035563859845,0.7549195389036485,awake
0.05408039326257541,0.07571691565186349,0.19234563499062415,0.4549824691457942,0.09851084634675693,16.743737953212626,0.7411460632303629,awake
0.06834982265127897,0.09037698218775132,0.198100016247762,0.421998725417678,0.0966885905470199,16.01513928763179,0.7404133310951613,awake
0.06374604131839974,0.11194982645885118,0.17371620000138563,0.41116976573197095,0.10674544790194264,16.061954341516056,0.7461978890726784,awake
0.06415626993133357,0.1091689231069032,0.21514960692255353,0.3666982335116648,0.09940254206911073,15.521661333770226,0.7352588401500462,awake
0.054643367839895006,0.07406310091310442,0.21402187333961567,0.41244473808230636,0.11186264108917351,16.690068722759463,0.738684523267964,awake
0.04353893063827231,0.11392727764048025,0.18959716987699693,0.42078938958686113,0.10318667342347362,16.32894055010689,0.738360970622101,awake
0.05599213589919914,0.09876649166820609,0.19212469032649804,0.41812932620633764,0.09454435170902144,15.75725338255227,0.7347087898466556,awake
0.04900577394090628,0.11038427221783582,0.20372338967244694,0.41657154394323764,0.09185627292748515,15.49032001775779,0.7332961407086291,awake
0.05162360729712531,0.10516225710712669,0.20366762051775134,0.423364078144746,0.09096892920878241,15.513806723700922,0.732743859622137,awake
0.07845256828300586,0.08054153511864247,0.2210453221132902,0.3839130284984809,0.092530480140408,15.176315772651495,0.7302141056298384,awake
0.08865029703018684,0.09678236218655532,0.19457364844909578,0.3687468404631143,0.09013987168777095,14.832214894347723,0.7277785602796722,awake
0.05357146907623907,0.09978213560783573,0.2450888593869981,0.35540613210457234,0.10132642933483846,15.338408641882895,0.729337652166745,awake
0.06095614271239744,0.08568214226759255,0.20088850314474596,0.41328256412303266,0.09989154055900756,15.871215233626748,0.7381397715865031,awake
0.06647822654648976,0.06518392206051303,0.1932025439407742,0.46113608990489124,0.09385681656515224,16.38783586285782,0.7393819095926935,awake
0.05111208144450661,0.06866652674508546,0.2325200825595332,0.4353162715482937,0.09357158597242657,16.52604115888407,0.7351363066353682,awake
0.04824675916883032,0.08703722616680185,0.2587862379925828,0.3804516363870707,0.09519818085568621,15.955813276844195,0.7293228344980055,awake
0.04461636245965932,0.08540260816043306,0.19553724056790225,0.4444830265818372,0.1038879209397472,16.562853331497667,0.7405450714011959,awake
0.06086204895633605,0.07628810950013117,0.1640110727910974,0.46490456041334743,0.11325238580773551,16.899245801219745,0.7491542805112026,awake
0.07108522263484253,0.08652302093180489,0.19321672842724497,0.40151339083922905,0.12469618130099698,16.443391671962004,0.7462922300013309,awake
0.08113371641828906,0.09558477664412703,0.21363385860374373,0.3651202268422557,0.10013891340048837,15.260629988463101,0.7334838611482537,awake
0.05633400316051356,0.09164287182918875,0.18548472945753824,0.43840089107221925,0.09017615129937566,16.12648285534945,0.7376018613137048,awake
0.06857209506307792,0.07506641323713092,0.19305445806130014,0.4277764639185402,0.11473997661105748,16.71117144005495,0.7437533978303823,awake
0.05541588759020126,0.07774009307119731,0.18711157421008448,0.4371703977648987,0.1187533284680028,16.85294413359002,0.7460663633207181,awake
0.052834774710218566,0.10109974518182474,0.1881298240230547,0.44495301055151537,0.08799131347243001,15.790723579246757,0.7363489253376836,awake
0.07122786279001421,0.08430167992846424,0.21467599323280703,0.414394903552039,0.09678152895651114,16.01361225302543,0.736577188274983,awake
0.0524787185303884,0.07849908227650172,0.21438289342156608,0.44723944040454505,0.08844451195635855,16.370677716394173,0.7299644858685937,awake
0.05060894265730781,0.10781141386918683,0.16561077177537942,0.44137843262381976,0.09953840812722786,16.154073593139216,0.7371155641335025,awake
0.06167517617507259,0.1080986131492648,0.20848132227906288,0.4154326979769311,0.10054219153102281,15.926545016313105,0.7311586067055634,awake
0.04691086807650189,0.11201222506637247,0.21549911433326305,0.40893880790376574,0.0957100620492707,15.991816517897648,0.7353939751880522,awake
0.053404647739980576,0.07849559274733953,0.21142984852610547,0.4258190799853903,0.11413669931655039,16.945117965424515,0.7410490768674678,awake
0.05629746954694903,0.06681364958337381,0.2492771758487432,0.40936697785881826,0.1009648780734713,16.30707181860923,0.7307970375919295,awake
0.04701484602603699,0.08626438397087693,0.23045993461674577,0.3901791962444968,0.11887659642077822,16.6326128485799,0.7389253711849213,awake
0.0440907928684789,0.08262761265862885,0.23777237734571052,0.39592409832219344,0.10063808572242008,16.204492218726706,0.7313892729342271,awake
0.044356296398419245,0.09401875898353405,0.20792930811999893,0.42946312642466905,0.10556246879430838,16.496745807223032,0.7390403574923614,awake
0.05047782070146936,0.08958790835527917,0.2071617679904125,0.4210118889413374,0.11131449817606882,16.446284973149563,0.7371661233511324,awake
0.04190351681497561,0.089074486728071,0.19983768200611945,0.42941518557963704,0.12295920351831073,17.07001289946303,0.7413721685545634,awake
0.04945458731618135,0.07213178663903265,0.21991836302536974,0.4291916849252257,0.09495202538025804,16.325120810547503,0.7333952386846241,awake
0.05047981952851077,0.09309551863377916,0.21545937220085268,0.3876054508894806,0.11261163469471935,16.158176149085786,0.7392454590016402,awake
0.05056887430633153,0.08116857559760945,0.18656434778418995,0.4296916347412753,0.11406381369986855,16.8265929675982,0.7460209168792036,awake
0.04882062433320282,0.08676726361703924,0.22270068006710064,0.4049481574510768,0.10544285353768942,16.192238303348304,0.7369816859511565,awake
0.05236613383887843,0.08650668153347191,0.2013523255994335,0.4357327953350386,0.08839490407001804,16.194581684480855,0.733828481096515,awake
0.0534000871838083,0.09942730583095624,0.1787497125213675,0.4497654152737607,0.09864050919617316,16.204665160400985,0.740894387574931,awake
0.06591552554572284,0.09557221236322634,0.23526191452643685,0.3985476521509718,0.1043238961453613,15.6914896963699,0.7368306563598105,awake
0.5390236380731772,0.203363032048223,0.032721563363528175,0.012523670158012958,0.0019065165915938815,3.3342441802160607,0.41499309944795776,sleep
0.4666760589765151,0.24539480986206855,0.042004411966109136,0.020463846270827313,0.0027546210972398625,3.6410650729917515,0.44970720540810577,sleep
0.41353900592714,0.26688906192535605,0.04210253099353041,0.014437596581163848,0.0019620172481632212,3.7440808376179913,0.4480803430045414,sleep
0.5020507069532744,0.23985689674267158,0.036160805648965025,0.014379504151569505,0.0017992690536121228,3.3450180169487007,0.430399436266702,sleep
0.5038723729415561,0.2149100418867922,0.0475770730085499,0.01713011349558613,0.002998013796247432,3.3960697416158823,0.4441181304053806,sleep
0.518411433249549,0.21415911777303048,0.03800364318178201,0.01863621827457165,0.0027351471318961046,3.320589123213798,0.4368052540401639,sleep
0.4949086623733709,0.22090209472325165,0.042495354223722435,0.019813270670814162,0.0029064736719845,3.6319744600224273,0.4483479117424489,sleep
0.46710037789766634,0.251019251878451,0.04447047285049172,0.0164693893621954,0.0029548411684838243,3.7474701170558777,0.45169179148849636,sleep
0.4440446032450149,0.2569596309592811,0.030755640369618687,0.014947680274804984,0.002471398570408709,3.584496501164949,0.4368394495889065,sleep
0.49602206254085046,0.22713733144066067,0.03610453379037428,0.01521861764654833,0.0024117152723459995,3.558177814892578,0.435127230265929,sleep
0.51900418108039,0.21437582527305518,0.04101906924207846,0.01633210590384099,0.0030404688370352807,3.475316186573809,0.43923816860050463,sleep
0.4892331564518295,0.21286248516840192,0.04336312741332366,0.02204396562698555,0.003393661427736207,3.6585514983967102,0.44592087090974897,sleep
0.422976481424587,0.25227821062635875,0.0541341478965781,0.022415081484724174,0.003423259743893729,4.07432736680932,0.46747512315979317,sleep
0.4310748349133962,0.2630906481781922,0.05340896442360363,0.01732226307749587,0.002548247032291345,4.064698155975146,0.45999304963141235,sleep
0.4101418567264032,0.34261714792150866,0.03476945628829157,0.019872625777645914,0.0030324214436096056,3.9274476404506746,0.45946750740531395,sleep
0.3805844162073465,0.3009257512003399,0.04734663925579543,0.019978063199770347,0.002956872192538575,4.012035436529901,0.4664820368515975,sleep
0.6069199730202501,0.15338595198218014,0.043712869427420094,0.017262361372412043,0.00284203661137053,3.2090936443576963,0.4196500095291319,sleep
0.5063779157425099,0.20385575341674947,0.05435131717266039,0.020105196248120214,0.0029184711147208007,3.6798471774639276,0.4540056792402397,sleep
0.47010911213844453,0.22383103184663847,0.0492735932849523,0.0166191610231158,0.0026363831722443914,3.722152059483148,0.44790274538946295,sleep
0.45617613726609874,0.24403093267307038,0.042999105827027845,0.01632303157785213,0.0028726399729926233,3.700187932732986,0.45005572094147206,sleep
0.46995152740639334,0.20347046817122047,0.037225123882834305,0.01439398042817656,0.003063371533741031,3.6539723781949216,0.42700959146537687,sleep
0.47265404749925993,0.2457858755482917,0.04144629732634449,0.019088671746459198,0.002996719321949319,3.6370143854333903,0.44828310997098375,sleep
0.5077706983540726,0.2135834610905119,0.03434001443078483,0.016808035428874563,0.002167192943511067,3.4329257299333213,0.4330702497929078,sleep
0.5197513910586687,0.2270877257255016,0.03114910011187847,0.016043664284178482,0.0025211590149075715,3.3305644898064513,0.4336833615203856,sleep
0.4448954087758919,0.289523235477845,0.03159893101037293,0.015007767939376719,0.0028367046288231895,3.623795013921578,0.44938650109854833,sleep
0.43670653714953817,0.2563691764209465,0.033067356110101045,0.014595383769723925,0.002524627831485916,3.724359839705784,0.4376070408938941,sleep
0.4807543667197315,0.2537165010799022,0.038905308916500306,0.018306107171018483,0.002462193994231178,3.71017761390451,0.44575659150097746,sleep
0.4894527532267818,0.23411775012503352,0.04748159988797223,0.02140929420060905,0.002961645746919181,3.6317164888960236,0.45032546904132387,sleep
0.49533652254685717,0.22358925866682353,0.03297906729400273,0.015293862806992752,0.00211117188135373,3.346901151687489,0.4313370118787442,sleep
0.4831598602284314,0.23852302482575716,0.030256858691410315,0.01677497319826192,0.0024680077402896884,3.321025730879632,0.43388715282469137,sleep
0.45747018641063253,0.21212376896654092,0.04028030812608467,0.019279880926718656,0.0029745277643690275,3.7546449735441283,0.44907325312676555,sleep
0.3795973763296306,0.3212228433139811,0.03465932440293527,0.017588367215575426,0.0031684777513722897,3.983299534326388,0.45630487237960715,sleep
0.47609741209253914,0.2548865726165042,0.039999804576712816,0.019341001531523478,0.0032509235014419836,3.757940151798466,0.4539839153354253,sleep
0.5302260143303431,0.20081376225058745,0.03706939958011341,0.01879260092075013,0.003468700715181101,3.3823297277319893,0.4385723436460966,sleep
0.4429115402532743,0.22605366262274415,0.03911512514762185,0.017329032460581484,0.003429721418022649,3.7067806645293757,0.4424008895925233,sleep
0.5049643801365589,0.20109253360302237,0.029778000244283207,0.01455589979240152,0.0022677692633452417,3.2825404601773336,0.422035047195714,sleep
0.49030537990935863,0.2098844406810235,0.03510007751213826,0.016693099820873292,0.0025737736473224883,3.4252370942622647,0.4277096716343788,sleep
0.43956885485369374,0.2588874030696762,0.0503716216954644,0.02378147089655568,0.0032565118294111176,3.864890505996114,0.46671795251208853,sleep
0.41615777532807546,0.275127939994815,0.05082610709901126,0.019400038673702238,0.0034464604301005343,3.997059723373387,0.46905384343980633,sleep
0.4835457698319721,0.22894461052534398,0.04648818269793077,0.016499336264266095,0.002825406911860549,3.65078739924944,0.44522598635357225,sleep
0.5011622560709186,0.21211757449828228,0.04888985654406977,0.019417046995556818,0.0029881293046696788,3.547926213133666,0.44582377763870074,sleep
0.46602398410736695,0.2167473173491207,0.04817043588383832,0.02109098205745231,0.0031975087419479228,3.596423707606051,0.4520410990596094,sleep
0.520685074823344,0.21619579333087147,0.04073778947744711,0.021693226929236083,0.002724850679838299,3.4428652447084667,0.4454406377446864,sleep
0.4033055523658561,0.2916469939356952,0.041034612553200005,0.0217272889881907,0.0028966606660975995,3.9783929949654615,0.4630627062655754,sleep
0.4990692487887031,0.2260478884618601,0.04301933719702877,0.02214398985004877,0.0037400027974986995,3.788296522163329,0.44853843500550444,sleep
0.47925833134179463,0.24861450547071287,0.04308647533481932,0.018400381695365023,0.0032442666930097477,3.7464191516125167,0.45266548664444184,sleep
0.40975833191000594,0.3139049892389432,0.04556160770644412,0.018670811315626975,0.0030834596910940828,3.900356341972,0.46387935750517434,sleep
0.4829716751216423,0.24990679834983076,0.04182937271101668,0.016519430995235482,0.0028151923899363412,3.5585926344485466,0.4438994806431558,sleep
0.456533119657142,0.24386618704147928,0.041559974052119385,0.014392247405887276,0.0021504001932267773,3.57380481947177,0.4444629230432253,sleep
0.42844989671405925,0.24886382996013495,0.052361843569088316,0.021624453963523124,0.0034662593946151125,3.6816830679660266,0.4615091625376592,sleep
0.5400561353512625,0.20332205842489182,0.03173701948429368,0.016531678288011057,0.0019253000228349392,3.197721081703417,0.42143898628160864,sleep
0.4791061669913553,0.23717414928085953,0.0399074686446788,0.01835199852444636,0.0029786596954849355,3.7783922762354574,0.441425941789667,sleep
0.5913314945013354,0.1682354966803276,0.03442305052128036,0.01714031538756061,0.0032613024202160982,3.2223643533857,0.41964994278362894,sleep
0.5187782951166342,0.20961890638689126,0.042747018484709305,0.015270505093310007,0.0027374415897965408,3.3690979579802858,0.43793767900003977,sleep
0.5159198071850238,0.22161357725820402,0.04059797252730091,0.0175523471687852,0.0029666600589324777,3.4387128222497534,0.438299882503112,sleep
0.4702168593765414,0.2433056448240478,0.049677684925633896,0.022025856393121348,0.0031025781660678595,3.856077319797951,0.45766605758934314,sleep
0.4285550456813607,0.2619603291804584,0.041579602831761674,0.02072386217010515,0.003089348484568209,3.9135828744911936,0.46093179178544946,sleep
0.5118654666367882,0.20592939567548965,0.028748790678156774,0.012392119731493003,0.002225002293771982,3.3670716195942845,0.419559731596103,sleep
0.44295523098315354,0.2504217271183542,0.042266098521845985,0.018297031275598688,0.0033590570201572907,3.7334966390072073,0.44972631484274594,sleep
0.47255682423105666,0.2290375147858104,0.04151424079895857,0.016626446506792986,0.0030778965619358365,3.7123017723580123,0.4486799268583295,sleep
0.48413184533909087,0.2330453706196253,0.04738419544770826,0.014623436141708386,0.0029927160929680368,3.6430623600984395,0.45014994849463913,sleep
0.4984500438323975,0.21107608208738496,0.04559038156046396,0.012649487896141526,0.0024629954213818916,3.4252444462971896,0.43539593644737956,sleep
0.44574342417012797,0.24385543365017395,0.04025154173427275,0.015354716177200356,0.002333622967867674,3.54510613407346,0.4399344681027936,sleep
0.41640365963661,0.27446302324185456,0.034687556573816926,0.015375370728057664,0.0024393811406681646,3.651617120390209,0.4368237025926948,sleep
0.5343057056445365,0.19074098464711403,0.04375652732592177,0.014427983775122302,0.0024361401765685083,3.4809758381773963,0.4287040180515302,sleep
0.5214686733301268,0.18173316841925644,0.033742031372167726,0.011213838544257802,0.0018099111044822043,3.254969038964988,0.41621704842988755,sleep
0.5018476391963197,0.21397827514389148,0.033916482307215265,0.011987995162996786,0.0023206140172323413,3.3215789467327452,0.4321281083045332,sleep
0.43136367376806034,0.2817235223579361,0.03830708125828775,0.013221767287640603,0.0028528853570779235,3.8646636385192554,0.4548714858920598,sleep
0.4337512141586251,0.261735467525066,0.04770729744101218,0.015038827538431285,0.0031255629145602076,3.7861416739312017,0.46249789109316375,sleep
0.39661197929611053,0.3104170419845332,0.05197916615947497,0.01334779004298235,0.0029790628314042247,3.7940190015754367,0.4664105635089342,sleep
0.5303501686134597,0.2004286691180171,0.03650329230163598,0.008458242527461593,0.0018677560484750692,3.2451745507646947,0.4234925080249388,sleep
0.5739863555046075,0.18608439380756997,0.03379732935436222,0.012062216396355336,0.0027252553242044612,3.1037025924646664,0.41543217670905147,sleep
0.494892342557199,0.23399878155121157,0.044519714139046755,0.016211326669756852,0.0034538617855493295,3.6624944081323374,0.44368387802975473,sleep
0.4514064014437581,0.20372236205908134,0.06177931703749446,0.01472236340743144,0.002979295509905795,3.8092657732711084,0.44373688466784894,sleep
0.4602942861443126,0.1911441647889606,0.06914487039034589,0.023559341675520325,0.0031444408984466093,3.925920325669244,0.45895649340706207,sleep
0.478224163908545,0.22890518984826072,0.05413249805583874,0.021174734684186194,0.003586513053015863,3.851567416118275,0.45868265597305957,sleep
0.44736255154434956,0.23943893616344414,0.06112691389467813,0.018524118872833853,0.00318280555876741,3.9707415291791905,0.4605655551540124,sleep
0.46852663421029883,0.23640849430546837,0.0575785642741804,0.014139367537453658,0.0027007712784823477,3.7198898465471477,0.4472909349094532,sleep
0.555461579864469,0.19022659089341998,0.054437225483308115,0.014765411797418167,0.002980805456515234,3.505269794965433,0.4349047913402403,sleep
0.48854003070417684,0.2333000327549481,0.04401236750540633,0.017329984006846596,0.0030457583193712243,3.738315847204508,0.44601123137106496,sleep
0.42745890737775,0.2657102556519614,0.04748742767784515,0.01851218681856015,0.003377530505328377,3.949764938598202,0.46173335524236175,sleep
0.493865955496694,0.21127135640622363,0.023291145632900082,0.011353007073007985,0.0021179169445548103,3.499924008156183,0.4010136432357783,sleep
0.4568250947103607,0.23961974144387865,0.03582815327359061,0.014118277784940078,0.002236379724120363,3.6684334458233616,0.4336057715968118,sleep
0.45652727897403367,0.24615227096759304,0.0520834621744652,0.01677394953092282,0.0032369299448522684,3.616488613235054,0.45934493741358245,sleep
0.5140164314965493,0.22532626290176055,0.04062991970683204,0.014603452291281129,0.003215891279780226,3.3928993421345766,0.4379878623779863,sleep
0.4725148416869215,0.28337913083714217,0.033181553780455154,0.016486221127390985,0.002872158318251521,3.6109246225796237,0.4487102852321149,sleep
0.492563681908684,0.24719040826549474,0.03350546001673696,0.01359253102317449,0.002449506348214903,3.477389858513094,0.4333820232098143,sleep
0.5201503750145452,0.2071356417476169,0.036643243806419604,0.013168539936718841,0.0025707379914430683,3.262103899742698,0.42757009179332367,sleep
0.469358595904876,0.22391552160058015,0.03785207528261132,0.01500804643619861,0.00235719434199427,3.5270578568699777,0.43613059674404747,sleep
0.44958693761861634,0.2646840422712717,0.051750436917525955,0.019581448710552042,0.0039767119939763665,3.827821329165039,0.46489561848749406,sleep
0.46370563586910596,0.2603706080496219,0.043482489595006245,0.016509041625518906,0.0031729304166502586,3.697616121879201,0.45374534819963674,sleep
0.38808132025046604,0.24465244828636257,0.053278222555182206,0.017247516032097995,0.0030348920520979366,3.9849601188461743,0.4498607658697432,sleep
0.473986501707787,0.20477166797492338,0.045120197989078355,0.013275536416279161,0.0029356903100700195,3.609997133756733,0.4299882426382264,sleep
0.5788217419128603,0.1648557340460139,0.034252603118646106,0.01059451428864058,0.0027561296100997597,3.0316783874899875,0.4123885302466122,sleep
0.5682541542194733,0.16242857183595083,0.032140294212685515,0.01149512032400843,0.0025349527566735355,3.185318537445309,0.4069598358514501,sleep
0.4336216123894314,0.27164845976486424,0.04285794835668098,0.01867255681701329,0.003291968648901141,3.832522431762422,0.4552901516051776,sleep
0.3794538587315188,0.2917515437391101,0.057117450365078606,0.019956799630884193,0.0034002899024892785,4.108034282398628,0.47612328586443253,sleep
0.4315487694286755,0.23893634249566792,0.04939308101146091,0.018187474081654862,0.004003841573387989,3.9187382240947812,0.4530184951441296,sleep
0.4764900971274245,0.2118307079027195,0.05500287424532063,0.020546470488512953,0.0038785247298073707,3.6170863813443197,0.45654819228697985,sleep
0.47279724748937085,0.23460275585251816,0.04919007271242132,0.019427742951593815,0.0028663737750998764,3.5597115865820466,0.45235110151937846,sleep
0.4570850425869954,0.24369475274217767,0.0378285188428227,0.012270808335646676,0.002476375037752511,3.4871782156964857,0.4351858352828093,sleep
0.46733639198530263,0.2066953586100567,0.03637336951178341,0.01302750608439143,0.0023386771440704985,3.5083153789877612,0.415815720843437,sleep
0.4418781965033845,0.23422558057732593,0.06379323836575314,0.017825200307871398,0.0035061107479702892,3.957760214586497,0.46394824664972584,sleep
0.4807161430081981,0.22811823290410377,0.04411166974725644,0.01713903499182869,0.003028875639692494,3.5081802490623435,0.4498882393190513,sleep
0.44498132280162306,0.24311226870721375,0.039320408794934515,0.016371039539243407,0.0027486505199945097,3.641099207322946,0.4386481734391437,sleep
0.5038650724374953,0.20931798151403083,0.037067158869950295,0.013725043628574159,0.002405821879609976,3.386475880016642,0.4316054169656231,sleep
0.47290360724710273,0.23037295337700592,0.04159567601378929,0.015094180154287746,0.0027416907880658745,3.5178687057555966,0.4405607333014582,sleep
0.5130911707499536,0.20354703544965044,0.05249751994940295,0.02349822728661462,0.0033904070682670515,3.705264149933576,0.44399510377965673,sleep
0.5487240757474774,0.1885750674278762,0.04030867754790399,0.01739309067964431,0.003149549294681162,3.3444619176426404,0.43159836069956214,sleep
0.5248851743866879,0.22902994408790908,0.037372417731348695,0.01585874815249369,0.0028333965065425234,3.3611501397168695,0.439020366033559,sleep
0.45253924926491307,0.2643990850763778,0.04803863696565121,0.018921676985881004,0.003759515935484922,3.8818872822428965,0.46281332324926594,sleep
0.487915243507028,0.22620989190203167,0.05526434606759245,0.014982137717480104,0.0032920624656475788,3.630018096200903,0.4548371269837145,sleep
0.5766591502030347,0.1413782554271159,0.04253002367449574,0.013461647065756395,0.002394172606532675,3.2827545666453886,0.41076582822485375,sleep
0.5257644680730733,0.18836504185828223,0.048882104970382693,0.01613392558901224,0.002926918295321746,3.5748549098987414,0.4369903695364409,sleep
0.5562739713284881,0.18522408922411185,0.0424245531986616,0.01458720670718789,0.003100747346416401,3.3214839055996923,0.43067267703999806,sleep
0.45336561570880995,0.2156370965465077,0.05697590138272854,0.016004824757481394,0.0027886663175268086,3.7809145513563123,0.4558456061939232,sleep
0.41011999584424,0.2874877516557362,0.04542116461920443,0.01979191246241094,0.0027449966254831613,3.890052929607299,0.4557391856055684,sleep
0.41738257166071224,0.28794837293624775,0.04062780955746988,0.018558114584164412,0.00289291503713753,3.852874404561828,0.4583578626319837,sleep
0.5181180773773616,0.19647701699355669,0.0208426639269359,0.008509898993954506,0.0009256425430667763,2.9303528382039628,0.39663533892609265,anesthesia
0.5693122438653216,0.15273763029982534,0.016616225283017882,0.005886792559965984,0.0008722412645326548,2.847443805697168,0.3693528364829064,anesthesia
0.5074120011118367,0.19316318047742367,0.01585121742967166,0.004902318996024065,0.0008911120548721491,3.0301219277157805,0.3750416008662583,anesthesia
0.5913870529110177,0.16721179102977626,0.024868738492544097,0.007948085690346473,0.0009444154538180212,2.9273616391777435,0.38608078005569185,anesthesia
0.5634289504725559,0.176010977189348,0.030135719028382777,0.010347069517920774,0.0011775437981654973,3.066501269939536,0.40646951756082206,anesthesia
0.4852969821911625,0.1999708406855374,0.020417689445376534,0.009566974543611939,0.001313620725846158,3.235897364783668,0.3971302827561008,anesthesia
0.5440547169737838,0.18005238980906552,0.023181289231150436,0.008401391868350093,0.0011582424012218629,2.983042171669553,0.3952638559044816,anesthesia
0.6325170707015426,0.15128370219474782,0.02223493123888357,0.008321811838962313,0.00113932365748538,2.772224472240754,0.385194652111816,anesthesia
0.6842325481998611,0.13125920760740775,0.01982434507433395,0.008328376604653262,0.001196009797246824,2.4918456013667893,0.372259856676589,anesthesia
0.6012093824575448,0.13935464898269823,0.013083003248863107,0.004851207700761518,0.0006361338290315215,2.769996870160708,0.3638330797617014,anesthesia
0.5362880432838636,0.16088584126947325,0.015459509493154172,0.004754857077344987,0.0005821054119383816,3.033615326839907,0.35430925843741057,anesthesia
0.5506805273221894,0.21667719388935272,0.027865096411241894,0.007999145453099104,0.0010612820651733294,2.990098438763187,0.39972336322058627,anesthesia
0.5669715252240664,0.19293856156813513,0.020367613800287534,0.007251170353628374,0.000888393986358363,2.927650592226019,0.392553363130308,anesthesia
0.5182071345105248,0.19282528367556317,0.023734490388270336,0.008286530044825198,0.0011773442618324996,3.042904883313802,0.40159990365707576,anesthesia
0.5790802988898256,0.15108052436365366,0.018334189107728258,0.006981996587456551,0.0009865395581326974,2.866108780083758,0.3766472802030565,anesthesia
0.5123031934809016,0.19266750195509114,0.019450563597295956,0.007930470911949391,0.000978896407613093,2.994855817346082,0.39088213783552483,anesthesia
0.5571175027524485,0.1968011567758032,0.028848237306103315,0.011755610543268406,0.0014604994943997057,3.0734447839006327,0.4127955368450139,anesthesia
0.5643953794350164,0.18723264215315513,0.020730982794779602,0.008273041346688154,0.000928472023947332,2.9112664425457373,0.3975478856262628,anesthesia
0.562747266924269,0.15299208001301745,0.019908634188042052,0.0069644332960870515,0.0008487383398983857,2.971944807371751,0.37396805643473424,anesthesia
0.5287358418802972,0.16725917167243506,0.025068116846833324,0.010402534362668256,0.001121536170056844,3.2160780093191876,0.3964304170773781,anesthesia
0.569819813935767,0.16592415764990634,0.021170347924283597,0.0086370760093839,0.0014002459078794832,2.8382976963678064,0.39603422937288385,anesthesia
0.5982673395024123,0.1549102841144025,0.018339685292916016,0.006621945912736866,0.000968475240337558,2.7886064384603317,0.38224853429203615,anesthesia
0.5802527156414948,0.15416725453268273,0.0144275368024929,0.005747842656602394,0.0006532692539396063,2.8521830347097845,0.3705172601990949,anesthesia
0.5168027072324607,0.19052932882889967,0.021408949595459695,0.007182065670979103,0.0012879073512303359,3.081909811624755,0.399038384944351,anesthesia
0.5377884099374931,0.1987523943431924,0.023099922397599816,0.009924481156389144,0.0014626690683182664,2.9571949342915924,0.41011844366584194,anesthesia
0.5312961275234434,0.16782516626757318,0.024418066850055625,0.008799597406494846,0.0011415450604407888,3.237412297617696,0.38209331813363606,anesthesia
0.5881447930294249,0.15449073907611732,0.015688504976742727,0.00664008674469843,0.000762318469144267,2.8488720626062354,0.379203440904109,anesthesia
0.632169201222112,0.14716416369597168,0.017485532056891424,0.006553880148986019,0.0009522960515745135,2.7140799404680624,0.37766810467346884,anesthesia
0.6012067612284322,0.1629012592649335,0.01452349404990426,0.005244868518376707,0.0007459427318536675,2.7694370892958253,0.3779772996236719,anesthesia
0.5568945206233716,0.18418222421311423,0.014469897979690985,0.0066539735260635,0.0008653509195827622,2.865978414232524,0.3840317040911296,anesthesia
0.5932476869737754,0.14066299467044657,0.018517841785259864,0.006341791586672605,0.0008189365632005916,2.9105802675098023,0.3740241398140723,anesthesia
0.5525648268551407,0.16483087002380167,0.026528730311110152,0.008645344696998424,0.0010792201170670293,2.946706552704637,0.3913024292516985,anesthesia
0.5129288459655424,0.17962682857498735,0.020015696504045766,0.006548652519310147,0.0008854538754886814,3.054540342994927,0.3836120029302704,anesthesia
0.5750967191285628,0.15892446544432032,0.024355313906207137,0.00725003395789958,0.0010050415754387818,2.8558460330157427,0.38764150623058263,anesthesia
0.6076099342455678,0.12970745227290628,0.024584750195681928,0.008257628763439029,0.0010037729866682972,2.853423437983337,0.38536766903529823,anesthesia
0.583586682388962,0.15029953239364213,0.021038689948865555,0.0070103881413687945,0.001056978784064527,2.949841165234538,0.3866653010955911,anesthesia
0.583378865345214,0.15451218814636858,0.02375899413175596,0.008090923722229604,0.0010404460996863499,2.934018780267387,0.3880450073280945,anesthesia
0.6203827291780158,0.13183184199949027,0.019608279477780266,0.007651822867513294,0.0008540924096536453,2.7924776971714014,0.3721626099091131,anesthesia
0.5451621236228392,0.20957395455183261,0.024798671559827894,0.00992524949090977,0.0010884631680416286,3.185552970705289,0.4053948594129167,anesthesia
0.5869390905337649,0.1855437004072194,0.028637040462825995,0.008773563697964297,0.0008729422527724882,3.002393596585977,0.40446351186197443,anesthesia
0.5576450406700797,0.17778152151395626,0.023536264311189558,0.007734629730365538,0.0009121039526503228,2.9312153871640003,0.39698796630365846,anesthesia
0.6066897331394493,0.1441923504308373,0.01756356983279183,0.005690486596170058,0.000767466275393857,2.7592089121253407,0.3696773557934005,anesthesia
0.5616479017744753,0.1645613269895856,0.017119751093807787,0.004704952643958772,0.0007757201197764182,2.8373204802671403,0.37877465073879546,anesthesia
0.5936753076933763,0.1387139717496286,0.014983817064220915,0.005081147940607284,0.0007200611564023772,2.734797158196205,0.3722827346467863,anesthesia
0.4880229589988048,0.20784052977550016,0.02607766235373761,0.010373450369159319,0.0012627361009697102,3.3628775590845112,0.4115257211055784,anesthesia
0.5652170447488124,0.17330181057690897,0.032425759214158016,0.010956180003203404,0.0012234776806897259,2.881139991699172,0.4081315924266348,anesthesia
0.5387877452438161,0.17511080218830183,0.03646894523046016,0.010383339269181167,0.0014261144466417896,3.0369065776123634,0.4128206494711945,anesthesia
0.5667770030469285,0.18062382039361408,0.022762178715894203,0.00789275250042261,0.0009339903802391806,3.0009530935561144,0.39044707458271705,anesthesia
0.6472431374190343,0.13520194734420743,0.020118237114876564,0.005714313598701549,0.0006915299456588004,2.6512068493080165,0.37288501614918923,anesthesia
0.6359340887073175,0.13472248640336432,0.018223941402855492,0.0071503957780451235,0.0009107691048561429,2.7718550591964664,0.3706420125829495,anesthesia
0.588461832337906,0.140580967806455,0.01999309608642563,0.00674739758631687,0.0008906392702506685,2.8740876016355705,0.37416644212498085,anesthesia
0.5802047731799,0.15653219141080704,0.025103175455808844,0.0076573479588416165,0.0010045467739613744,2.7977040881378707,0.390089885818403,anesthesia
0.5307381024169595,0.18678427373540457,0.021222648780306674,0.006539980583354694,0.0008681810522318313,2.932612198132279,0.3910374848115713,anesthesia
0.48889676893766987,0.21295057260373867,0.024156536446787776,0.006794164216516329,0.0008919008665893704,3.261519600393789,0.39258299338225455,anesthesia
0.5811758303151302,0.13835498701769616,0.01772709692939067,0.0057615729492019,0.0009655234271980826,2.9588285519213344,0.36312483339157425,anesthesia
0.5836833334454703,0.18542003732044957,0.013959889994054939,0.005532341000377834,0.0008461876165873578,2.8495883465411262,0.3798239284842498,anesthesia
0.631048775803285,0.1459057981408284,0.018037368241084487,0.0050046140895538905,0.0006972230010992381,2.6516222270319965,0.3769467205416916,anesthesia
0.5478486705989831,0.17885700369734345,0.019898690924910686,0.006713384075226441,0.0009183054298579012,2.8982102891002817,0.39339492997376874,anesthesia
0.5216091123020612,0.2017812406336767,0.020375094758433975,0.006438071777966792,0.0010088453186773948,3.0290494119665556,0.3932525391456399,anesthesia
0.564910681391845,0.18813841529846104,0.016128302565738224,0.006285087119291737,0.0008880645380733789,2.826371190793151,0.39276212786787185,anesthesia
0.5788366406458798,0.17250512739529988,0.017651020948411034,0.006366598354030334,0.0010220460567294059,2.721414550274598,0.3824595512764635,anesthesia
0.5615692689160826,0.1706771252101912,0.01529784335813047,0.00543970280331569,0.0007189527378378774,2.908617453956106,0.3779298701950345,anesthesia
0.5669082574966999,0.1684620596969059,0.014016868695332703,0.006222294861338272,0.0009088325115589215,2.8580780706696016,0.37895011267332995,anesthesia
0.5043575983159809,0.21623695552531055,0.01601355288877184,0.00649659289757722,0.0009448471561728076,2.948225013885225,0.3874686739930001,anesthesia
0.483067642488574,0.2267426389568177,0.02057065521582721,0.006764966864465145,0.0011013643926242166,3.0900633908991804,0.40331904885821185,anesthesia
0.5238196368949924,0.21418626346097058,0.017536359948096308,0.005860521302149079,0.0010424775783314725,2.997036033878924,0.3957396297163965,anesthesia
0.547738629367305,0.21250927788977284,0.01487463840810612,0.005870219371844333,0.0010696426563132212,3.014182329002814,0.3881300358051343,anesthesia
0.5830812533487925,0.14599820321492565,0.012767442282433542,0.005212287411815835,0.0006635927152326408,2.7804613023492406,0.3608151724806635,anesthesia
0.5408961670197602,0.19719882143275622,0.01378956150643524,0.006219660786887446,0.0008860847422157512,2.9162244769163186,0.3904949087343017,anesthesia
0.4951740892677259,0.2299584442581106,0.014986273053607812,0.005223357856179118,0.0010088482594546827,2.9797250438728002,0.3977572935765495,anesthesia
0.4653062759620307,0.23670068889944834,0.02303954659470331,0.006985002586592049,0.0011772130573740312,3.144994436941288,0.4013059698325387,anesthesia
0.5806249119265438,0.17051875740366376,0.021483401098230978,0.008012437142029243,0.00142742475516067,2.8070896702616426,0.38924752599667745,anesthesia
0.6246582118429714,0.15366279198934246,0.033384299476290104,0.010422879507711928,0.0016778390483574498,2.8384772031566383,0.39576034422129897,anesthesia
0.5563429195348446,0.18083890034835692,0.023163953813064044,0.009815736559729981,0.0015948935061462376,2.9779461554513325,0.3964196001453511,anesthesia
0.5342959921190293,0.18499071045780874,0.01789262914862304,0.007295597194499069,0.0010743370837133252,2.8920377937013346,0.3848471904315324,anesthesia
0.5914766993904573,0.1485927445640466,0.01498682943164086,0.005575462955137346,0.0009506086413016618,2.7688380604498133,0.37860363088383475,anesthesia
0.5655050689264546,0.16005626430063905,0.01355259803269094,0.004658232894296302,0.0007434923882112959,2.839265074479274,0.3704842276354035,anesthesia
0.5992075294692889,0.15521375881597116,0.014296279838654382,0.004712525126195575,0.0006502778858887658,2.7055778925698952,0.3719049055436745,anesthesia
0.6331650111631256,0.14002815900794977,0.01369258451688449,0.00586136516232658,0.0008521821438283131,2.585438089380455,0.37031901802301,anesthesia
0.6020363161514403,0.17720188134252104,0.015911924119527538,0.008277854094337192,0.0011479022344697304,2.8443506604336393,0.38849599045409045,anesthesia
0.5983386935493732,0.16000052738262488,0.014692786543123282,0.0062014583817737775,0.0009121924223988195,2.6961536832291952,0.37489838753402327,anesthesia
0.5511646016181063,0.1769062522646857,0.014325167595516376,0.004835576021905069,0.0007849643274801798,2.8284887694527168,0.37453052252456165,anesthesia
0.5692701868340706,0.16238546309234844,0.017455995748814755,0.005641870138876057,0.0009745167128617117,2.8270365673257993,0.37627925517848215,anesthesia
0.5677184531334712,0.17731386382807499,0.019311784362101417,0.0061601408813130865,0.0008550373883927816,2.873867050490025,0.3888409666480542,anesthesia
0.6186805213572281,0.15854834078694616,0.013103213726406134,0.005693504498882573,0.0009213015113160466,2.5818510246461046,0.3746669654416535,anesthesia
0.6141570266057444,0.15912497582282126,0.015663674475043854,0.005950366165383434,0.0010244063016363679,2.6307281756525858,0.37819065534740437,anesthesia
0.486199321423884,0.24671903752182467,0.019802986704509848,0.006918129501922938,0.001126182145829514,3.1286009375912673,0.40904288370322583,anesthesia
0.5719100279795986,0.18053107059550813,0.013968071084824509,0.005022570870410137,0.0007328458471112971,2.768071711764902,0.3804028304374543,anesthesia
0.5922656049537935,0.15179791190484374,0.013449625774629116,0.005172421193978694,0.0008308305654605681,2.8079816850822388,0.3706722132036852,anesthesia
0.6259257204740419,0.14956292689753087,0.012327271629376226,0.00484442856525656,0.0008277292167350636,2.619378693247552,0.371888821925626,anesthesia
0.571290728061838,0.18682814018856572,0.020773156187977447,0.006782270812576467,0.001111974865265339,2.7695872524983445,0.3917478605006204,anesthesia
0.6013774535833192,0.1434250599824594,0.027742514297998233,0.006731764092468609,0.0012255411575343256,2.8419080848231126,0.38457951951136937,anesthesia
0.5850203469169982,0.15440663585037495,0.02603763471325048,0.0075137991548180245,0.0015336336643864607,2.9033849692088762,0.393795188225581,anesthesia
0.6244315398535386,0.14945971507926611,0.024041827228729388,0.0050879143330743405,0.0012716347316480655,2.6512375796717174,0.3892233536400639,anesthesia
0.64762722614629,0.1437611168946849,0.015115264419311027,0.004779211399821183,0.0008750026540134407,2.466678624482493,0.36842568242872126,anesthesia
0.5699142691167453,0.19284721511291567,0.01530466543206698,0.005910589552212117,0.000817495846804867,2.7487819781262974,0.3851108642118911,anesthesia
0.5320147103822525,0.2021336402456461,0.0189244649892368,0.006284945988891291,0.000997340139664132,2.96140508354039,0.39186805124174223,anesthesia
0.5257298248865608,0.21627229994001995,0.02711542974327932,0.00796546274284687,0.0013991191432393536,3.2160103628414864,0.4090759655671195,anesthesia
0.540801019409608,0.19429248343868064,0.02261702362106164,0.0067766911231587085,0.0010931616097652433,3.103927511407577,0.3915532347392579,anesthesia
0.5772247634757938,0.18456756983099623,0.014441795642280398,0.005335264008910717,0.0011185718849539593,2.781801692104802,0.38386163134364765,anesthesia
0.5797762185616427,0.16028147728708098,0.016971463496162534,0.005852839566764121,0.0009931965279507994,2.8086162480716497,0.3809050609233473,anesthesia
0.5443807063482938,0.19961121197498122,0.018414335677199196,0.0062753482701033494,0.0009707496007481582,2.963804077547806,0.39667084691690596,anesthesia
0.5631622164957906,0.178508960941547,0.016589327759676326,0.0057921808627286004,0.001026392310577898,2.936725799993556,0.3841958249268471,anesthesia
0.5782151734783074,0.1682119813197274,0.016563719068174432,0.005234370605291323,0.0010402230039421774,2.837330039882565,0.38309412900275924,anesthesia
0.5338132922279176,0.18292176015388545,0.01735670552166822,0.005998769448530652,0.0008773588830106631,2.9980473024200447,0.38624553858295824,anesthesia
0.5168434560471797,0.18529103322146037,0.017002024895518077,0.0070879005407185796,0.0008761343084225523,2.9836234883965305,0.3893128293610118,anesthesia
0.5244451473392023,0.1729686980628146,0.015595005867935748,0.0049097800001777344,0.0007293445483900199,2.93866037766535,0.3756203667535793,anesthesia
0.5628966845182812,0.1513186309656529,0.017027990051858313,0.005809442503213327,0.0008059063485939672,2.898626287328665,0.37192681846908193,anesthesia
0.5910244585473531,0.1555149197864561,0.014994507387163396,0.006651026176311691,0.000994897093587117,2.8670392102277535,0.3728517289938783,anesthesia
0.4980562184851801,0.19372754245310161,0.015549228452488423,0.006048285269054007,0.0010793952457760427,3.085938031779568,0.38204504397839856,anesthesia
0.5611705633890001,0.14525527573072092,0.015654006480261714,0.006593839360942842,0.0011718665060889552,2.897581953791111,0.37930207571940455,anesthesia
0.6403181065778903,0.11700323288115141,0.017073098248201177,0.005225357802878078,0.0008989431187263273,2.6150324678483137,0.3670063672212337,anesthesia
0.5896514362652197,0.16576164062614465,0.020186870775250526,0.006375728869881799,0.0009832523142360168,2.837041792882938,0.3867178989894748,anesthesia
0.5610844960877983,0.1778700785626207,0.018766453310132474,0.00647160161833569,0.001076196909391957,2.927626543726349,0.38322725316895556,anesthesia
0.5343678243924374,0.17852582927068852,0.014710773437510292,0.005274674306913116,0.0009118665646165327,2.9889957205698305,0.37576990170380714,anesthesia
0.5389340569230753,0.18472341750387125,0.018817205361515453,0.005970508402957737,0.0008865758006178371,2.960143065495918,0.3908866235775635,anesthesia
0.5658514267267594,0.15476266520898446,0.019777166940505037,0.006197503772261753,0.0011084923860428886,2.9243612963518517,0.3848791667929075,anesthesia
0.6151874181942515,0.15151772653876253,0.020194267759097682,0.004983347664519366,0.0009082896781451157,2.734614600500236,0.38277071001933677,anesthesia
0.06340329036279353,0.0794623616964546,0.21291769248277972,0.4024334424238563,0.09292744297983517,15.783042927541368,0.7339552850771852,awake
0.056651950009798474,0.08059112239439785,0.22746819825418943,0.41054659408186833,0.09223292645049433,15.787709670092374,0.7288911426777666,awake
0.04064381210042741,0.08515052110356042,0.25346661318526154,0.389014148495589,0.08599374919875173,15.69402084949066,0.7188246046340061,awake
0.044210614583619745,0.08405395531875326,0.2569261920474434,0.37330468312334897,0.10132731869770482,15.897539223354883,0.7222419317098788,awake
0.046806156994939764,0.11010383459746133,0.19359620914867043,0.39960178619326336,0.10493639948838238,16.01765996657993,0.7381893598784155,awake
0.05742454241801551,0.09841087667054851,0.18164026168262132,0.4329872214405709,0.10090196400589195,16.116901734022758,0.7384334644615441,awake
0.05227290619325913,0.10540092497635013,0.20331376245179159,0.4172724328185365,0.08980670259252152,15.673289176950622,0.7328679660730558,awake
0.03653168156642882,0.09639535141713497,0.2195909081260334,0.4253603662282862,0.09233481662113599,16.010699532081503,0.7316911606795985,awake
0.046596311780421514,0.09442119607597571,0.18449958184142132,0.44336474515250973,0.10567258356320412,16.60902838543116,0.7417422857215552,awake
0.05175242481653397,0.09688694436558183,0.16741308706740676,0.4564202233206867,0.09237402535904571,16.360710151068073,0.7404705554904445,awake
0.04249964242970688,0.09827531848798952,0.1755494953249663,0.45733931458597943,0.09776272981984722,16.55137557215679,0.7407008306162622,awake
0.04328566864434801,0.07232625873572798,0.26296064771314615,0.4138397116255543,0.08733308655142395,15.943914923587933,0.7255226513235681,awake
0.05380588711677393,0.07867001352735638,0.25003437645720433,0.39036920979368256,0.09829160510212812,15.86949068178865,0.7311324902476117,awake
0.05544403452277078,0.1107164783412048,0.17186574771446253,0.3980948449034934,0.11779926004372386,16.00529787627808,0.7440406237805153,awake
0.05626092603241527,0.0955502752524393,0.23497225838964023,0.3846346501437263,0.0936349875509841,15.53068638671434,0.7325424758000958,awake
0.048873763238387324,0.083526199018849,0.27853521094029915,0.3757302727787627,0.08805709238130738,15.498865083252248,0.7219122339425265,awake
0.03300608138768164,0.07170829591244733,0.2877752276858523,0.3907558188465564,0.09314986571820501,16.03241322850071,0.7182133891927479,awake
0.04015983989359081,0.0827685976412804,0.2535819226527333,0.4035028421123411,0.09115438486969064,15.89572359542011,0.7247243944498487,awake
0.04726061639065259,0.07944378480302244,0.24563438435014742,0.3826498410289601,0.09691779074595519,15.520471257063015,0.7201621181688284,awake
0.051186338874954614,0.10171881795943041,0.19174865835826285,0.4162703285267212,0.09927272350913287,15.89190911843924,0.7379424522710731,awake
0.054265415528173204,0.0856812191227722,0.19900490148157396,0.4402209936910457,0.08999274240864662,16.18550655285178,0.7373969029570326,awake
0.05685151230131702,0.10887981735617047,0.21586148933539648,0.4189409938889744,0.07996390415108423,15.464499151892724,0.7306476555789931,awake
0.04446652079481956,0.08260823987132188,0.19973664043531913,0.46208254425226386,0.10472694844207867,17.235287598179262,0.7394300081457642,awake
0.054617529402663706,0.08862207786131818,0.20565071080489794,0.43559200156462236,0.1000171731769967,16.59732375993141,0.7384860960271994,awake
0.05432899209042103,0.10004069299823612,0.2040396647569908,0.42718835595911303,0.08516555877125055,15.906909303246007,0.7350699011928683,awake
0.06373341938896634,0.10358837875275691,0.19135516446094888,0.4266384110265116,0.08381278069801819,15.39975114167929,0.7361823754740907,awake
0.04474404271240969,0.08916092400832086,0.2196545138762204,0.4200630235131084,0.09415092991786148,15.963897242545567,0.7349990226098899,awake
0.03741812598778152,0.09020006136657152,0.23400526281444775,0.42190419352626674,0.08607151732196286,15.890685553949934,0.7287569160376925,awake
0.05476791657725854,0.08942275904666314,0.24384708230453842,0.39738696920124156,0.08719409635498598,15.263201617800126,0.7266121702516027,awake
0.05124212842712344,0.09672656882476724,0.2520472235188374,0.38202672134132454,0.08543630073026202,15.006630525169228,0.7211050313120506,awake
0.05935338749726856,0.08601824541158525,0.2445030092993173,0.38793211437746933,0.08441897000768442,15.184980718077677,0.7229521157881775,awake
0.06558416276821244,0.09171332988688868,0.22096926249805943,0.3901233992329606,0.07912311049822349,14.814033124676916,0.7202569103583912,awake
0.06505186760005889,0.09843647170810028,0.22897897782836962,0.39812488056049633,0.07517831253928578,14.886391355349456,0.7248003389902993,awake
0.058627142304380514,0.08403063930184927,0.20225458905038224,0.44075626513328725,0.08420197415422244,15.881404501439933,0.7337345229194814,awake
0.0556809090213959,0.09680629215806939,0.23604605599484904,0.38423443673399454,0.09126792753000487,15.67376768285067,0.7308831623144424,awake
0.061195709421548096,0.09524807908855461,0.21842560688243914,0.428042595762242,0.09259877887464922,15.846349730269276,0.7314337793413342,awake
0.04888269094610819,0.07939321441959027,0.25425170729263546,0.41387066723729843,0.08368643893439842,15.983094444065816,0.7280467141498854,awake
0.057005907650577434,0.10327868099506644,0.22073447357750023,0.3989662899195066,0.08625076431502073,15.279389777075771,0.7314882242051096,awake
0.05583231955112542,0.09438597471685446,0.22347054256029106,0.4106148771891876,0.09418884378622143,15.67297534848439,0.7341789860255777,awake
0.05678113631821133,0.08719769225178843,0.2664329475684472,0.37006823624578505,0.08885412280341096,15.296578626915458,0.7236404243894414,awake
0.039008312541884735,0.07467340731985739,0.24214143189085924,0.42523029352395303,0.08470573550017209,16.046460988135337,0.7238740696336669,awake
0.04694243060558277,0.072962164396594,0.25202848017418283,0.4170052164739309,0.08695220224362675,15.751582561998685,0.7257504069713497,awake
0.04877221965379979,0.07367738740447269,0.2489160871765024,0.40686716890339103,0.08881729129820828,15.903173306563462,0.7275418358674604,awake
0.05949539754800868,0.09851847802169378,0.24800030894353325,0.37202393595293476,0.08393781880205788,15.061635051805562,0.7257693138781086,awake
0.05176301123785954,0.08771385005159317,0.2332418671469245,0.41416231246332447,0.08924174304459345,15.831494590790934,0.7296105154792324,awake
0.045089555726681774,0.08715840202013984,0.21081457764397774,0.4312590623830658,0.09878031350442588,16.690601790506978,0.7371851706724861,awake
0.05532938817596262,0.0963439178774859,0.24803694356850187,0.3813851297084572,0.07986483497756938,15.518849350260133,0.724917312580465,awake
0.057977059762966916,0.11137293591115564,0.24557411632062778,0.3605429088554854,0.08270706283970178,15.058074518526839,0.7244463024115778,awake
0.055994761574663966,0.1025302904451919,0.22487881649578254,0.3865356773309191,0.08856335235364912,15.578973493106574,0.7318273208838473,awake
0.05489977325505861,0.08779012053938763,0.20883967897513325,0.43049777493773067,0.08758436112740577,16.00293283870425,0.7344048633181471,awake
0.05816570606729644,0.06962120492506742,0.23299882012983802,0.42659466487243514,0.08182692561474257,15.683953587437134,0.7287572631441048,awake
0.05623224584157958,0.07559205204078843,0.22464323549399584,0.4142747155725749,0.08839096851065756,15.531729676656415,0.728043204964789,awake
0.04578093572753684,0.07364478008657574,0.23113685206365614,0.42856697426548046,0.09019440441710655,16.049427238665746,0.7248640485564213,awake
0.05557422408461242,0.08541178826166287,0.1917407214318129,0.42978564902725586,0.09657397649396873,16.0590458809921,0.7353094510195921,awake
0.06225917343067151,0.08572638469360905,0.2238004855813992,0.37905365450895634,0.11911381002498825,16.098488800199316,0.7368235955558353,awake
0.05660289388791728,0.07505584623823366,0.22951425369021272,0.4070942981035333,0.10707818537253364,16.288542700984753,0.7358345590825899,awake
0.06051274068826091,0.07224784288398217,0.21194427483249698,0.42573794557076544,0.09635790220161858,15.971813064099445,0.7326675457671747,awake
0.05475769712420167,0.0766168886874721,0.24036005770474336,0.39200902639494684,0.10625304445483899,15.834423915472634,0.7315858221959174,awake
0.08367994196959624,0.09530810353578013,0.2254838301312111,0.35252221689695973,0.09002919019100133,14.293073948396879,0.7266439189055971,awake
0.040278979948406804,0.08122941406187012,0.24552758808450045,0.4068574488597651,0.09157884590717191,15.951003501621496,0.7281834077548607,awake
0.05112745587913294,0.10866425123837545,0.22980628446821763,0.3967008996854142,0.08708372411571384,15.266867005050843,0.7294961015397902,awake
0.039540849929758155,0.10063961306701197,0.22341995098161577,0.3963970592904534,0.1112917819675462,16.251709984546622,0.7375232163288842,awake
0.045472891918937615,0.08200561673301908,0.19590360400755574,0.4375633974619787,0.10521516854288272,16.629369428785218,0.736905984820535,awake
0.04453099513121321,0.10970581186712848,0.21294598768335654,0.40251880179962907,0.1000304046419757,15.83256347109393,0.7355619679046972,awake
0.04743284992007222,0.09083863373690733,0.1983376754574397,0.4335810877845219,0.10319248126479877,16.369908166236627,0.7425173192697581,awake
0.06021445316090426,0.08446451116594124,0.21713945794380282,0.39056398353576016,0.10985744221976185,16.234534432221288,0.7406600185539596,awake
0.06570444663836332,0.10730388382353517,0.170853667831818,0.3955611770730337,0.128677083424694,16.291282964725912,0.7458538605801911,awake
0.07955628169335763,0.1291059507908458,0.2115383502528363,0.33249314517023176,0.10416585829603961,14.885264870187243,0.7316234312380601,awake
0.06472137271563472,0.10747586898461332,0.20686994457030192,0.3968697690612099,0.0846619958415833,15.384014293032156,0.7324523601484829,awake
0.07842047024067197,0.09736777165558454,0.1833702233396218,0.4217259338782818,0.08717719060991723,15.61985948174689,0.7337603571470943,awake
0.07182819139185395,0.11737255824222176,0.16039734731015617,0.40646590892843626,0.10694224303683868,15.885936555562193,0.7395293488266989,awake
0.06533289707802163,0.12094893265935505,0.17081961537460225,0.423666360461206,0.09255904225405756,15.614231856649859,0.7408177854150374,awake
0.08124896888109895,0.11983802541103737,0.1879743292959087,0.37898728127606734,0.09378558478659904,15.070314512517934,0.7359658158054454,awake
0.06133163884781969,0.10723375223485442,0.1756119265970185,0.4095490316787295,0.10880181613144953,16.3324159572052,0.7442366913041704,awake
0.06323240409235799,0.08527554747331759,0.19422510121259168,0.4349722013626338,0.09810825760259394,16.460983116593535,0.7421881477869215,awake
0.05615976689005236,0.08749950804165561,0.20252863033108798,0.4391132709656546,0.0942425628228097,16.419072680754095,0.7357870117877545,awake
0.066270516932001,0.08433269892508102,0.18162990092731293,0.44678079909459595,0.10706687963495659,16.45762740774883,0.7441123130836858,awake
0.05920728557750689,0.09019905768979972,0.20106258675120442,0.41903269559533374,0.09273843837792961,15.805783441992913,0.7366864517153935,awake
0.08966520142373861,0.09238429121080804,0.2359803780901659,0.37096463672135616,0.08315306182108494,14.847730351645973,0.7283758561386006,awake
0.06353668162268099,0.09897142824718089,0.20661381951402505,0.4021429871302594,0.0869632571044551,15.71182287637675,0.7313946167479486,awake
0.06120655211055552,0.11991473381388307,0.1866906526764871,0.40614915929702805,0.09690005421046594,15.669033938417542,0.7396376940069135,awake
0.05266111388084366,0.13243677804449935,0.1827254750781527,0.39865822256498606,0.09960655871337734,15.6196281461403,0.7363659036326018,awake
0.05409753698328977,0.10832032839481384,0.19773915073723997,0.38722752394923543,0.10493984390626826,15.662222885097188,0.7367219912746641,awake
0.05741124802700567,0.11029160639022188,0.20627847450409595,0.3995511983083908,0.08775683049143708,15.36994245659986,0.7319165803196032,awake
0.05518190696755673,0.08401645241412888,0.25079251726641705,0.3848292637417414,0.09520255401045355,15.663573653910309,0.7289509071027745,awake
0.05489984161084207,0.08899244854036786,0.23249465563706465,0.3998648182320589,0.09190367324025613,15.813224785947222,0.7310748810563601,awake
0.05968218246929808,0.10283937290854006,0.2067405126396868,0.3926468579175697,0.10194907129202645,15.543876266951589,0.7362002628027612,awake
0.05298167956530703,0.10378137653256926,0.21351315820775923,0.399275387027972,0.0854614515432357,15.23219024713725,0.7290373692491658,awake
0.0564608429263039,0.10520854738163972,0.21615782713597861,0.3792495389119708,0.09584432000069772,15.387232934978801,0.7313335416671027,awake
0.04478700742256514,0.1160692524903803,0.26883135659385804,0.33252668733889346,0.08842020763648181,14.807518992018151,0.7135673469762898,awake
0.046247832556939004,0.09223035047761001,0.23144425384522263,0.41022549815818976,0.098163982352428,15.994072969214205,0.7329637315507077,awake
0.03633919901085435,0.08163539597319629,0.2869342822289077,0.37040895989943784,0.09925224499365935,15.685508507206832,0.7189307121463027,awake
0.04596184415798079,0.10077350611862693,0.1680365641455786,0.4334655777618825,0.11018303460506215,16.53628814742427,0.7424843926335327,awake
0.05618511985589444,0.11138621990148434,0.15846520824202368,0.4378728816357074,0.09099977411970056,15.97175955507115,0.7397356017263435,awake
0.05820385305552477,0.08153158213022421,0.21507621468216903,0.4314046302678572,0.08604810290667572,16.13264045324008,0.7370831870054355,awake
0.06434824631554821,0.07891492101416525,0.22155775582248347,0.40892353951493204,0.09176734421265387,15.720470755770746,0.7352253641585511,awake
0.07047168776340357,0.09721604267011019,0.1555275266983895,0.4548574488864401,0.08281649787221897,15.697897923223778,0.7392273027579508,awake
0.05285201919868893,0.09029693170040526,0.2017782333571231,0.4190289715282564,0.08903500503260703,15.833983617554063,0.7302321031605772,awake
0.05045231307341287,0.108538854843127,0.26437624960976114,0.32012546135952813,0.10581018459191685,15.162607502810086,0.7221663233524128,awake
0.050350984864385204,0.08337490953317081,0.23386391141153967,0.40261170638030513,0.10426892802614542,15.993623633347857,0.7347967663496215,awake
0.05626012346068249,0.10386692470978673,0.2107186564262588,0.41282351515497007,0.08921117839758624,15.638407573206363,0.7340756341472753,awake
0.04595264547676332,0.11005684615083577,0.227282423541809,0.39411174762024553,0.07785340647074139,15.493138095480415,0.7251076887668514,awake
0.06407417463117634,0.10173553725037589,0.19978347396618978,0.40404659583204017,0.09085503218624794,15.680027217218374,0.7335995299128355,awake
0.04455926998747268,0.10669211991159648,0.19795913204418353,0.41847450430278305,0.08870097070058686,15.84080924003991,0.735037645473508,awake
0.047746210439856,0.10877966895310211,0.20459766235958662,0.4084241010851647,0.0937900687597464,15.717512602265275,0.7344456788366364,awake
0.04767989791964095,0.10943891509275486,0.24306706334708453,0.3401382460512823,0.09920011876402479,15.147877455087686,0.72258882350853,awake
0.05922821360561057,0.07665674067346748,0.2436846927865566,0.37035788609160886,0.09863241289911578,15.717932605510232,0.7290912909240201,awake
0.050767120920427275,0.08384948875426194,0.24392040011414595,0.39747500809439656,0.08725412434700176,15.907430776108663,0.7270879060717468,awake
0.05038143233805299,0.10844724785899162,0.18265500352151048,0.4343397682688498,0.10486071270057618,16.397304522923392,0.7424691459219351,awake
0.03798975267454965,0.09917192179482644,0.23186439803395745,0.40966757796959113,0.08277439704330665,15.678384269596478,0.7229512579714559,awake
0.048944688418706486,0.10866641809526449,0.20247782607026962,0.42494993878453446,0.078452399501149,15.464456604333488,0.7304048786982281,awake
0.06520279964519356,0.07347975276733487,0.2568582959514591,0.3793753928788331,0.0965140702607237,15.390944890894056,0.7297524392306151,awake
0.05453947962885978,0.10769649997861276,0.21504855813571677,0.3941922827055208,0.09343854614328641,15.782917833284417,0.7365803732602698,awake
0.045891993055667,0.13715188567623748,0.19270999523458235,0.39530769821249134,0.10529209010890944,16.011180375750605,0.7400231677601364,awake
0.0691868969296674,0.12274724760026363,0.19966210289050884,0.3796537241389167,0.10693232889381311,15.689979310626098,0.7392539478079087,awake
0.06553256477258311,0.1366181319820357,0.21051679266774795,0.3440315511816145,0.10533030824002264,15.054550838727389,0.7343745486100793,awake
0.06664600009123706,0.11608117039121206,0.18710384735440636,0.38445900589579785,0.11144479822360842,15.688168240787132,0.7402260765477692,awake
0.061364515868082545,0.10045809573838548,0.2140082746393334,0.41685241485245317,0.08957861959918562,15.671132301445644,0.736404563442315,awake
0.4422862650794918,0.24445624027070753,0.03653221414585296,0.016186835543121322,0.0021761581119140575,3.6736868986955016,0.4416773535213876,sleep
0.47906094382709746,0.21580138656345033,0.03846145953695293,0.015169329727525676,0.0020368296980964214,3.598225175413385,0.4357854956008748,sleep
0.47884113361858377,0.20792537676153083,0.055555618473612185,0.017815837082545704,0.0020821428413489483,3.6696340197823933,0.4456803998389998,sleep
0.46377527442598404,0.24242153252750578,0.06091882375186081,0.019803088241131132,0.0028473381272570404,3.8038541776908734,0.4580847559317241,sleep
0.466492194873058,0.24559018735237045,0.0428722153702544,0.014360207377939688,0.0023150960800082812,3.6119729289053404,0.44951572005338775,sleep
0.44702458703255543,0.23776612483623494,0.03769343862492896,0.013531081175156763,0.001903342140067524,3.7127943243687724,0.43868849452655484,sleep
0.45662118145773767,0.26020966160538206,0.04395336366654801,0.01784656114519796,0.0024060790226048136,3.713835773104558,0.4543529489952657,sleep
0.4526812702084041,0.24458275402411928,0.03889054092566792,0.014230464224677289,0.002176600118249069,3.7256214523659557,0.44126578584134624,sleep
0.3895942352371018,0.2915172638319679,0.03769977812917778,0.016427900166569812,0.002394814373545916,4.0274587730693,0.4450419110654268,sleep
0.3840153937130071,0.27448556573611177,0.06148606842956218,0.019157614645921268,0.0028278920896536936,4.028271293218902,0.46807298025182303,sleep
0.45323030365752054,0.2308662443516245,0.052011490691251695,0.014342056281936315,0.0025009458488670817,3.674616918592786,0.4467133834990289,sleep
0.45920500798280284,0.227407633364338,0.04242892954126691,0.013941708030027483,0.0023469933725486026,3.6123637168666236,0.4310741957719586,sleep
0.428204640474356,0.25285408021980826,0.047742845607175406,0.01549662835223835,0.0026867882701937964,3.7558324474240714,0.45188714131115265,sleep
0.4465536462771071,0.23797990109781933,0.040770880811325724,0.015243521742797002,0.0024284504634639954,3.696542795233033,0.44310578469923095,sleep
0.549198867671722,0.17579875436802875,0.03748184834370923,0.016566339103254,0.0026252172264077654,3.374546085936389,0.42490351360982054,sleep
0.44677056199988235,0.22626430065291311,0.03869757236911864,0.015632588920377638,0.0028658449029872013,3.720603559338954,0.4356442539392769,sleep
0.4118930004144504,0.2544330581595774,0.043185060085518194,0.015467149398884371,0.0026818451224337814,3.831577580055047,0.446984754199757,sleep
0.48955102548925117,0.21231715101319124,0.0426284761040033,0.014383923021282588,0.00292216697169756,3.51749890436177,0.4378300357873544,sleep
0.5170401285482186,0.17651927685565685,0.047789372806387814,0.015652158151294098,0.003025785364589676,3.4806748924880067,0.4344690507690114,sleep
0.48494831456712584,0.215145898197084,0.04021033706111166,0.015956682543572652,0.0022245775665366667,3.469962968449802,0.43722334745309,sleep
0.5177307772426902,0.20221813689077708,0.0360427682432389,0.015065723040880294,0.0022970454004647444,3.3394350019016237,0.42902315444532124,sleep
0.44134900661508314,0.26762283745981935,0.04266590482668716,0.015900429467849843,0.0028497203782271584,3.7292858181360824,0.4530404706963686,sleep
0.47201510002219654,0.22791517899335134,0.05424104413598239,0.014967424693408038,0.0028127579423506553,3.516705164797487,0.4514471250681957,sleep
0.44571779726706234,0.24096287935932817,0.04967078240896784,0.016546100499714656,0.002778858122425164,3.6721071273574095,0.4528484011695892,sleep
0.5173454566287821,0.19810165430306248,0.0354476746380726,0.017476446011740827,0.0032561187207085043,3.5069780291209107,0.43495084434063613,sleep
0.5089269057424123,0.1887199916581953,0.05060068809350726,0.016904627112927006,0.003114281243045714,3.5193820660608286,0.4451625856388143,sleep
0.519792265452519,0.20068546816203853,0.04410597572343533,0.014739787672815554,0.0025929244387838403,3.4582864277290826,0.4335034308385456,sleep
0.476728200510776,0.2121607107425046,0.0562632083423216,0.016437951815614863,0.003016446271954864,3.6253269940269632,0.4473212788978578,sleep
0.4792081962806855,0.196729001256226,0.04513178864548243,0.012931133654124401,0.0024430072368046437,3.6377721799873193,0.42841058426364037,sleep
0.4190755366061259,0.28741723469278174,0.05392334084242719,0.018708061876492696,0.0033970555988718154,3.9039322953106996,0.46388865265806684,sleep
0.49999050980226195,0.22755807606950781,0.03638804325194013,0.013531259929493288,0.0024763827043764015,3.5523308811279795,0.43054051994645626,sleep
0.463653483882321,0.22770715890505963,0.043396690147379305,0.015702164647620472,0.0025266732406014143,3.712808735505885,0.4392034306482608,sleep
0.5396211429423299,0.20392491171647745,0.045950700736780016,0.013948110769070628,0.0026588830299215803,3.4450150835064846,0.434553628233357,sleep
0.4875027709367577,0.20926727225716535,0.03510358066175188,0.015112986128134328,0.002690513557415088,3.6167264492510376,0.43045479616925975,sleep
0.39334186859019554,0.2819855749469509,0.045370132245709106,0.017477415089565854,0.0030212507833720353,3.96849401936907,0.46079422816240045,sleep
0.4523087812128608,0.274944670884873,0.03194233385330988,0.015336034686411659,0.002614846970632264,3.5930569312508607,0.44486662645503344,sleep
0.4940812501653187,0.22468931082315496,0.03525556103163564,0.012582979267919285,0.001988970878592487,3.448940737506293,0.4336442329253601,sleep
0.5321800883727615,0.186306663148077,0.03947148245681325,0.013305658689438274,0.002134922787100972,3.442294815388532,0.4190803597609902,sleep
0.4749632651681379,0.21521984413360537,0.04726269669141859,0.01390062826267323,0.0025570554523072437,3.6483114919631,0.4411731441756543,sleep
0.3643712548144361,0.31186297839046845,0.046532510426628704,0.02046118273945256,0.0030729359968935943,4.185923572347516,0.4662726215630001,sleep
0.366932728136127,0.31204064840124457,0.05654796023068621,0.01768335402314624,0.0033755426107385245,4.069015119767656,0.4747407280886652,sleep
0.441605574516069,0.2424519370770401,0.043045961377546675,0.013708838430985536,0.0024989379844354894,3.641580031568042,0.44517947429081894,sleep
0.4819070826369125,0.23810337326743372,0.03220892383617164,0.011911450316722466,0.0022210222769390893,3.5200434508081098,0.42336056567397523,sleep
0.4576207389814174,0.2664907891351651,0.03494832550300885,0.013959567793077821,0.002292138070239711,3.544276764461731,0.43953791344241666,sleep
0.448654742372417,0.26767223967343184,0.05087638149241661,0.017569076507702546,0.0028456695079363417,3.710028761539282,0.46124444162896244,sleep
0.39980111186666295,0.2807942988636777,0.0455579335290043,0.017757082922503994,0.002692367398280179,4.072705179256213,0.4580132149069966,sleep
0.42459315003217474,0.24522591949167302,0.040413808295357415,0.014576029630656939,0.0023209638384892326,3.8143772903293085,0.4445025296722358,sleep
0.39791546896707525,0.2614835540278027,0.05187290307999388,0.016896152232111408,0.0028027975138110654,3.8317275428952344,0.45431649127229845,sleep
0.49507644650577387,0.20664600016127632,0.05448272426323817,0.014533879156195695,0.0030656025182669395,3.5782584861806677,0.4411046805109896,sleep
0.483142753704397,0.2098944325160216,0.03994737092695312,0.013013697920280953,0.00244254591931161,3.5681926641658164,0.43015507515938983,sleep
0.5012415974158138,0.19908785967475937,0.05026772450064484,0.014814187199359816,0.0021778749665841654,3.5446669963899256,0.43822329768215873,sleep
0.4184998616012428,0.2661293905260925,0.04670452753170961,0.015118511760812326,0.002650157857316882,3.861105889239686,0.4474990271200507,sleep
0.3953062681667234,0.301244181364305,0.036805953827156554,0.016687142040732558,0.003473923197577306,3.9005341276101575,0.4527504887652352,sleep
0.4528701133055402,0.25336489955065733,0.046139320895712786,0.016414818677159125,0.0027369655796797266,3.6389382922553706,0.45788465782924526,sleep
0.42253916910266004,0.24488335662708308,0.0643438260818169,0.020735293102582236,0.0030970627734767443,4.002480824762556,0.47504877806928675,sleep
0.46388939076362945,0.22820541286727125,0.06409338686671308,0.024735615714742903,0.0032930899688665086,3.865882490919061,0.46933192245363387,sleep
0.43011568593004074,0.26855598298595135,0.05328955800160957,0.018586821265094113,0.002534268833821358,3.7495583622964808,0.45902268143207525,sleep
0.469937034017091,0.2360216666152776,0.04727678100638678,0.014986634291818101,0.0023395384799450316,3.7139004376719846,0.4467618633240474,sleep
0.5058037649065058,0.21353597657916287,0.05228558495892252,0.015869737167260124,0.0028476796165510547,3.5661799453494805,0.44843390841447095,sleep
0.4308697408100303,0.23578206425200654,0.045054222274514145,0.016693236935044087,0.0023942104329590075,3.7144741039630236,0.4416224331835352,sleep
0.4579336641679382,0.25286079104068226,0.036253520176785195,0.015072896643168871,0.001984492920861925,3.639408945580935,0.44020593390833906,sleep
0.5337710629365772,0.2034295034895303,0.03782937286736935,0.014154139016807748,0.0020127723961444635,3.36994237357626,0.42327987770812,sleep
0.5420792048011378,0.20308833273685611,0.041929840467414124,0.016133479796331437,0.0026243890567325466,3.3254991589045595,0.42813350198164574,sleep
0.49484994133755533,0.20203989737625974,0.046307003925031044,0.017200164055144265,0.0031791797837604384,3.600542586757443,0.4454338237145618,sleep
0.5545755518214912,0.16130244486221001,0.05362144076358845,0.014109219617704949,0.0023658547031376437,3.349754690582675,0.43032273209796923,sleep
0.46143429314036555,0.2523321099051057,0.05344167794663495,0.01772566273100474,0.0033457793689122928,3.809087837562725,0.4552546845128133,sleep
0.4332099820757207,0.28937799948232423,0.05781021547236985,0.01704730622696833,0.002792625822187509,3.9073417411141307,0.46467201969861033,sleep
0.4512788098814241,0.24469655930044423,0.05600800804132696,0.021302490567667788,0.0033193390371284355,3.9018687712196773,0.4631641234772857,sleep
0.4227643506434847,0.24390049237480854,0.06848138261463739,0.020961542794637827,0.0032324863215923713,3.961931940206935,0.4641773285132304,sleep
0.395565911854454,0.30112608817555375,0.05718140978415185,0.016909467891828518,0.002167242191150277,3.8699715997414668,0.4651115694491226,sleep
0.5029199249831716,0.23737201467713762,0.04516058393163844,0.012416007383566031,0.0023071506401685054,3.4582474278753743,0.4405750792410906,sleep
0.44889299591888043,0.27106768239793055,0.05435954878224657,0.014616589715985723,0.002423349137929837,3.845031811379153,0.46019470408082164,sleep
0.4150331369786522,0.2839078591525819,0.06192586785048722,0.016778411376842883,0.002859648791357111,4.070926175962858,0.471851545482384,sleep
0.4839245329481613,0.23785519153143025,0.05047692826924625,0.01809326204468882,0.0025086695364368522,3.7103749320321153,0.4551966678993644,sleep
0.4016655628431414,0.3101819941349268,0.04639409945562629,0.015475624534634518,0.0021058556872412927,3.90211478456871,0.4698090194242125,sleep
0.38768977124407394,0.2913076949510153,0.047737944235465256,0.015599418705293092,0.0018652812664380007,3.943445476442377,0.459399456407616,sleep
0.49843676757236,0.21658895188369576,0.03785340286422884,0.010452026496061006,0.0021794141908904044,3.516537497664675,0.4275151957950519,sleep
0.47728545811400314,0.2293624916297092,0.035672397944903136,0.01110199086011833,0.002026327029063371,3.54066533789687,0.43114668011826385,sleep
0.52233311469033,0.20915355674638894,0.03975362179029535,0.015373338619633452,0.0025159788271544954,3.5682542674259476,0.43749349733707277,sleep
0.5145503677756162,0.20978305299089708,0.04748304101364596,0.012765700601610013,0.0021068030378870958,3.460226033007478,0.4392690884893457,sleep
0.44182247214151893,0.2707788839476221,0.05419309572756536,0.012372862155321336,0.0020415343589248415,3.830039963706231,0.45381758832650915,sleep
0.3554838216387367,0.32942221284957474,0.059165278277040385,0.02031782404927876,0.002997653692431448,4.253329578439371,0.47632321005511047,sleep
0.4425997291208828,0.2800524866565526,0.0435280409836729,0.017159476001652997,0.002147460319055107,3.8041144445061454,0.4542402161621245,sleep
0.5618630716235583,0.17910333553295954,0.0358718341961931,0.013675277692947942,0.0018039283525106788,3.1759518958818416,0.42552697593380845,sleep
0.4176154466856427,0.258886031740465,0.05065106916539238,0.015221377511093146,0.0023896511436271323,3.9475894515815306,0.45904409368852916,sleep
0.4063577887662965,0.2513032791887281,0.05716214791139228,0.016350549777685446,0.0026070520584840612,3.9827244613716526,0.45965433280572415,sleep
0.37857433440494165,0.29335184288101956,0.046249323020201835,0.015865861408811476,0.0020842342068272406,4.001728563823494,0.4573559991891744,sleep
0.4818124904254025,0.21589180084749643,0.04291749918703289,0.014793613280152908,0.002083670780160093,3.604266801749439,0.4394662590980733,sleep
0.4642649377529478,0.2310092114928109,0.03784243740823456,0.017753747861292805,0.0024017222336295474,3.6728861131515,0.44397447142004315,sleep
0.46980053496274055,0.22554783536912082,0.04379376640050738,0.014459924754593708,0.0026171401909261312,3.522069728773806,0.43771617652612127,sleep
0.4660478901765612,0.23016151585922345,0.050942612147846,0.0163653057663912,0.002693777073793282,3.5395955486030646,0.45465688736227455,sleep
0.5498725141368013,0.18970131410271818,0.03856639304736744,0.014804953411234762,0.0019397312524486138,3.2791217818835947,0.4319336558903039,sleep
0.5017080373039965,0.24164702046624478,0.051756480509517235,0.01661170692407339,0.002509675933119144,3.663087829142968,0.4413785707366418,sleep
0.39654033001654576,0.3032146757441125,0.05581344800199139,0.02318202547264986,0.0033529642410869594,4.046238385499147,0.47101440050361004,sleep
0.4898037290827021,0.19407079186483417,0.04015591171100628,0.013914204952812186,0.0022055324615660892,3.5723544865601937,0.4240327346831371,sleep
0.46489090559444857,0.20235454106280917,0.04504171358505474,0.014276746544939049,0.0018377190724967222,3.708305099880691,0.4216521346269344,sleep
0.44249629538800705,0.25052271749634675,0.05609322298207608,0.016870397533903094,0.0024923949912849927,3.7449274105536556,0.46199817043305197,sleep
0.46399552429078544,0.22958357546071467,0.05014941785390002,0.01637128449159598,0.0024081818888571816,3.582732294295172,0.4492425065561724,sleep
0.4280124954611267,0.27279122519492915,0.044864700247669746,0.013996132962751016,0.0026230023399723456,3.7482373395978774,0.4444373068300244,sleep
0.505341211018087,0.2338101315979431,0.039405431262523105,0.018376480811549443,0.002701006146345241,3.420532738310017,0.44007882233961443,sleep
0.426599631352748,0.25956407400270565,0.025192542146469134,0.011159446043480495,0.0017904382178037291,3.421506352058039,0.41913912668736847,sleep
0.4286791606164462,0.236218892902458,0.027760539630736998,0.009852021210438223,0.0019257990399062681,3.5896823046580204,0.4138426876717642,sleep
0.3722925096695627,0.30345662373450355,0.05474041256114637,0.015312722040903047,0.0028051778700155135,3.979850591901164,0.4649075522155649,sleep
0.49425868604074275,0.21924176725248265,0.059627414789091344,0.01677737489936405,0.0029623864775393605,3.6579133612272603,0.45206102154047967,sleep
0.3649288622098701,0.2935947572608546,0.08351578676516101,0.019512161571359182,0.0031781539272609702,4.339184489511787,0.4798241757321486,sleep
0.43414219655547887,0.29089708368306183,0.04287495168362418,0.01265086633253478,0.0019376502159484587,3.7440904909135373,0.44487142595048945,sleep
0.5570177045471837,0.1959758954821189,0.03959057903058654,0.012823796231415925,0.002427869242741868,3.362861795075221,0.42370190368235167,sleep
0.5442092532036902,0.19113423439636154,0.04225576564369244,0.016692414648896634,0.0026307266628273125,3.317914744467921,0.42810825593130014,sleep
0.45009640184721744,0.25386686184268137,0.05675156742106097,0.020869913745614557,0.0024206734699712845,3.911274386195309,0.4664688850599484,sleep
0.3902850810768111,0.27016402845285115,0.0594432758152458,0.016523043924127366,0.002411347974075159,4.068069295789751,0.46296780070610083,sleep
0.3985852778796257,0.24970290360609293,0.06199791396297862,0.01754826521369518,0.0031388161594087726,4.061792941236658,0.4544285604094472,sleep
0.4423910562921835,0.2371782778559585,0.0424651921397983,0.015025470842530092,0.0025217916244228817,3.7422679735025177,0.4377642434166511,sleep
0.4688786433912732,0.26359649040942684,0.044428518684441476,0.015406705903652186,0.0029102792261679546,3.633387640950554,0.4511678269790135,sleep
0.49647032222745474,0.22087960721926578,0.0352588278863797,0.012234143774384022,0.0022823193230821514,3.4507296094792115,0.4347613272380388,sleep
0.5059829439138394,0.20775752260640873,0.034993072288944854,0.013464650085070445,0.0027161236441932473,3.423135975240478,0.43191821331071173,sleep
0.5041401103126759,0.19166847472466722,0.04320097186628208,0.016993725262867587,0.0028816545774724258,3.4501549308810855,0.4393584805802673,sleep
0.5268412394346945,0.19649868074987145,0.05115056635799195,0.0161815388947606,0.002059087222395797,3.2772929308763965,0.4428091305899472,sleep
0.5419283724752663,0.17900031573993389,0.04711422042255539,0.01611639734817545,0.00205802706763678,3.272406765979154,0.43673839843943113,sleep
0.5887819455288098,0.17649281946847753,0.02194572439634114,0.006940173308086225,0.0011673914045817807,2.8969655650796478,0.38980198767765994,anesthesia
0.5391154137005675,0.19374778255999422,0.0231877742918159,0.0072534871456939815,0.0009746522571897015,3.0245728511667735,0.3981394744967533,anesthesia
0.5791057085627184,0.14585099881008864,0.025664741970074588,0.008953997670000905,0.001492883605010093,2.9915263562411516,0.3934291780388193,anesthesia
0.5532077315565563,0.1735981203635874,0.014101957493103067,0.005244247832952919,0.0008124090901589139,2.839907309021395,0.38343954245854717,anesthesia
0.5161157641116364,0.22148829379899718,0.02131201884101184,0.006766582840994974,0.0010031872725329181,3.1023081672881965,0.40254081495594424,anesthesia
0.4997839898480969,0.22732347117715399,0.02178317461339367,0.007867399304138477,0.0009910962548566294,3.128835484959299,0.39836153731188123,anesthesia
0.5829578065408806,0.15635774472604097,0.015703695771272605,0.006452922703158667,0.0007760931032653736,2.8204927598050404,0.3710980107159658,anesthesia
0.5937623997214989,0.1614626675396211,0.020045277754708126,0.007734180213519868,0.0010924304863360213,2.9132411375897327,0.38207391730230034,anesthesia
0.5068654781783688,0.2326218481996899,0.017987346523279903,0.007959079378878168,0.0011218227427605384,3.057072252752893,0.40217186834925006,anesthesia
0.4943073091302529,0.20925002521357586,0.015613969161549342,0.0063284468316574015,0.0010198941253522944,3.065795891027453,0.3872014510952624,anesthesia
0.5215781737127296,0.20785156756812354,0.01787431287437997,0.00703962387185123,0.0009636894978228642,3.098193658171398,0.3849969182920989,anesthesia
0.5467773074897944,0.18607875177051503,0.01754354004155462,0.005819066929064729,0.0009153587637189334,2.789708088534568,0.39099246900200735,anesthesia
0.6058490504539432,0.13236944034547068,0.014798652534222962,0.005684000122470705,0.0007255383211568774,2.5894951251452163,0.3760254901665417,anesthesia
0.5597388354583158,0.1535058961464205,0.015431739754654901,0.005293497277995645,0.0007523889824061252,2.855621969900276,0.36782419014782525,anesthesia
0.5593448229586846,0.14923553087808367,0.012070158495054894,0.004472524218558667,0.0007363113010376163,2.8727555845139525,0.3569214480521761,anesthesia
0.5380703221812252,0.1691090334469615,0.017502136430178478,0.005901975361181186,0.0010507438316104444,3.01831044431543,0.38174356431521034,anesthesia
0.5350376304303122,0.21283544232470467,0.02103418434944038,0.009225026129288843,0.001158414698960815,3.0090777765691366,0.4068458536040612,anesthesia
0.46871823868084816,0.2296125355292503,0.013986466539150562,0.006723644286192598,0.0008722880873370668,3.1360920965706005,0.38441946337962357,anesthesia
0.49305052432892665,0.21292267821160454,0.016355897418311012,0.0069638479584325855,0.0010200916352837896,2.9870458138312035,0.3908894680592617,anesthesia
0.5570860533779718,0.17523280255067186,0.017006697543546313,0.006527864027632405,0.0008113358821936967,2.8648863797317423,0.3880923337321607,anesthesia
0.5197912768886312,0.20504022814571435,0.024437293491997157,0.008108456040055246,0.001059456634775922,3.11142140452145,0.3952050217887345,anesthesia
0.5395048306600588,0.20150539505943285,0.0206830789640034,0.006651318699309793,0.0009788441227756458,2.9304454792691663,0.38806139112813687,anesthesia
0.6216828467251687,0.13396347297952893,0.01936094335134778,0.006081484360999239,0.0009664742193339338,2.7272947344455294,0.37568064176317945,anesthesia
0.5678916497490041,0.18021926710062885,0.01276945260617244,0.005714203685597436,0.0008673115600389355,2.804620484186932,0.3852809212928194,anesthesia
0.538908463847157,0.20117758467260313,0.01878679080354181,0.006315254054369928,0.0007573375807472934,2.868646677095732,0.3941941619534142,anesthesia
0.5780673088134957,0.14286022864877265,0.02217477604958804,0.006603055436622643,0.0009795163915571987,2.852747188283017,0.38309718986141145,anesthesia
0.5594836508676091,0.17515401964177557,0.020640920417655927,0.006869721083005485,0.0010632679315411753,2.8433611335381466,0.39061981910147126,anesthesia
0.6361281890440174,0.13240424461163364,0.021865370526691557,0.007509317447708152,0.0012329656808013766,2.775327681016924,0.38208858742215196,anesthesia
0.5879194405181744,0.159147355548134,0.024692831370364838,0.010860862282636368,0.0014030399220331443,2.8438053451331613,0.394878145127867,anesthesia
0.5352930185049338,0.1782929498889961,0.03682965502139201,0.012487857605897023,0.001330189109068879,2.9797322759486886,0.41575722125405956,anesthesia
0.49503727485505034,0.23425072252241724,0.020207365448947506,0.00842961497968741,0.0011065501426293955,2.9686584758030685,0.3998280448723897,anesthesia
0.520539733467352,0.2005928801953493,0.016247038502491342,0.0070270790160912085,0.0010606323836639317,3.0076537911914505,0.3850074214037062,anesthesia
0.5934871552167168,0.15547783642015842,0.019885259507527585,0.0062330746025406345,0.0008054353361938622,2.8103015931217272,0.37760030231739816,anesthesia
0.6033595746585867,0.15756522361086334,0.020228679435138047,0.007933025546443763,0.000872996474157354,2.824250365451459,0.38743806319986557,anesthesia
0.5706689947576316,0.14685671212487586,0.01812473151642405,0.006268378600638851,0.0008010552339784913,2.9355521540520733,0.36819963490232155,anesthesia
0.5415885499603273,0.15221710365337351,0.01432674276858108,0.006762772311712589,0.0008463581096998603,2.977832250809862,0.367521432859953,anesthesia
0.5379701593683561,0.17430304144392442,0.01492494129086014,0.005267793729394661,0.0008011035177671786,2.9045663939930275,0.37727834348406886,anesthesia
0.5823520134602395,0.1681317089868594,0.016229829006238313,0.006472198442022007,0.0008994063379744319,2.8429257057391815,0.38172700839473905,anesthesia
0.5808102584429259,0.17735256349098671,0.018925500266946338,0.006231357856485108,0.0008454195436931722,2.8903719226247,0.386677042113356,anesthesia
0.5535060607687832,0.18596705732346655,0.01578977364144444,0.005112112990989739,0.0007263943405153604,2.8662593138495844,0.3804028556268348,anesthesia
0.5795207618941146,0.17233222678485102,0.014416985390253592,0.0061317957139073054,0.0007753643770989427,2.8010865376573544,0.3752555044605802,anesthesia
0.5947055124870765,0.16505073195723788,0.01753238755175843,0.007302046225547888,0.0007844839478494931,2.6927900514739815,0.38672095811550306,anesthesia
0.5246667795218861,0.19042081310898887,0.016439139296433855,0.008506217680866079,0.0010903319497724891,2.906619290674301,0.3917841273088611,anesthesia
0.5789514678716008,0.14710545760646054,0.0157163849649095,0.006326753674630307,0.0008678649781058297,2.8953447442593174,0.3742988572997651,anesthesia
0.5630424907685377,0.1676277875947716,0.02444769721581238,0.00692215500856386,0.001068945267816715,2.806139546057907,0.3985782247579986,anesthesia
0.5969824579396538,0.16984719468986675,0.014076338899728766,0.0052447077303647395,0.0007386061319066616,2.759851782398522,0.38238104228238706,anesthesia
0.5319458329562508,0.21284718539400171,0.01853071847248796,0.007297910399114184,0.0010678730632363873,2.9814632183265664,0.39974399005040473,anesthesia
0.6185098517727476,0.16903807920433575,0.019008042023409798,0.007354596169392782,0.0013124286386020877,2.683743911299898,0.38793140122920855,anesthesia
0.5352091094796829,0.19080333375339437,0.02289618963586078,0.008025342493161466,0.0011966748546253301,2.981615580633779,0.4001742517652366,anesthesia
0.5486204917082848,0.1854307724461569,0.025023420402282958,0.009022194132360283,0.0012547686545784562,2.9493210529619924,0.3944694324142106,anesthesia
0.5845026995035846,0.16012865134219711,0.02572500213765675,0.007557339355675893,0.0011701636259382469,2.868583137129999,0.38664685275656335,anesthesia
0.5760279728992359,0.18865268104240002,0.026452777456047665,0.008991291018023118,0.000998824579769914,2.9591182585335245,0.40365588210938735,anesthesia
0.5642687833888066,0.1726910222712278,0.020306342008720345,0.00734809238005762,0.0008844140204062969,2.8341623331223187,0.3951107650983249,anesthesia
0.519121876547821,0.19091246920992197,0.019017274337749374,0.008627062222346512,0.0010211845141488388,3.1028715808403105,0.39781842359254155,anesthesia
0.6575156657489046,0.11053964553633236,0.014011925037071094,0.006104022796735084,0.0006973037186703009,2.612826534746873,0.35815967644394636,anesthesia
0.6725336448452753,0.10994492904122709,0.012434329240478444,0.004303538924410118,0.0006923522516103802,2.53035663168526,0.3477113284644248,anesthesia
0.5689137604684795,0.17519249449375787,0.01826011595421804,0.00602961985429278,0.001016300145279171,2.9646546575542865,0.3803220752089835,anesthesia
0.49789717980755277,0.2066610180194059,0.021158099333062164,0.007053202993285411,0.0009799942980173503,3.1005513380664804,0.3994960616091498,anesthesia
0.5687195084405794,0.1837160889791452,0.01980455715782716,0.007393046737862493,0.0010391582773150222,2.8405619382633516,0.3987508440668434,anesthesia
0.6206401915674902,0.14822195088163267,0.014565630519535555,0.007278914744842516,0.0010302737790813588,2.7376704034566184,0.37467094055257494,anesthesia
0.6228839243308527,0.1427556462531015,0.010453856931823454,0.0065651333241544,0.0009554715211237019,2.661991264056208,0.36454061738253385,anesthesia
0.5909726508410799,0.1693333202208439,0.012422616222155963,0.0069290997594387204,0.0008830886672210159,2.7318851443702648,0.37943181680823934,anesthesia
0.5865388738491852,0.17858466201018575,0.015171896506813533,0.008070220666795684,0.0009823913027380252,2.731999893373433,0.38572526636467136,anesthesia
0.6625862756530907,0.12671772719749047,0.009664933222310138,0.006812416852232371,0.0008039263254610749,2.566898273402925,0.3588507539686629,anesthesia
0.5592725102971795,0.16472400030954473,0.013047172133035436,0.004976382715471078,0.0007229836371666616,2.91774870091797,0.36545217361682103,anesthesia
0.5618312228789124,0.16324467914617646,0.014138933579163616,0.00610403980469066,0.0008617223378285212,2.977314396588948,0.3647012919614981,anesthesia
0.5330915467398786,0.18388790878457068,0.012124817259294816,0.006145089135703793,0.0009190916117981558,2.975962333419248,0.3707547164101161,anesthesia
0.46005815925176274,0.23122917319364597,0.016125778303575946,0.007156395268416436,0.0010001688183232673,3.217491277853906,0.3852631359960102,anesthesia
0.6033019142926388,0.153216272889731,0.016862755453092362,0.006750147792403357,0.0007603269110503295,2.699997867777427,0.3804835328208537,anesthesia
0.5609861903829948,0.16212636151695053,0.01491725751995382,0.005378536895899118,0.0008340095926870583,2.8145579037783026,0.3761912246641387,anesthesia
0.5267209280498204,0.1888482204245735,0.014956418048181245,0.005916061000113625,0.0009438271098044726,2.9212805095417402,0.38273059774883644,anesthesia
0.6105293438510454,0.1430038435340681,0.015696058261333665,0.006038652948960869,0.0007820795254826459,2.629306068088313,0.36930476807517143,anesthesia
0.5481406262254888,0.17875773520252936,0.016360206336354745,0.006813029144801952,0.0010275969789596074,3.0039763271014395,0.3828231855711608,anesthesia
0.6311949252338871,0.15264398145233604,0.01673258565878123,0.008360594620120489,0.0011291030472387734,2.891834301873986,0.38026292174008713,anesthesia
0.6456250984790822,0.1393583262713756,0.015463256854234261,0.0063766207952955685,0.0009782071817409554,2.6671256374080476,0.37281352601733997,anesthesia
0.5991999060235019,0.15872618455106932,0.014881947828624863,0.0058357651292072175,0.0009537425817284761,2.6961269808026405,0.3722882994420042,anesthesia
0.5921588999312039,0.15543225051718174,0.011730801245480173,0.006904963519866108,0.0009920400848384082,2.7756445548438005,0.3734351848568155,anesthesia
0.630254350228223,0.16563057669157213,0.0157721257593686,0.00827489502803873,0.0009876539392324765,2.6852970320966922,0.3768675856791536,anesthesia
0.5685695510179992,0.1688896457426572,0.01439134024476869,0.009160134217566084,0.0010571847150800868,2.8469366748922695,0.38224773239752885,anesthesia
0.4772365096265913,0.22255061494848552,0.014816451528842216,0.010934362879974149,0.0016638327062249048,3.139810169741078,0.40296721727679763,anesthesia
0.6450802638164854,0.1378823835103151,0.0083457384922819,0.006439581690318558,0.0009679250239169172,2.658879223529723,0.3561738560702466,anesthesia
0.615326176077654,0.19045781701408038,0.014463629894169584,0.008727442687400768,0.0012826864925994546,2.7239659989758325,0.3885100928311109,anesthesia
0.6581919487693614,0.13496606676826128,0.013717719171668127,0.006867575286480086,0.0010583960259700107,2.580719456691241,0.37151865091947467,anesthesia
0.6021393464646094,0.14700852201456327,0.016738957936296595,0.006816916640882068,0.0008705209133202052,2.670446573043567,0.3796772177841151,anesthesia
0.5476755864675539,0.16657785281541374,0.012990941384372628,0.0065026082308591885,0.0007372333048839419,2.8727257260914945,0.3693755259756176,anesthesia
0.6000074005640571,0.1527797259841077,0.01347030669642968,0.007162032277607584,0.0008564291498822784,2.6731485145661638,0.374291595258062,anesthesia
0.5573249472383462,0.17819853478059045,0.023534150562637607,0.007429494603937636,0.0009186819061584688,2.9375652914795602,0.3936538965241303,anesthesia
0.5099749713829871,0.22258902462357558,0.02196202667721646,0.008426498697031829,0.001315285064340973,3.0012015049993277,0.4053466863472566,anesthesia
0.6562705676189761,0.12052026897532533,0.017111968347574412,0.007128560523809402,0.0011099906896131293,2.587895246114389,0.36898760551725845,anesthesia
0.6454944527951088,0.11601626243423657,0.021726175024740394,0.007749633275165661,0.001316313377210115,2.726452346553341,0.3728132959637484,anesthesia
0.5476135188416367,0.20404404800681045,0.017296129703563215,0.008579955154098142,0.001633799733611253,2.882381797437014,0.3944656439312464,anesthesia
0.6251861939461572,0.15918054954195568,0.013799513209772784,0.006512280552692317,0.0010420552086131143,2.6563831780959752,0.37797794554442055,anesthesia
0.5902960935233457,0.1699862499274244,0.019638083650960453,0.007321173338239958,0.001161836745427993,2.8356107522556258,0.3947516865948312,anesthesia
0.6158786236948653,0.16781667698267605,0.013426389629312821,0.007914498803915154,0.0010857738167843669,2.580919233099837,0.3807394447235926,anesthesia
0.543766923440649,0.20601484764655975,0.013878908352972806,0.00828810949421402,0.0010162687567714015,2.859888406105713,0.3847961470193074,anesthesia
0.5951902996893812,0.1682857027718974,0.01287540378175272,0.007138581772166163,0.0008222568618885405,2.770117988884799,0.37863220179508694,anesthesia
0.5233571011967224,0.2082719742011968,0.011268173837907926,0.006572964416073876,0.0009157849192937432,2.9575852637626783,0.3843708108856043,anesthesia
0.5179905452412464,0.20633727222262113,0.015709071406114102,0.007434070265600682,0.0009735462776481535,3.027654250492816,0.3823320235201259,anesthesia
0.4954968827123214,0.22455089661655592,0.016982518645647836,0.008000859750504472,0.0010434159942203937,3.11168166589575,0.39886237442195854,anesthesia
0.6236423034242959,0.13904260037702626,0.01278951295629354,0.004563230570112027,0.0005789307499224327,2.671411046692474,0.36697327853849265,anesthesia
0.6179592691949646,0.14316068494279022,0.014810095226959578,0.00644892130240421,0.0009188823713413246,2.7239320247927212,0.3737619104333145,anesthesia
0.5740393486310073,0.17539280263234255,0.01884125081670345,0.007757147055017645,0.0012499951004372573,2.874092669204328,0.38840674184217827,anesthesia
0.5709686744839607,0.16294374720358784,0.01923482544855686,0.00845983508034047,0.0011264769212254557,2.9383395600128215,0.3827638887890111,anesthesia
0.5831762238315868,0.17565495517884214,0.011154857533681402,0.006546659395486039,0.0007995185417866458,2.852242272888875,0.377372039092854,anesthesia
0.5204858238874533,0.20738280188888755,0.013359544816173161,0.008394516933857725,0.0010089425300511576,3.0582606314262413,0.3866679237917091,anesthesia
0.5728311880338067,0.14631482948720317,0.013345353464284166,0.0072303176417419825,0.0009836387288529615,2.9149627464964794,0.3634930430432148,anesthesia
0.5512895091145272,0.1630154638751133,0.014784732627322245,0.006072707204668756,0.0007873668235142829,2.9769219486997343,0.36865193273482505,anesthesia
0.5873748392952642,0.15731735558632984,0.01640078298682246,0.006994136645599056,0.0010414309219913083,2.812243456105012,0.37656499193194193,anesthesia
0.5718505928827413,0.1708143156774539,0.013200498980620416,0.007120313195507381,0.0010105377666481076,2.824343235420684,0.3765873922209777,anesthesia
0.5836758564778013,0.1732681791781962,0.012122852339322842,0.005531161676829564,0.0009015533939379276,2.782415909092522,0.378571693351669,anesthesia
0.6419262666576414,0.13337154909133775,0.014587818797368805,0.007359019759847899,0.00118908763208217,2.6174708460813063,0.3685423321124683,anesthesia
0.6124863256606348,0.1440713235752343,0.014919347387629461,0.008259868157339386,0.001484287942545662,2.7379142157233636,0.37482897950099625,anesthesia
0.5385810179640177,0.18189367072592655,0.014107048141155425,0.007625836771291798,0.001344504981419329,2.995293566515044,0.37862598945866566,anesthesia
0.5104789524264195,0.1919235539763537,0.013584061722953409,0.007542919302486189,0.001191949408221947,3.0717541612996935,0.37613379696754173,anesthesia
0.542405043399324,0.20141331885500113,0.018555606676469133,0.008262892347646572,0.0011210606328518216,2.9729704996606885,0.3953587135910931,anesthesia
0.5413971353963338,0.2053378173054371,0.019871080621742754,0.008462894227844749,0.0009982858567419155,2.9481728338964834,0.38648743756843407,anesthesia
0.5901050968025432,0.17189042271341373,0.015493406058195837,0.00692357505669309,0.0009454538250772446,2.8844012713314156,0.3765696290733961,anesthesia
0.573993253675736,0.16001462353547197,0.014938406184002129,0.005963132601783802,0.0008386413706900795,2.8462145003900994,0.37765044203192233,anesthesia
0.07805598457440577,0.08313781851878875,0.250520503255976,0.3721058600903155,0.08603885755258323,14.894660792178577,0.7198811598168403,awake
0.05896894217464049,0.08922997161010313,0.2268897664433486,0.4010924978886119,0.08322073289986129,15.408434614348684,0.7254982767102652,awake
0.08602577357361993,0.08746380431691578,0.2121020945179633,0.40817784708910926,0.07735651473156809,14.770662881169713,0.7270114507776589,awake
0.07108419394856398,0.07466115514990082,0.23309362020460653,0.4062464220247836,0.07777192011822215,15.139451657699677,0.7258865415236483,awake
0.05763270628470003,0.08188173768807012,0.23936730777268092,0.3963382210085265,0.08393314359721557,15.384913504745413,0.7244611391111929,awake
0.07966587548050606,0.08096288777463799,0.24417206741759703,0.37746353600523647,0.08168958507929004,14.999880161129688,0.7254083170593412,awake
0.0716825602704079,0.07742387652756826,0.28669137016162444,0.3380518872099815,0.09558668334900129,14.805544416997583,0.7185252358277259,awake
0.05598773243055189,0.07244573628900722,0.29844663368117474,0.349058045372841,0.08724412549957,15.06039972617088,0.7166458091470761,awake
0.04764791124783324,0.07168301120163616,0.26697664431968215,0.3817072552414415,0.0997023497906124,15.841958178712337,0.7257555508694055,awake
0.07406688949816971,0.10201586691515331,0.1860382817677964,0.3798244692549755,0.10881496938038203,15.822980328004645,0.7342702208071247,awake
0.07730187492806294,0.0809386267629727,0.260068763525506,0.3401640610887558,0.09244726985185633,14.811636103924117,0.7224501716876901,awake
0.06254625836720779,0.0754902042491363,0.2885649652590421,0.3591692514527022,0.0719448613025805,14.67158936544024,0.712855823402729,awake
0.08125925444386305,0.06224011562855771,0.281944181238356,0.3578094509142617,0.07948381806973863,14.456743008136714,0.7127911096694978,awake
0.07831598006855428,0.0796007543589423,0.2618806286396768,0.3557515894804821,0.0784887006275825,14.582229324683732,0.7170971421850433,awake
0.06519177608755167,0.09445443280333098,0.22331206868174794,0.397561916702222,0.0748977478429517,15.202779143225419,0.7247885684000108,awake
0.054814133958415265,0.0880708822108467,0.23114488253332097,0.3980773108810765,0.07460518707747353,14.824764998520461,0.7148705810860736,awake
0.05520691609488136,0.06317593980385103,0.26836249999451933,0.3943530876729823,0.08237555464182447,15.349847922014202,0.7197023840335219,awake
0.049655199156578796,0.07240136549037231,0.2996758117233522,0.35109093182053724,0.08102612668290873,14.970554679496864,0.7108044431321378,awake
0.06846136936204679,0.1013393188520342,0.22693555263018012,0.36094472715747283,0.08729052417893764,14.9968084699137,0.7219505312313419,awake
0.06328879208759085,0.09583999947385849,0.2321757957156522,0.37230276995011524,0.09779983049770379,15.358312879020813,0.7301143976830099,awake
0.058066759018070194,0.06956723649853333,0.20874103099072255,0.42994414076999066,0.08486159145555949,15.884866197941417,0.7289040120166289,awake
0.05594228046855848,0.06432316536172084,0.2129595211692663,0.4668749950732819,0.07749511006463355,16.287173217081122,0.7296734632687145,awake
0.04168802145806116,0.06390123480001911,0.2205133552392218,0.45492083116818866,0.09790570733138847,16.627889862888185,0.7324185735677539,awake
0.08095388280988712,0.06241653994499783,0.22259134200960295,0.41436877249913273,0.08089203496306437,15.514540334317024,0.7275003625624485,awake
0.06608359037035602,0.07856424288172599,0.23097449471881348,0.393876995145811,0.09100427558977627,15.524726670945482,0.7317647374594237,awake
0.08599889758075097,0.05725552419083567,0.25756637181894054,0.37058064846799627,0.09249761483772563,15.241662768456115,0.719886209355056,awake
0.08724324549614655,0.04975152281370192,0.18250565074763178,0.46201606946210677,0.10118458783523847,16.379999387668143,0.73590815204658,awake
0.06326647484729232,0.08656264196879006,0.21843147485054512,0.4158061530999755,0.07858784783512021,15.303130625723929,0.7279572112826865,awake
0.0584585649809552,0.09269666715084414,0.23881212858714687,0.3836539590421627,0.09266084086198109,15.082192387408922,0.7285350069138675,awake
0.08424703117550301,0.06602970713539914,0.2659070565833311,0.34340523531086997,0.09229502224485223,14.951892790866959,0.7177427634875826,awake
0.06137699872298311,0.10473069744190969,0.24194945674441184,0.37999976486494247,0.08643465519865011,14.86557877555395,0.7250419433030219,awake
0.06451235162991888,0.09607945248200668,0.2322500572900583,0.38769666452951934,0.10239239698633734,15.708584923059036,0.7341572280638772,awake
0.05831686949209258,0.08723191641269336,0.2371648613827408,0.39227029057538815,0.08571747441397316,15.382682388593075,0.7279969008566325,awake
0.07506601196735922,0.08451359137451071,0.2557382827625629,0.32850914071741244,0.09213315106441694,14.68087074279877,0.7169141669714748,awake
0.0777225174845063,0.0865116009705576,0.2669763783258615,0.3190693731955291,0.10210726058157138,14.831788535480124,0.7216784936767431,awake
0.05405749656223234,0.0857336814362572,0.24175367400102293,0.3507168814888986,0.10353927496844345,15.786843485687921,0.7183214618469913,awake
0.04759963038840889,0.07025206547284565,0.2213648993410924,0.4312411073064417,0.0801685060280402,16.194945321698548,0.7243368577151413,awake
0.06967292863213803,0.08287049656930096,0.222831286977773,0.43183873433992437,0.07866404387490225,15.702841668359863,0.7309138799362394,awake
0.07741574678765197,0.07819636008808399,0.21958594070861506,0.40070419655180267,0.08863118288548961,15.211188262609717,0.7308299896267431,awake
0.08353729188025873,0.07568620770641861,0.2085680633450083,0.39266096717779175,0.08903601258563433,15.279879298851945,0.7309100112815238,awake
0.08977182696452364,0.08243274925499657,0.23505584314937747,0.35871140853540323,0.0784833972157266,14.505387568897916,0.714545000694412,awake
0.07261294282096341,0.06911689776753417,0.22230019431016776,0.41676579469259717,0.08996792436095927,15.668356389597399,0.7303094091530457,awake
0.06876115951991862,0.07301555911868947,0.2190720729561264,0.4081358703628805,0.0920420785154211,15.957707104327636,0.7343479559197037,awake
0.05627609312746628,0.07131543911905255,0.2997181487304341,0.34963534574307686,0.09283772320234616,15.405427206941162,0.7173272078974654,awake
0.05374388541088002,0.09248357947969665,0.2656769997574394,0.3566829060962767,0.08982453316716688,14.93932672817749,0.7217717805845397,awake
0.05902964671493415,0.0816392118296934,0.2385333263635093,0.40220984557695844,0.0965934828845884,15.650903684374619,0.7350551543663206,awake
0.05774179865658741,0.0760800618406921,0.20463721703238122,0.4413741054805324,0.09720829205431944,16.238803946191318,0.7314702307190015,awake
0.06716869059714721,0.10947668720862289,0.2720917167303347,0.3186898843074628,0.08864266561854274,14.542598747229677,0.717382026068672,awake
0.048491646827057706,0.09814178701309534,0.283938938833666,0.34020860452682783,0.07856466278199199,14.769371702034725,0.7129911386790192,awake
0.06113302357388676,0.08408562542796083,0.25152942738470946,0.38949906455856775,0.06987296737716725,14.894883816555204,0.7152352644877442,awake
0.056828059534703636,0.09386996965468773,0.24874694810926787,0.3888440877508241,0.0698833731519669,15.017809655187614,0.72161314984117,awake
0.04890025361891153,0.09340241524667417,0.25040285444344124,0.37770326153373573,0.08307061126517597,15.21992551170331,0.7226170005316361,awake
0.058341827619648984,0.1034282227094645,0.22972597628779354,0.38981595963171983,0.07972932312838164,15.365202253542577,0.7267817176989472,awake
0.0745424085033699,0.101725534659148,0.240672381951707,0.3661573296473916,0.08273985737432077,14.967621847865749,0.7272111856169371,awake
0.08003035021491582,0.07935608282025143,0.2582941903531554,0.36859617251558524,0.08738766400259658,14.838730940917669,0.7229434515864743,awake
0.051982874570770506,0.0744389085027793,0.2873579678277133,0.37043406780023796,0.08952357617117207,15.442329064551322,0.718400348524669,awake
0.06740529734045875,0.08369646511964177,0.2838326986962844,0.33818405511347166,0.08545080960801539,14.669773171068528,0.7188364631978746,awake
0.05652135835634848,0.06604174718524451,0.3245750630739692,0.3488433134826963,0.06855434439735171,14.471597946974217,0.700228492014924,awake
0.08923600676094867,0.07184570544772627,0.28563397962359066,0.34503739546920503,0.07193054272148895,13.973390353900564,0.710977751683755,awake
0.04893985286523891,0.0824835031624647,0.1763179094815658,0.4780400651171103,0.09726749009380203,16.83780482383639,0.7382526306196461,awake
0.052845035418879346,0.08608402036107353,0.19938899544609537,0.4459517422203632,0.08929105626856855,15.98545691389623,0.7326037768729035,awake
0.054250586634122445,0.06929674248116208,0.21402718146683689,0.4495176959084153,0.09058960142341002,16.287188315626363,0.7337921220578937,awake
0.061969914895741954,0.07023942230298698,0.22024566765966522,0.40910488764745684,0.1081909431030447,16.242409001471653,0.7365085901801932,awake
0.04957507149871484,0.07652094963288114,0.2153097077983864,0.4272984054966913,0.09672006165517767,16.25740851666966,0.7347256027263439,awake
0.04380379416198881,0.0916089162963638,0.23247795979757882,0.4147267964896132,0.09384199589275462,16.288304367454923,0.7332991293592989,awake
0.05389211915015472,0.0705240303606723,0.3234540643072659,0.36621857110782324,0.06161342046971345,14.678129712699574,0.700860650501335,awake
0.07173097755798936,0.08075653543201396,0.2207126327088058,0.41508488505611496,0.07620183773604075,14.987154376975989,0.7292190817109448,awake
0.06389857675217094,0.10568940872836201,0.17025639842673856,0.4439477871297602,0.07793616420966844,15.544135599245754,0.7364841640924518,awake
0.07346750848003882,0.07460507488923473,0.16684259071342197,0.47206011195045755,0.08071095000418238,16.00598691349064,0.7350418464171822,awake
0.06738184370510897,0.07712975462108142,0.18498207355128973,0.4272416876545374,0.09715488669874255,15.997600006024426,0.7373222852630842,awake
0.0658988602655231,0.07841536273990961,0.22974279956154162,0.4100060766777775,0.08118542917181017,15.674975988227137,0.728288971057006,awake
0.056015741396545034,0.0700688786693811,0.20315886736544062,0.44928099642259756,0.07903416990236682,15.86390247943834,0.7279920555347439,awake
0.08633790013269944,0.07983660070741876,0.21531373653446984,0.3936692002415341,0.0903620034921797,15.130400038017168,0.7303545754773393,awake
0.07458647878462504,0.07007428469422644,0.248096333727241,0.3776746136574799,0.10137958531293306,15.652840482672525,0.7291066411058148,awake
0.05500335767942949,0.07292288150772837,0.19160498006187077,0.4710593183761569,0.08868608089655733,16.803011709270553,0.7363683242641248,awake
0.05520621455994475,0.07797157231530873,0.19995512714062272,0.4600337674645563,0.08167522393467211,16.433892173464244,0.7328230018079096,awake
0.04943034716060942,0.09557695622922571,0.22643724862806178,0.41993563007786555,0.0700960576228056,15.593504157577788,0.7247879737635262,awake
0.05106042590205552,0.10745186815256388,0.18868729626272246,0.4488979241032455,0.07489347638002153,15.58600636059445,0.7298950688110996,awake
0.0690165988151436,0.10257825769109595,0.17325832501029972,0.4453650448237452,0.07974566465610365,15.455981655133865,0.7351908579196011,awake
0.05656644329347688,0.08978378404684632,0.20791471336260003,0.41194762111009886,0.08074114978406703,15.670458715914647,0.7302208909091903,awake
0.05056773216124995,0.07914808325341854,0.23054579214278778,0.4215690541914608,0.07305256886783626,15.77345194662487,0.7270329078732565,awake
0.07181419005961977,0.08482122294135101,0.17836007049671057,0.4432493360654371,0.0820046545690315,15.764965375524529,0.7362230553715213,awake
0.06881464899448005,0.07621121513830229,0.16037689278468603,0.46216375813514593,0.10210537001381878,16.608740933760174,0.7393538350019738,awake
0.05603049134265967,0.09137410082578504,0.22450048938516035,0.42151280195785085,0.08720556118542579,15.61381802608197,0.7303833444058632,awake
0.04979384439295769,0.0857420596501566,0.21900989453693756,0.41891408473090924,0.09342617712171282,15.748499623468842,0.7275921874243012,awake
0.04995308808181461,0.08179665164557753,0.19108436015669206,0.45122722056790093,0.09775603453751058,16.45697185950162,0.733411118517091,awake
0.0537277698980083,0.07109839802456042,0.23438081136592767,0.4380688936034845,0.08102737756876219,15.811014316862805,0.7271226654609152,awake
0.06083085025338808,0.07102307167756419,0.19220703768354674,0.46688151411892703,0.08033656657070747,16.06680979777193,0.7308305143194902,awake
0.05709232345210885,0.10831052540767595,0.16180816980536591,0.4502847112410415,0.08721883792349457,15.791713325937822,0.7348337539789218,awake
0.05029403209627679,0.1041906010263491,0.21924504283157908,0.40836884948386387,0.07694911528844584,15.568553793265744,0.7267967584106277,awake
0.07948164896535621,0.08777244284746154,0.21459369334852074,0.3929279889437077,0.0857877913422306,15.372826243974984,0.7296393747397826,awake
0.05944182996179327,0.07192041788129619,0.21907226837877913,0.4337917303574795,0.08000048931413774,15.996470220386856,0.7288453448129302,awake
0.04153091920901548,0.0749091429535311,0.22081761111058276,0.4498378156864826,0.07349730138875407,16.080625667087073,0.7228855993690877,awake
0.04897424127797656,0.08354713067765031,0.2251502078052785,0.4335112674353317,0.07239243257306599,15.721389715791894,0.7234752200285454,awake
0.06272392311539007,0.06576929524784003,0.23210384428796924,0.4401247364758993,0.08774193639714527,16.085493384205698,0.7324059014712724,awake
0.07303473700678277,0.06208296995577769,0.18526803689981808,0.4569426245984163,0.09270535223944772,16.175571939093647,0.7342751528986542,awake
0.07055956638524036,0.07720229410027059,0.17847588417540744,0.460343505496931,0.08477390170938698,15.838854060854313,0.7352346758730847,awake
0.06787851064883073,0.08367845641635493,0.18651737531733828,0.44306526955647074,0.08517616253251677,15.583404620799664,0.7310987125833449,awake
0.05890835914290602,0.09101483026205757,0.1917780150291156,0.43308985939929323,0.09821590184880702,15.904563086608457,0.737820854892167,awake
0.04795922699798568,0.07511228151165546,0.1873498120239864,0.46794885833544325,0.1006325504111518,16.795561563650985,0.7396369838598759,awake
0.0643492659850272,0.08749444961378397,0.17573518850924805,0.4425261527290846,0.09749152504208156,16.02649374680098,0.7408345505807369,awake
0.0493085003014097,0.09697848859055178,0.2129787400570112,0.42014837524753107,0.09286330137721255,15.809551853836037,0.7347980826887245,awake
0.04954261852311736,0.09263252072142975,0.20932594829235,0.42628663969370034,0.08169522361839075,15.90252237555294,0.7344371102393801,awake
0.06887888709310448,0.0965426251476366,0.21785253285348974,0.39047161066148495,0.08171396920213195,15.196580675814976,0.7295814140264993,awake
0.04345167647121248,0.08484665205347554,0.23500297998120487,0.41368661403951335,0.08464462405951635,15.65348630173968,0.7244529278081635,awake
0.04914922482024338,0.08592088628358135,0.19105907011737205,0.4686384831533734,0.08878577304029156,16.05196017707161,0.7337420899155498,awake
0.060392246490536663,0.08692343076715951,0.15609523290753932,0.47859941360281844,0.10455958595842423,16.61279990473704,0.7427491286628416,awake
0.06901620506238407,0.09642807107968021,0.1863454583666627,0.4210340942265138,0.09904684177504723,16.092578580113308,0.7393740005876573,awake
0.04647614125362238,0.07866416413583809,0.21747359669666705,0.425986741716237,0.09188233574944828,16.268360385132937,0.7287608572795136,awake
0.05333082224020073,0.07021518911124529,0.1963657253159038,0.4878920255512056,0.08501200771435083,16.513855198484162,0.7334559093697621,awake
0.06066510046412623,0.09090117997933782,0.20256376830874198,0.4415484500074233,0.09419738811059107,16.23312597337986,0.7381411786650173,awake
0.05105563205100512,0.09363139499542576,0.23759899889977915,0.40888388632729156,0.09364208648206304,15.933327136553494,0.731334951481263,awake
0.0436254525268032,0.09056802349773763,0.2718833365771204,0.3637383929482745,0.09773913044032477,15.565350029236667,0.720409065044451,awake
0.0525170570566884,0.07376032023702549,0.2661412885106657,0.40563206986504136,0.08039481421043446,15.679078766902936,0.7182243638962735,awake
0.05359854416185009,0.07941786580208283,0.16905639297751837,0.4903644348494126,0.08943189792441619,16.666698034033168,0.739428449128503,awake
0.046866112784543106,0.08101657629281232,0.18418871776845047,0.4660465652757253,0.1022503869091893,16.527890325814607,0.739337414003572,awake
0.06513443253157077,0.07684909366356261,0.2064959236656569,0.44198323563739644,0.09282265584630528,15.919344001010804,0.7318299043578528,awake
0.06935553576564535,0.09726761603765668,0.1911941901724379,0.4274661879007367,0.09207449013385557,15.591782444426325,0.7363348590025195,awake
0.5271142471691792,0.20552412194248618,0.03752398423269808,0.01622989685843686,0.002615710298846487,3.3487838777734784,0.4305241042759306,sleep
0.4711120247340986,0.2219844675674201,0.047719069268895145,0.012453750241604878,0.0025918641163165243,3.5864296488433305,0.4417609367697181,sleep
0.49661696287495216,0.2320759723441657,0.034623692703494684,0.015300424987247202,0.0024738429170598746,3.4683457046106,0.43768778850775764,sleep
0.4881602700798181,0.2339533395346727,0.03629688081270437,0.015037965964356676,0.002755047680440929,3.521979850345345,0.4383890258901693,sleep
0.4714470127699482,0.2257467103977891,0.02995636545538681,0.01503652021194254,0.0029653354907875234,3.4486069328618147,0.43072529344974325,sleep
0.49724435006124595,0.22045721702716337,0.039476753025745534,0.016781168622236366,0.0032444716170981127,3.394198487562331,0.44025198395674414,sleep
0.5014024768823759,0.20126854392208138,0.036564023064102856,0.016222425170443863,0.002772104490114472,3.6048283964123993,0.4302811080861827,sleep
0.46814523712568973,0.24881280484335544,0.03593437488015867,0.014682483920704143,0.0027193286270342266,3.651383134432616,0.44214513839265707,sleep
0.5250739275848164,0.21173753574296844,0.03531453063388915,0.016590352709951878,0.0026054095523536454,3.5165644340782785,0.43341439206812377,sleep
0.4937400585759856,0.23189481858823624,0.03797082580034294,0.014837368775332748,0.002624182047477154,3.506144800500166,0.43787007969725084,sleep
0.4705255032592284,0.24639654815772566,0.03644068262288136,0.016564174345470844,0.003542780670042764,3.4470985361817674,0.4370705713977312,sleep
0.5011461415452328,0.22721077344505808,0.03689147202338502,0.014607849431223983,0.0025357688670579357,3.4363811253760144,0.43822825285176403,sleep
0.46360455347092044,0.23794685483758168,0.02718966098334355,0.01442186000589488,0.0025806328335902426,3.5560232741948914,0.43202759064626245,sleep
0.4806215372146039,0.23085139219508644,0.03166422249621182,0.01571680800804186,0.0027032161634970306,3.5267655208867024,0.4381903731847181,sleep
0.4600611125350192,0.26424548397167974,0.03746501294619966,0.014843378547451581,0.0023781687128596614,3.5434114502719343,0.4445302284449761,sleep
0.45347446240616324,0.2564287952012187,0.038916442715884986,0.01734964599496974,0.0025899382167265655,3.6569063748826762,0.44354110696961196,sleep
0.5409396020353582,0.18042217268637029,0.027351415793573676,0.012820786262220826,0.0023296392283602987,3.206935366546556,0.40920925349714726,sleep
0.4535319181859211,0.2384379550220428,0.03298573006282079,0.014228247042375646,0.002874954574099085,3.6379317153174036,0.4277533870505276,sleep
0.44576127896831164,0.25245650954908294,0.03680943938934689,0.01766262304966874,0.0031340013408694216,3.7304776623069738,0.4408398252462786,sleep
0.4910040415186944,0.19506495109797684,0.03494939888604897,0.014672762883825442,0.0031390112143179273,3.5621692451605846,0.4280901761999048,sleep
0.49150324723710787,0.19923337074201744,0.040315269031782515,0.012963827498205908,0.0026005574286301182,3.5503702048928605,0.4281865283780637,sleep
0.48838952463780366,0.22568492980778707,0.04024324828866325,0.01720491402414754,0.0029991482275833954,3.6041913623014517,0.44586210835946954,sleep
0.4525111449243784,0.2585733436684196,0.04826918214489269,0.01753928190165559,0.003298196601144334,3.824383417808874,0.4598881685824053,sleep
0.4594606537077797,0.2674375674942981,0.03082654719610656,0.012982416701764435,0.002867067765188321,3.4998279582992597,0.437454265214607,sleep
0.4226494637954619,0.25693909755944916,0.04024789606818273,0.017239757194745135,0.003586657107591143,3.7181904075947076,0.45351331979649956,sleep
0.5224272854275331,0.20062908756704606,0.03206797738836332,0.01352099616101663,0.002215660989483058,3.409083669464503,0.4231852985932854,sleep
0.48361270232641734,0.24554311389061972,0.038239694757414656,0.016594253592277543,0.002750262874250843,3.667320915945999,0.44315153581224404,sleep
0.462474268135274,0.251854617486791,0.036454179456147,0.014031759001198105,0.002408560174454813,3.604098176085483,0.4457873532600198,sleep
0.4931074061790668,0.2172590907391957,0.03613193500587628,0.013826936463924067,0.0023680942585690896,3.4517938896539224,0.4308639317892751,sleep
0.49804727117388653,0.21345789229978257,0.02680680986918291,0.011879878608875141,0.0024461002665841004,3.234523548691507,0.41467835254603774,sleep
0.5334524050838853,0.2233542004075796,0.03862026173430806,0.013689103333978072,0.0028530398752100177,3.3220263386243367,0.4255102242124949,sleep
0.4761704463447836,0.21540704277956865,0.05255566566591624,0.01670060031545996,0.0032091320575988705,3.791458835944746,0.44845554041788255,sleep
0.48171592403301927,0.2344875785641934,0.048052274525308185,0.015123655491399879,0.0025620929666564283,3.68209167100874,0.44787170778289226,sleep
0.4762542248860874,0.2656881199108896,0.04367239540470772,0.015200430424192788,0.0027149675161665227,3.636128434229409,0.4495281567567657,sleep
0.47562845591391734,0.2570598099293839,0.029885117410996264,0.013471427394458042,0.0026817269695586245,3.4158348920108077,0.43911471215722986,sleep
0.46459921221078,0.21595023885006592,0.029532956598143558,0.013489692348326853,0.002376751089997731,3.542171669067742,0.419564057450324,sleep
0.41704385742876937,0.2710249441606473,0.03456508368055088,0.016847026286930918,0.0030267616260710763,3.7574823931399246,0.44499822896444424,sleep
0.5326266568427804,0.182086580149724,0.038446393812538504,0.016349686998637557,0.0035339891734724725,3.3846830929128755,0.43198424873591407,sleep
0.4287903004900654,0.27154931928092246,0.03265396488434781,0.012257788759242504,0.0024618379641410874,3.669567796833643,0.43820906883397515,sleep
0.468774502896466,0.22775612339616544,0.034553873621125816,0.01272599015167228,0.0024314725823313607,3.612331704203477,0.42482286578877176,sleep
0.5146318102023897,0.20120295410852887,0.03618985751567154,0.015612871235167752,0.0026785391799135885,3.4459214551115993,0.43157506565238807,sleep
0.39616788391408275,0.27929455854677876,0.03616482149734791,0.016024264937946817,0.0025558542080170773,3.728903745288529,0.4442626756467871,sleep
0.4595988253417699,0.23914248842212305,0.04124533674102843,0.013517823425196387,0.0029102914872589634,3.6816913973821754,0.4399353286242886,sleep
0.4706184134265999,0.23759429334794432,0.03706055583928898,0.013723098303716841,0.0021745738428393525,3.604089092187846,0.43570884578316815,sleep
0.4627268637316151,0.21905503392673245,0.03560013362071343,0.013627636808192048,0.0021684354053877605,3.525673084397247,0.427467762314242,sleep
0.4652333696840772,0.21563580400650098,0.03702849281438998,0.013405467474754951,0.0026031123695119947,3.561108975955214,0.4288858125224009,sleep
0.5585728406833057,0.17777687739813333,0.03453682252818034,0.012600902051104115,0.00266832100288061,3.3330598424299516,0.41250328183329843,sleep
0.523404328413201,0.21022800707341333,0.034807735039749196,0.013969227660892517,0.002493876796363085,3.425706919849755,0.42425452894066,sleep
0.4206961563472712,0.28565295086790704,0.03533634645479953,0.015881035412190242,0.0027052657683489106,3.8126347815008153,0.4501822283536726,sleep
0.40484040942516536,0.30373186150571724,0.03598012261505423,0.013516730151874651,0.0025343439069744804,3.8473482603491362,0.4458144342574427,sleep
0.410756324536773,0.3065666888476737,0.03922184479517926,0.015632781126828418,0.002707713580812278,3.7408995130287677,0.4490655437017849,sleep
0.4978038659720992,0.23344903094395394,0.031997563068937786,0.013304047222874602,0.0023524246111665034,3.3669011452097584,0.4372609004686057,sleep
0.5854753072283995,0.17624970112066682,0.03533454662496836,0.013993432419166434,0.002154898584091029,3.163737555886502,0.4179042229658024,sleep
0.5453133304569253,0.18087081535217384,0.04515430971865245,0.014107691105813886,0.002244936169551729,3.367264340731518,0.4254189530562602,sleep
0.5046355262251321,0.2061172198440227,0.04464309211816985,0.01954668040588102,0.0029916168269835362,3.5711324601170387,0.44071503825988767,sleep
0.4664469449424415,0.2453602349812147,0.036894163304707635,0.01406783141144618,0.002654745862350932,3.6035920681164084,0.43741732848705445,sleep
0.46282855600096673,0.2474549150114174,0.03583392929616507,0.018876819044607293,0.0033703544855532216,3.6779571689102464,0.4515693042779345,sleep
0.4585560073190264,0.2368532978744503,0.03488522216601123,0.01461885458606353,0.0024787960063013827,3.568173680364056,0.4352677083583575,sleep
0.4696648849060163,0.23469118650333104,0.03733264089328725,0.015160913312291772,0.0027086801598062886,3.6064989898014344,0.4408253732407079,sleep
0.49434903118691087,0.21709309560672094,0.03153487083879656,0.013063894892433434,0.0025949921161449014,3.496986107924323,0.42427595581596256,sleep
0.4707257372972624,0.23602827768501494,0.04669436604031481,0.013070637064889841,0.002676331132053988,3.555467663525135,0.4470407499095165,sleep
0.48961537754442286,0.2580650966242957,0.03558558168702005,0.01224316255605192,0.002243648516894719,3.5341942652338414,0.4340395966827983,sleep
0.4452313040129627,0.2610736986034142,0.040835868746576215,0.017431502928855445,0.0033563685205194814,3.82450189334633,0.44372174180344065,sleep
0.45364585879077807,0.2563022807262533,0.05244730937551642,0.019310125014128193,0.0038803272785935734,3.719604558290733,0.46550476383096556,sleep
0.5082784805416711,0.21863674054187682,0.03713586997368366,0.013722913900952049,0.002404168637925989,3.359645127722685,0.4405887063625612,sleep
0.5189656848540871,0.2004446426374506,0.03096285898845064,0.014665273406250649,0.0025548628756534774,3.2978537604650655,0.4216917758858447,sleep
0.47156270249953675,0.23816110142445898,0.04352434595862605,0.013495526139537299,0.002841208017976175,3.585458839093722,0.4394618717721608,sleep
0.42240133878976277,0.25694277561843026,0.051325088947366836,0.017620992841853363,0.0036212795757819337,4.117414209706993,0.45511678290970314,sleep
0.3583034305540913,0.29035233546536315,0.05580586195816784,0.01941455465227961,0.0038677504906602543,4.265068491992165,0.47028874724366854,sleep
0.3511265029148036,0.29904782317310663,0.059527201087319924,0.01780987054665375,0.003380566112682817,4.31209549214798,0.46414167979282317,sleep
0.40045723514486903,0.2743813347231171,0.05164982641077022,0.018671971190641606,0.00323844460691952,4.101028063581651,0.4582748930985144,sleep
0.47139537190989567,0.21532305277532027,0.04424013197899181,0.013683996055952923,0.0028185483774171294,3.7612550428716105,0.43773089779044444,sleep
0.4121187266966246,0.28327047848775816,0.04204556722977561,0.014413996691428375,0.003398420678143069,3.8159972891705465,0.44462281250214164,sleep
0.3680425584789331,0.3079781611112618,0.0402118500605583,0.015034212650155587,0.00308071028638399,4.069995566624261,0.4476565187646312,sleep
0.3834084539578993,0.26874019527207416,0.046697266430034336,0.018949227997116742,0.00290738554636796,4.060151705627488,0.46024992849793345,sleep
0.4652083802395145,0.22052212653756903,0.047913817830820875,0.0169241206530208,0.0028521043258391983,3.7685540548050036,0.4451672615523242,sleep
0.48033740165349686,0.21275590070978187,0.041393848097893565,0.01360628257606245,0.0024256645259392753,3.5446906138582963,0.43469026598771304,sleep
0.4802274077953351,0.2587360586798781,0.04145319921722338,0.01825774898226775,0.003467566517511579,3.6755378056362185,0.4563131156990344,sleep
0.47600082166030516,0.2361395731710566,0.0472917728144419,0.01814077877075349,0.0032895094554451134,3.6864777975097947,0.45370420854404114,sleep
0.40020685957836394,0.24181936215716707,0.036450977398691776,0.015164563014927123,0.003157962533387984,3.7784939210150306,0.4305511270875451,sleep
0.3998160656485719,0.2444336059277259,0.040705520932840494,0.01607675869651602,0.003254449823147101,3.7981102411580396,0.4342377560837388,sleep
0.5069544199707191,0.1894237141465656,0.051062011664383476,0.017477646808746503,0.0034986445483406875,3.5728863983081007,0.44407516340538394,sleep
0.4345922197654439,0.25722661096259686,0.04726411659921939,0.01849497402756283,0.0033336272924441106,3.8226552852778295,0.45451373212948254,sleep
0.45309803702764206,0.2475083337398148,0.04527668924014259,0.016216895502004045,0.0030446852470313547,3.637038430213927,0.44371150800121845,sleep
0.48266082002296506,0.20188461504633812,0.025924723974013644,0.014091570223195161,0.002783776315980762,3.4101083985259852,0.41257369315839576,sleep
0.510876116779259,0.1668375495436578,0.03201325860690554,0.011933812684955412,0.0023001426497435778,3.4382214759280068,0.4006096236090656,sleep
0.46986772233601554,0.22543003600381173,0.0312712180299106,0.013206512696632774,0.002593814159525809,3.543048745077977,0.42769023305013726,sleep
0.49293095254595115,0.23475083646901124,0.03268066943642005,0.013998111721481776,0.0025040012023678933,3.420711077762409,0.43301827595544007,sleep
0.44998128239914137,0.25651546590906793,0.04163859054504722,0.016812892753312544,0.00308229202433191,3.7306926700589185,0.44625810538635574,sleep
0.4177604689139943,0.25745385712960195,0.048307989661391056,0.01773302164020459,0.0030574719737084537,3.9523270142177678,0.45679962363472293,sleep
0.4591259001041741,0.2595764684482395,0.0537735485652648,0.01663980673184712,0.002932388885271199,3.5921714345341287,0.45842634478499694,sleep
0.47199938906218714,0.2432423824032422,0.05081750487615502,0.014528832564445694,0.0028240655704566972,3.5085850391904705,0.4486764231618293,sleep
0.473913758399953,0.23448262963345556,0.04415840104195492,0.014096743736670133,0.002447198286094865,3.6243452413038333,0.4428431408405201,sleep
0.4876779855491387,0.22017219698521825,0.04443296015713426,0.01590899951512003,0.002940593398059929,3.5905091526549398,0.44318784174638565,sleep
0.425913626392573,0.28790473209108125,0.03134705675652287,0.01255778638207905,0.002655308394604187,3.601478910165424,0.43673598662285923,sleep
0.3794141017830236,0.2910846293458319,0.05493763779745854,0.01808271387090471,0.002671925445333889,4.0785739675848225,0.46867962178527467,sleep
0.478321904440861,0.223638251155554,0.05522915758631957,0.01575943858639588,0.002242623962845658,3.7499043284486793,0.4521199283425284,sleep
0.43976824197347053,0.26601760630599675,0.0360848431675246,0.01192864084611739,0.0018000573242204212,3.719594996037435,0.441195869714642,sleep
0.43782996595063667,0.25162168784106187,0.03880622799171791,0.013566948316441776,0.0030942816955333375,3.8244671872678087,0.4359626608163865,sleep
0.48492941067392353,0.20356334216638583,0.045724427662337135,0.015501869304385522,0.003288276538091528,3.6039583183185573,0.43979280818762306,sleep
0.46959769699484805,0.22421698305962665,0.05213231889300235,0.01747782198143858,0.003306683783185524,3.635518913588455,0.4532316007748737,sleep
0.4440682051779267,0.23658012939334616,0.053266193995399023,0.01910521484781308,0.0034922503004895774,3.7973938293507796,0.45647300818600695,sleep
0.4209766159727873,0.21301138574293668,0.043424699708086774,0.013422953907999908,0.002507303219383482,3.7717882156053544,0.42741520266786903,sleep
0.4343573498776172,0.24806929129468994,0.04589123580108586,0.014446197882765882,0.0030051464480530463,3.7092394769485684,0.4456491773187198,sleep
0.38438402403740685,0.3400114528325476,0.04562016132909869,0.018385895429811654,0.003235895423917421,3.938370735036068,0.459543384631261,sleep
0.4297951053434287,0.28905138199947145,0.03750593327858315,0.016364351804600604,0.002699909538479099,3.693329015725432,0.44470706221623246,sleep
0.5125996158218847,0.22723580794923184,0.030967360936306115,0.0130327466773685,0.002700770746918072,3.3271326147642903,0.42774913950216775,sleep
0.5239134274405499,0.2046419007608503,0.03406345078376188,0.013665152414768704,0.002678604573885508,3.3790267016874873,0.42717211234873165,sleep
0.5151059852566461,0.18731640069159367,0.039040136296272246,0.01494213198261414,0.0028331243089131566,3.532496600835062,0.4235753139643827,sleep
0.45121164450246576,0.23340431828198707,0.03716866221028942,0.014551152127474029,0.0029274026037404547,3.6521505736491857,0.42933618221183645,sleep
0.4054754898144638,0.25308223298882343,0.05422867449400537,0.02137666300856709,0.003238256376482858,4.003975320684018,0.45846877340987074,sleep
0.48988274391869197,0.2085661947554592,0.04968411698372399,0.021621165552806628,0.0030499141620921547,3.754888286460124,0.44761305370226107,sleep
0.4037856957016733,0.29724291585532114,0.04588631452911427,0.01631033253048683,0.0026178267336530022,4.011684782230156,0.45814256833851325,sleep
0.4199421641747748,0.27959990547678487,0.03609922518496806,0.017802231570452486,0.0027952068307647237,3.784673250281552,0.4486208943496925,sleep
0.4230643540276513,0.2693741785154553,0.03221529304267176,0.013667696272916993,0.0032177564783867846,3.743425118978154,0.43614849004528156,sleep
0.3982061949348007,0.313042759605712,0.04621910406140275,0.013975268990970974,0.0032112570121606257,3.948703884870379,0.4596648082958393,sleep
0.38549738214712936,0.314025799317885,0.05266598345643947,0.013883294335692973,0.0028191477435115376,4.0530157096626525,0.46468534925963756,sleep
0.38369755939265554,0.29294320395156576,0.03507057353661624,0.013229721495591497,0.002857714175671599,3.86502948789169,0.4340474935364065,sleep
0.6187699368832489,0.14494162432568516,0.013509618855499717,0.005549843111596917,0.0007826992350709835,2.7929166214059418,0.3685665169608346,anesthesia
0.5859319895867201,0.15916731979381746,0.01850564962184,0.005849791506629839,0.0009406830961033441,2.859259554760317,0.3804062251687831,anesthesia
0.6031212767820271,0.14950915287826663,0.017888576334340225,0.006735638475295496,0.001160548706182581,2.7945247731577014,0.38164090991383615,anesthesia
0.5862703115905195,0.17271365336222222,0.01611289378982359,0.005681551353462229,0.001007618879532343,2.824895424469286,0.3731225612488788,anesthesia
0.5613371920814763,0.1618300966410067,0.018965171845342403,0.005731146220503792,0.0009086571120386338,2.9725540061699873,0.3752734101744885,anesthesia
0.5511444270102535,0.20610226362641548,0.02947750831529714,0.009888836604997982,0.0013348567149871135,3.0450997593000317,0.4124697831588198,anesthesia
0.5597356830714729,0.17692926863849548,0.020907940163563957,0.0071705182888442565,0.0009676922897708158,2.890407938961957,0.39147784503089106,anesthesia
0.5914908142453281,0.15165640099336894,0.017824773019237787,0.00540058312619939,0.0009312589160667266,2.7292725746508246,0.3815844595587453,anesthesia
0.6448726525707631,0.11937046437130781,0.017110676807308826,0.005450064449799807,0.0008357557243831604,2.6834139132318207,0.36369463647491773,anesthesia
0.5507121246632313,0.1771123943565148,0.019072387171920197,0.006575571205534943,0.0010022333850292185,3.042846910029366,0.38344280690369864,anesthesia
0.48921227455371635,0.22958463701248363,0.0201545115445544,0.007639632084378812,0.0012327207843891121,3.1802841160463724,0.40495388641262425,anesthesia
0.5332454094954941,0.1756987512874276,0.01777759072526195,0.0058396277104221465,0.0011008685465348446,2.9601517260791623,0.38458757789021225,anesthesia
0.5406228525670167,0.16674158286816107,0.0193053146970634,0.007153674519111753,0.0011508074208137985,3.0068522823566526,0.37866951876221805,anesthesia
0.5316255294212145,0.2100496092798193,0.013672238021384519,0.006596110069855475,0.001032196096677722,3.0263729359550404,0.38293177536787315,anesthesia
0.6008508753871213,0.17216875882697705,0.013873456694869788,0.005338056790330731,0.0007763885051992814,2.7192513756310652,0.37404533955868197,anesthesia
0.6033614244439728,0.16590087069722018,0.018819929945367925,0.007253866262943981,0.0009934816467988242,2.6817778348906387,0.38129283730299235,anesthesia
0.6362305129428658,0.13587323032785847,0.021433506972537885,0.006451237556986745,0.0009619650927281816,2.5425973849530177,0.3796927491997331,anesthesia
0.6271843132552942,0.1281567533808401,0.01971578160011146,0.00529707297299354,0.0008968272577983791,2.694573701432062,0.37293470111733407,anesthesia
0.5974964339305858,0.1516696910996178,0.021173238652312857,0.006886818520477013,0.0011293674691321433,2.8284083608989485,0.38821208925790757,anesthesia
0.5393751449532684,0.18082307458893163,0.01835901571725105,0.006180113737483092,0.0008619268142253265,3.062557198685898,0.38286421690406713,anesthesia
0.5532306337126001,0.1335730841234108,0.015934725384884264,0.004566836848161465,0.0008108020956104613,2.9037140910369432,0.35829304010414065,anesthesia
0.6235545914905668,0.13607796735134492,0.015343868618895641,0.005421726687705436,0.0008530637010686484,2.6777388415578405,0.36775891850210785,anesthesia
0.5716262409924167,0.1645451875836692,0.014101297374176536,0.0051398204461289045,0.0007387082422759243,2.9177265275835103,0.3733645173591894,anesthesia
0.5737422351450281,0.15362707489147517,0.017034164097181236,0.005497094635293176,0.0007484245280644961,2.887348677403767,0.37495968314517314,anesthesia
0.5264167888936074,0.20273100863372373,0.01754218381982108,0.0052525669702033016,0.000843785023218129,2.941192640755663,0.3859139428063359,anesthesia
0.5361211378421433,0.18071500211261132,0.019666028939162312,0.005704073822004317,0.001028119418932913,2.978549058550449,0.386553147485567,anesthesia
0.5651786343710433,0.14024965617243063,0.016146630693030083,0.005049657135420768,0.0008115414265120179,2.795712896394986,0.3718415253784062,anesthesia
0.6066109147951653,0.15527275028929774,0.015222991630446698,0.005669625113163115,0.0008952280177535366,2.627834336022677,0.38248146008056944,anesthesia
0.5609943113944876,0.15991697723435827,0.02444947549189665,0.007344170124058528,0.0012245416244711527,3.013758323655605,0.3896343118488159,anesthesia
0.5626198763466645,0.1696267615272573,0.020931278194459932,0.007412020178999365,0.0009641859113282981,2.941105377031451,0.3897186131809448,anesthesia
0.5895927852874405,0.1689332018836143,0.014390190142125933,0.005416338964609302,0.0009003102376268663,2.7368118111364326,0.3765451380167951,anesthesia
0.5332911057412697,0.190697995137841,0.01612410289856538,0.005998448988019396,0.0010386259897865312,2.9633429696140783,0.3850864009231357,anesthesia
0.578338441916506,0.1617862450782285,0.017875960218982547,0.0056048848896095545,0.0010630990225728046,2.7655863167790016,0.3747151621149079,anesthesia
0.6011233863034738,0.14472310196570665,0.014091824901019132,0.004465520388492285,0.0007991517827635703,2.7381477297587766,0.3658669192309556,anesthesia
0.6216581486578132,0.15262206014185942,0.013675183536469435,0.004474311452072215,0.0007413930029444573,2.7719807550385456,0.3641190650510929,anesthesia
0.5284281769747523,0.20199269513861134,0.02321613013026591,0.006569628916965463,0.0010795628112763946,3.0170108131938864,0.40169819797525796,anesthesia
0.5977536328364869,0.17674808545830173,0.01695605299268211,0.007791818188799314,0.00102512722105635,2.6374986079577742,0.3912475289685392,anesthesia
0.6338444754053628,0.1628736026137038,0.014696975448506953,0.00694052091258143,0.0009372306822178103,2.6016013605965735,0.37526367054200743,anesthesia
0.4837350887664351,0.24573212750231552,0.017327455732414683,0.008761396835960425,0.001101140235419097,3.142598608402917,0.40714134421769443,anesthesia
0.5759720239604361,0.18786249886344353,0.0210682600533768,0.007426717553313082,0.0011411804120811427,2.8527174297287634,0.3959950589704664,anesthesia
0.6173752047747723,0.14911699415899346,0.021303018295862654,0.007133740424842319,0.0009530148089643272,2.735141513295887,0.38755110509610086,anesthesia
0.5372562953736936,0.17764383194286693,0.013031184937369154,0.005097966005372457,0.0006364934585055133,2.9731309604574734,0.36833179003409616,anesthesia
0.5190082180954253,0.2009576802749255,0.014929092636559955,0.006640843896314488,0.0007610041149621097,3.0431338449062277,0.3889738628321086,anesthesia
0.5942411713497288,0.149466006400197,0.014364269053144559,0.006451617379714029,0.0008027689462831751,2.7814924974784256,0.37538790391697485,anesthesia
0.58558892977371,0.14699984565972105,0.02158624406627961,0.009872668006867036,0.0012333548633019925,2.954006708881601,0.38811698142825385,anesthesia
0.5760695939393322,0.16024929685383552,0.026275089943338735,0.0089142329910493,0.0012931814944980979,2.9446377742485508,0.3985011104717448,anesthesia
0.6197313305570931,0.1485555992144232,0.01768485311051982,0.005223312811527051,0.0012136401437825108,2.7113214872702605,0.37787541230110594,anesthesia
0.6344223851899977,0.15423998642778386,0.015121009447381187,0.004922661002839371,0.0008536497420127114,2.6693623453394553,0.36869761242763516,anesthesia
0.5482814766616944,0.19656674809419863,0.0171199752492051,0.004773774302837132,0.0007540441521124761,2.936416194978205,0.39217463481711906,anesthesia
0.5361142195087278,0.19022354991308654,0.014897666423337168,0.004926904408817233,0.000751973382314855,2.90667452842204,0.3807551116593094,anesthesia
0.5378925089362907,0.19270482967201916,0.018513220398105722,0.006006222063842327,0.0007841804893304759,2.8586563667996647,0.39038014046202185,anesthesia
0.5329196254513945,0.182661352317449,0.01679885224760552,0.006707258628928599,0.0007988571313173215,2.933325292465568,0.38536091427386227,anesthesia
0.5103072572043165,0.20024909218148246,0.031056568362153644,0.007747880872085675,0.0010729044071957855,3.137611359385747,0.4060277723530604,anesthesia
0.4783450380322202,0.21280285128054774,0.02214428645379412,0.005653033300686994,0.0009753836354934024,3.130484703706564,0.3984418891928658,anesthesia
0.5530045607179523,0.1930542693172704,0.017161096327792127,0.004970408247039768,0.0008565476514598141,2.778096112401463,0.3859839746006678,anesthesia
0.5639145898094221,0.18280961698316675,0.013368977583177072,0.00552643800531696,0.0009737957133084979,2.8303553706242095,0.37066615955908855,anesthesia
0.5045496321200099,0.2043633405103746,0.01487235896173683,0.0071561107064874886,0.0011887864623991978,3.133884111871248,0.3768969970642533,anesthesia
0.5820923687893143,0.16658508466707017,0.017833574344701987,0.008955669797234927,0.0014026119959097754,2.9090169292934194,0.3929958858748283,anesthesia
0.6353633069015349,0.130792616826248,0.013182905037444098,0.006176113122441658,0.000837039946517229,2.6083850126506496,0.37166639319834477,anesthesia
0.5278721733016006,0.19065030228357185,0.024236773160369502,0.008754114174855204,0.0010383247071971632,3.0246991834366104,0.3983028320202139,anesthesia
0.5467536755592853,0.1867943509272735,0.014186823849342969,0.008311833104652585,0.0010284647961169467,2.849341489556848,0.3838658540504741,anesthesia
0.5809676232225919,0.17652463088846918,0.011429873697621265,0.0065845313691001005,0.0006421942700793644,2.6125376341784556,0.3744058938263698,anesthesia
0.5534701598109605,0.16620017343962434,0.013335159606448273,0.005987432558567352,0.0006384635068772235,2.7878444237461975,0.38103805901639726,anesthesia
0.5365186953863161,0.1791183924591805,0.013916857970630319,0.006568634613750224,0.0008373170264423503,2.9344369925808973,0.38099778982980603,anesthesia
0.5565714334482973,0.1783610133225411,0.019499165035350884,0.006641698540587178,0.0009604797105678328,2.800724638211804,0.39159489077018783,anesthesia
0.6016811686602114,0.1570949486182132,0.021068952033108903,0.00837897250072626,0.0010556453052600733,2.8863118410044257,0.3885337318358172,anesthesia
0.5716724736565654,0.18425114444239177,0.01962652325348413,0.009031978937636558,0.0011055511962076347,2.873688870261184,0.40084833558273125,anesthesia
0.5808486777501362,0.17736625504642067,0.014654490070547291,0.007141029092383531,0.000807870751240642,2.718222910666297,0.38595068239684455,anesthesia
0.5177024059056816,0.18017242446156664,0.015127438781828876,0.005693317580626163,0.0008029535105700819,3.0388550680884387,0.3736292668722422,anesthesia
0.5208520309498423,0.1911193351121663,0.012144122393501827,0.006770780990524806,0.0009683465036563197,2.97605336498525,0.37984339643497045,anesthesia
0.5829900708157133,0.17737845142312203,0.02159090542226318,0.00913138827659857,0.0012690270080512754,2.833452189122659,0.3935557350833648,anesthesia
0.594528962840735,0.17695765559709858,0.021619656200939894,0.009358407358761662,0.001245261189647649,2.860608299285734,0.38626251341405166,anesthesia
0.5183929124979056,0.1909251309063079,0.016286283194870008,0.008047888106845216,0.0009985134945084309,3.0162278948115744,0.3895412258742842,anesthesia
0.47995708750512234,0.1997216289431088,0.015910671239302492,0.005945575299030188,0.0008353368402497051,3.0984488090304896,0.37961976706204614,anesthesia
0.5255078228552355,0.18796811739288924,0.019232034705322875,0.0068018579962298795,0.0009661460320925108,3.052603460346256,0.3892199412188105,anesthesia
0.5750190364169456,0.15270069787949886,0.01780050566293688,0.0076343732682757105,0.0007921274588068037,2.980224640144356,0.37452229183424246,anesthesia
0.5660703910920551,0.16122513833052435,0.01663067073821874,0.0064556494320268665,0.0007236898080946656,2.81309997866424,0.38074693206891896,anesthesia
0.6274651537859671,0.1512639415289993,0.013948311302253172,0.006905194649552202,0.0008307749542647454,2.566481376539619,0.3722724051765417,anesthesia
0.5305061350351908,0.21914195880502846,0.018854781829429606,0.009196119133742183,0.0011576836607751371,2.8753103251726517,0.401294084399265,anesthesia
0.5944927080608524,0.1653819744628881,0.015506281642954723,0.008338588686410546,0.0009880098248206666,2.800150728971228,0.38174634700453347,anesthesia
0.6310482749330036,0.11684133635944521,0.012031404114646664,0.005760856702544149,0.0008195809890371443,2.7509039246221314,0.3522969412615794,anesthesia
0.5402386772837954,0.18607336598732258,0.015110190243920452,0.00641985364544287,0.0009000575218299389,2.9601997335732904,0.3781999390289346,anesthesia
0.5083056710065096,0.2225244741232615,0.012345696103053262,0.0069308039894123335,0.000906096501438513,2.850664146456788,0.3822476497432553,anesthesia
0.6250103040364946,0.1416902689003307,0.01227033511441653,0.006428506639657279,0.0007337791183236723,2.68846652730046,0.3683810586332598,anesthesia
0.6134223059877837,0.1484512378077395,0.01631702880999373,0.005398387667494925,0.0007407650098757265,2.7713827859396507,0.36714591399564045,anesthesia
0.5575056398900201,0.19068724835260623,0.016969479736323605,0.005595020698525175,0.0008065524656848745,2.776863898864784,0.3788814556453976,anesthesia
0.502499603543129,0.2094846540939129,0.019706992254450637,0.007983555539822124,0.0009119415108294784,3.0734887055898272,0.3954607603902541,anesthesia
0.5661718710683605,0.1783127080080918,0.01460189565736579,0.007187710558582071,0.0006898455768752399,2.8544276592419813,0.38415536372454756,anesthesia
0.6033279146324614,0.15521651943779727,0.016280267679984434,0.007061727470055576,0.0006116715116354665,2.7561767889105293,0.37744337124942234,anesthesia
0.6038383272713327,0.17019758392536924,0.019009146202580096,0.006799010534544228,0.0008088010595792516,2.817994050240587,0.3821940382643676,anesthesia
0.5257996987813318,0.2129517233904694,0.01681689181607707,0.006840797935008719,0.0009248160105749444,2.9669157876211902,0.39452117427665423,anesthesia
0.4820850411134404,0.24006836832797776,0.015832133306217393,0.008488248549644565,0.0009849822500455241,3.150625088787224,0.3963567801214823,anesthesia
0.5588099972929261,0.19314577010541156,0.014077005885287977,0.007759413217202602,0.0009881026143348745,2.8614343488036122,0.3902331757715524,anesthesia
0.5925279135202708,0.1545505540181092,0.010953318346931293,0.006327588033099662,0.0007323776618225699,2.772343885720243,0.3729382192874211,anesthesia
0.5455147776297304,0.1886641113628619,0.014991653887154696,0.005752183504512054,0.0006754876918059533,2.9155260019260996,0.38319122145745776,anesthesia
0.543954781857094,0.18237377629923865,0.014977392391904563,0.006448000828643236,0.0008198218273676438,2.95691313904351,0.3826114242814877,anesthesia
0.5950725629675689,0.14951005931865466,0.017979401625692896,0.007680097193254868,0.0010226364286660323,2.924938362079622,0.37475084562378336,anesthesia
0.5834031121801188,0.15647192461184872,0.022133299664666276,0.00986700510557685,0.0013098524062954543,2.9396830840290056,0.3919915037828051,anesthesia
0.560407318458723,0.17124640208583,0.013073592846043033,0.0065228801580627825,0.0008999154545210679,2.97262658379345,0.37463267969630853,anesthesia
0.6051787781158718,0.15796987152822717,0.017037994426282285,0.007147825855931237,0.0008469882277735185,2.693185271941685,0.38431145598977856,anesthesia
0.6633962833363733,0.13759867107709267,0.01618898302939321,0.0070632514398448545,0.0008379918241533923,2.5274586112547754,0.37093024429877935,anesthesia
0.5228362643109664,0.1681216077799888,0.01585351778159453,0.00677494991442237,0.0009698118582886072,2.9951382606931514,0.37151258076935245,anesthesia
0.48845672106183563,0.20906434264156165,0.017926030182541963,0.006965563001047198,0.0009694853330308353,3.149797727841148,0.3907046438157681,anesthesia
0.631137299634651,0.14628069061617593,0.017573873885215207,0.00792832053398081,0.0009739354129215614,2.6866865849258468,0.3804092258050262,anesthesia
0.6622575799259737,0.13141128417987938,0.014461190722138247,0.005305186326771432,0.0007359524679593077,2.5703377631554525,0.36539572292546774,anesthesia
0.6523217026357039,0.13407134301010315,0.0156592466513511,0.005591301236685299,0.0007695934191207167,2.6038887932150474,0.3634492204938989,anesthesia
0.5403097609638791,0.2012580170469631,0.01745471808671625,0.007784545913023483,0.0009686875338826832,2.913916738889657,0.3976080930811465,anesthesia
0.497888247382796,0.23741297739764258,0.015059562379038322,0.006993040287344337,0.0010725048994274507,2.9525439496600647,0.3993246012546396,anesthesia
0.5659155906664384,0.16836822403939672,0.015922987031898997,0.008042093524554697,0.001086662407633511,2.9143249418144173,0.3866037052195396,anesthesia
0.6058403053436672,0.14681444038158595,0.013378551520404793,0.008746896649325974,0.0009599647108824572,2.7944090721015566,0.3806407201787844,anesthesia
0.599704399190823,0.16931653602295021,0.016419947230089296,0.007200528100881498,0.000825606398593812,2.81609493440983,0.38503887106075046,anesthesia
0.6053800529094217,0.16390153747765132,0.019129891349200297,0.006933791589110518,0.0007754032584023692,2.7998862576150514,0.3841228626401117,anesthesia
0.5475965437963759,0.18078752173648965,0.021631854902903966,0.006754339744551159,0.0008976381523924813,3.0310455329904347,0.3858128019661917,anesthesia
0.539718171828701,0.2015068401637356,0.022558550756478744,0.00893344023099514,0.001172106975310672,2.9863202685238113,0.39501724817768225,anesthesia
0.6091162294542444,0.16574833495975808,0.013505499303979884,0.006797507632614929,0.0009919717462373188,2.6973424994718944,0.37429431661367274,anesthesia
0.6450986682147771,0.1373361954739381,0.013714589211645799,0.0064217890490338445,0.0008601458033776443,2.7253755185779034,0.3656212589849721,anesthesia
0.5531850378745685,0.171843732810713,0.023175506079973547,0.008541498545318318,0.0010974464202040872,3.08478393153074,0.3900441248433456,anesthesia
0.5105595836986863,0.19009615687186054,0.014994763721375492,0.006436721194135047,0.0007090063693092182,2.9871689091524156,0.38536404801741514,anesthesia
0.0626313976429782,0.0837842285410347,0.291362588106291,0.344480489524204,0.08985451817789306,15.132729774006798,0.7189931706355241,awake
0.04964495604069269,0.10044406178318492,0.2921309306100007,0.32118226278888873,0.09591722179385281,15.111429436551626,0.7173046686912794,awake
0.06709084128250306,0.11147666939942312,0.25814663798207965,0.3217260116903434,0.09632348059665786,14.924710376828969,0.7236222129342496,awake
0.06992857469594473,0.1009969399606773,0.2637001985523994,0.33951506790066455,0.09419266893989446,14.922967044511982,0.7247255826837448,awake
0.04651005309768813,0.11017613862538143,0.23579333909184821,0.38154292415780455,0.08619383561960216,15.366573170117505,0.7276017769609846,awake
0.047249019163720436,0.11598674614875411,0.2589723758787139,0.32549581309415837,0.1010956380298218,14.98507200941018,0.7217287347483071,awake
0.04876708617295862,0.07772957965208463,0.27325222906630886,0.37456632076562524,0.08546118447603168,15.317684543628506,0.7200255398953345,awake
0.058250554119659,0.08443205632159889,0.24678380597548275,0.3827765383943606,0.08276360317750486,14.887802751584543,0.7216092343429118,awake
0.04352539813452886,0.09883421470694334,0.25385451755083255,0.3507906292783153,0.10970574329319435,15.554872283038288,0.7270038971566246,awake
0.04828691518637552,0.11839018319822972,0.26552517937550135,0.32959644660388726,0.09735465204722128,15.07160708322639,0.7198146833679088,awake
0.04495070269480761,0.10648669697899786,0.2519251656522813,0.36275066522023314,0.09536467965521384,15.534635076875364,0.7264082545618221,awake
0.046262502425836065,0.08290443866436487,0.25037569016243744,0.3869904176428636,0.0902751153544289,15.742846142254248,0.7265597807967308,awake
0.06062768947474292,0.0865004662215701,0.23310980785321067,0.3728434392561841,0.09544837361153022,15.208482514424286,0.7287441056597033,awake
0.0682547688005278,0.10511617570064594,0.21038541260264595,0.37425498030019777,0.09557538595920838,15.35684675504479,0.7316651580599989,awake
0.054601071594719205,0.1073924617682009,0.20862834159150395,0.3914138013858849,0.09481323751873089,15.52852449755729,0.7328349666676768,awake
0.0639384148319511,0.07259728070716459,0.24151083570284798,0.35921305510637136,0.08874371155581608,15.1434073740865,0.7165178923202195,awake
0.04873567765564158,0.09175618540184763,0.26358244215886883,0.33513200200254223,0.10056832187906042,15.317685995268445,0.7172118791381862,awake
0.05853060735439249,0.09419117452118109,0.24193968350368222,0.3502710907321286,0.10997962257275905,15.600410733861162,0.7269480886105355,awake
0.06222404270836475,0.06277963720464882,0.23901411462015726,0.3747029197794483,0.10312876611581007,16.029914855367505,0.7218778603493861,awake
0.036953374763198266,0.07195979007311583,0.31945913504615014,0.34496906590607274,0.09337368421554648,15.48279123258277,0.7071236119866973,awake
0.040756929188963266,0.09726140633065802,0.3019594485732758,0.3527109691059077,0.07697628236920628,14.878877743066399,0.7102368626290659,awake
0.039744537151331374,0.09497763137205682,0.2693995148485809,0.3778963289860658,0.07872233130675974,15.072790060806899,0.7135007943393689,awake
0.054767610791125396,0.08426376352536738,0.31284524345580067,0.3335939652650226,0.08500938892922928,14.681418786267615,0.7090045023018425,awake
0.05024245787643182,0.10472301971054834,0.28019414110449603,0.3305738834125896,0.09920396911180847,14.856097530853566,0.7239827400761686,awake
0.055901428649941784,0.1008508946507004,0.270343823487984,0.342257939457084,0.08738342868183198,14.732241902859633,0.7194965560291386,awake
0.04568196554902243,0.09314638481025843,0.2613160090448702,0.3754266210716445,0.08770601301135156,15.33415465386851,0.7226304822719024,awake
0.06040044894873119,0.0917576708021748,0.23091533460870975,0.3944942659430179,0.10485696839803577,15.824933730857934,0.7378869097974655,awake
0.07250630556234221,0.08696371440480531,0.20946746972499677,0.40905874206023574,0.09789137103022037,15.642825943556705,0.7389374193424001,awake
0.06676682811532536,0.08967410008945503,0.23532158374416443,0.3514304766473135,0.09510172394426852,15.158177829450745,0.7248971130005891,awake
0.0514667147309527,0.1151520405475614,0.2326279800822217,0.32593680023877175,0.10109169510628224,14.904214962929464,0.7208336091661114,awake
0.05834927001047931,0.11534612421486554,0.2604001962488467,0.3299958755982091,0.09676922185600606,14.823907855445654,0.723895050514321,awake
0.06284244504650416,0.09977381521063071,0.22772360284301138,0.35389296986520125,0.11808795607603449,15.50207669906587,0.7357489110429299,awake
0.054910252876874836,0.11308611872984578,0.2981207575563653,0.29156092588051563,0.10055177335154272,14.399636104467968,0.7138944900694811,awake
0.04968288692361854,0.11501674510180186,0.308785296397972,0.2837171234197866,0.08064615437562211,14.071130713190817,0.704242635798511,awake
0.05220184876092781,0.13168255605253829,0.22391202980547348,0.33210377947486314,0.11605414191126603,15.58230984340747,0.7328231370049818,awake
0.08341366890749688,0.08777173866787362,0.19968352444730483,0.37227166894548536,0.11389619091892547,15.592676414939929,0.7388202612707903,awake
0.06384574129148622,0.0928680534968321,0.22670532811483915,0.37247477053519645,0.09862077821365803,14.937097339863204,0.7272969122801539,awake
0.0786371663585885,0.08895348681904038,0.2295302664313028,0.3477043812732405,0.12454025225992452,15.435455561087124,0.7344215903626861,awake
0.09477256621287301,0.09330463333960455,0.2366992804658946,0.33467787705133867,0.09745329337718865,14.527494101125265,0.7284836087501411,awake
0.05291217842460047,0.07782014127576016,0.2638723139887696,0.34864358571794773,0.09527964371231884,15.506880613265745,0.7206136135735642,awake
0.051480209318771036,0.0742067592667293,0.25463810283163507,0.368358664444726,0.1030410322843149,15.927461469114126,0.7253478977500399,awake
0.06631185780458919,0.09022947439396055,0.2355754824206775,0.3676128557686379,0.10457614241019438,15.825400660657444,0.7300389879688165,awake
0.06049052910781141,0.10706147064243732,0.21589474849961593,0.35814982281877317,0.10872852216406305,15.765925921637942,0.7356112362365165,awake
0.07461332284069178,0.09418474390953636,0.24732190119081,0.349724779482935,0.0922982281690817,14.820610770589669,0.7261435038899607,awake
0.08929389436811877,0.09611517863397714,0.22694757442796187,0.3664568036935888,0.08860675362855482,14.750599348786935,0.7291332484343211,awake
0.06912383878054237,0.09006757194732344,0.26517934044244873,0.3447745270665626,0.09525731931533012,14.78855120957478,0.7223790077541475,awake
0.05282528667500106,0.08175608230608214,0.2842636252089963,0.3622677412661818,0.09098466419935108,15.231508867132492,0.7152804341144522,awake
0.06594376520136244,0.09506330905922081,0.24900568097127557,0.3714050529512263,0.07879029781511906,14.916597516545199,0.7225191472660955,awake
0.08332185496305093,0.10661369193642059,0.22942248306326177,0.3410021077932873,0.09567744710260859,14.706488580968411,0.7273420972469822,awake
0.05668585142240695,0.106642262278832,0.24594775052413195,0.36536787397581233,0.09325370883584264,15.219766042931509,0.7253031189379191,awake
0.05445642511579795,0.09340484592348025,0.2784606267453,0.35324517696148683,0.0983141342343908,15.303955538212003,0.7207153252036672,awake
0.05018116535182186,0.09149784330720363,0.2795522210797838,0.3548231575576232,0.09000272677487899,15.24081973465892,0.7205659244114486,awake
0.04892088251299744,0.09496533212705562,0.2743968331674083,0.3466812203642038,0.09317800192459655,15.217160190283616,0.7214988580823074,awake
0.04712725836125684,0.08997201036439359,0.2784108859257826,0.3674875012655563,0.08944086825373035,15.561438140685281,0.7183970339821756,awake
0.054281400546039416,0.09977244599468636,0.22266066811397,0.39058084679031807,0.09460686631334399,15.6483800759597,0.7276701118712965,awake
0.049544080469901226,0.07243169481660336,0.28271112157363976,0.36493915891680073,0.09600624878164404,15.776006236940624,0.7208029471449088,awake
0.044727986596567175,0.07596952546186474,0.24859890338312404,0.3917150022467986,0.09769893088817774,15.957119479660035,0.7279675403231274,awake
0.059012182579736075,0.10673724802497336,0.23593298056580864,0.3530644514724416,0.09906366195953041,15.234404837815765,0.7275364743020065,awake
0.05964657977251451,0.10175599380274103,0.24171629639246722,0.37221099817992337,0.07913449911991018,14.781495205724006,0.7229277459564465,awake
0.045744947171156625,0.10861903691323636,0.21307953384113038,0.39924322789874744,0.10053380016396833,15.681660415960469,0.7355769968637463,awake
0.05336526509992277,0.09547436557035095,0.28410611916036577,0.3480730376840642,0.10860560248136956,15.531797227993176,0.7227628783204464,awake
0.05857340473836846,0.07858848450655374,0.29984480636632016,0.32151419391744535,0.09319404506205772,14.93103875643092,0.7118541242323367,awake
0.07846334993199211,0.0666424060470475,0.2622721988976218,0.3768035278282346,0.07187497756615324,14.79458576132723,0.7147941888779916,awake
0.06401353675003316,0.06836649519292919,0.21188742517662987,0.4490524008038414,0.08515748476328448,16.101606689345093,0.732768191386631,awake
0.05442378417162227,0.07620332725566502,0.26364811313548975,0.3996148540513075,0.07831773583402735,15.41338151343081,0.7243821141404395,awake
0.048180648007119395,0.08188155493664025,0.23405227647746346,0.3985827971710634,0.09702060368354445,16.145363355782585,0.7280725497169135,awake
0.05186807987476987,0.11122070364330867,0.25508837049269334,0.33955605798149446,0.10496104342206743,15.520950657021418,0.7266446629652725,awake
0.07324205855422881,0.10918231981010403,0.23529452896418723,0.3466982819142485,0.09180548529515845,14.94775279567286,0.7270285315229413,awake
0.06966178486249311,0.11153138405456602,0.22838205184167246,0.35707222824759854,0.08188708881079164,14.444863596789705,0.7248253838340749,awake
0.055562597469567515,0.09007981712939592,0.2083697210356116,0.38955357385224954,0.10164032727825341,15.71424971423331,0.7373487851245989,awake
0.06172087321026139,0.08934672720849095,0.21079793316661824,0.38393838208157216,0.09945336273837499,15.796748158499186,0.7356063670901126,awake
0.06519425501852874,0.06860012746927643,0.23680888476573267,0.37684571065406935,0.09216721038408411,15.449763078986704,0.7234093910262612,awake
0.05969632375424085,0.07886152195656196,0.22995967560156758,0.3905826691459688,0.08416903032210458,15.200573591765322,0.7198874849883627,awake
0.061552876129452164,0.093978716031458,0.20823058223297075,0.40957091422587105,0.08843680214191653,15.538761576346133,0.7323091385582036,awake
0.05152727837537564,0.0965836442138451,0.2306257700678497,0.38888340662408977,0.09581757720824244,15.72694438417216,0.7311824426498222,awake
0.05391098812902756,0.07632702742624625,0.2573410484952138,0.37404189290883755,0.09815286923241184,15.592276983719714,0.7281285554260708,awake
0.06941892197669874,0.07997755325531967,0.25973673306475314,0.3674296083004768,0.08825933694349837,14.718765680076757,0.7263044199298064,awake
0.08108923845190869,0.08181819546729376,0.20179141176510149,0.4015052395166609,0.10211784455514396,15.627424438252753,0.7398628843858994,awake
0.06090116636945871,0.0875251497835168,0.24373990814931967,0.3835414988412331,0.09072255666946646,15.73184766473703,0.7297642005759073,awake
0.05925414485605516,0.08729653253480381,0.23645592133239957,0.40800645595460433,0.08372063062768378,15.885268402043954,0.7301195999725133,awake
0.053960662971192896,0.09882920159052892,0.18058748634216426,0.4363729483679211,0.10072389533899871,16.37085581591196,0.7438759617883408,awake
0.049270904258874634,0.08826045261543894,0.2155860061743215,0.409777944384907,0.0938871059497622,15.931083234446099,0.7349912672283373,awake
0.07236045238236286,0.11775536096840156,0.2048237274473554,0.37424257152442947,0.0916637151482658,15.088351753900996,0.7309608861196636,awake
0.07018947659490025,0.09544571651001096,0.2045225445864312,0.4085916175427479,0.0826156279922168,15.503072495065139,0.7343025146290488,awake
0.04598706004227387,0.07519126438256268,0.25378380703555986,0.41846964745149096,0.08042774485336249,15.829785226811975,0.7251584479243984,awake
0.06582226293275013,0.09652154713939376,0.24252983671806064,0.3646829217302448,0.09770666666032937,15.369723428715155,0.7300012730130853,awake
0.06366445639086378,0.08525304351165022,0.21728245123200304,0.3856029074016311,0.10450648593310255,15.86126979674143,0.7371086287230157,awake
0.06570643507357325,0.07150191103093953,0.22178123091170118,0.38642158590011294,0.11163831052785633,16.305197452671102,0.7362833749016767,awake
0.0509779753684191,0.09067264918263002,0.2473868931064614,0.3708507608781093,0.09967405566651535,15.990894898291064,0.7283804033536353,awake
0.0542464622066029,0.06806933689717026,0.27163269578362526,0.3824086276637317,0.07534682686750328,15.357736768149325,0.7145637356544282,awake
0.06396852099958185,0.06435796692648547,0.28757269971192556,0.3579088227200438,0.09012526513272916,15.2011748434165,0.7156954106132978,awake
0.06085807688080995,0.09508874620074799,0.2340485036074977,0.3838092975939576,0.10044774031605845,15.622656565967548,0.7305796241850384,awake
0.05093275446744135,0.09786963249832023,0.24054585586914706,0.3874853094769537,0.08676334135945774,15.455911279220384,0.7282809363017673,awake
0.061169751726068936,0.10587214414364617,0.2726707526799918,0.3264559568643372,0.0945449021890253,14.63149112414979,0.7209526597534702,awake
0.06740567180221346,0.09147016263850641,0.2297963264361217,0.36769484680336345,0.10697990827697708,15.439560468954404,0.7331555016219717,awake
0.0486728898150131,0.09037378088790086,0.202105595756162,0.436790497868269,0.0984448536531619,16.198984913440857,0.7382349696088091,awake
0.05993856988260803,0.0984721837065158,0.2233654719840772,0.397136807717732,0.0917043765611138,15.436014294281826,0.7346665688163726,awake
0.08568958857740436,0.10363419665884176,0.23425444979823695,0.3552329348823107,0.09159405560142414,14.752923107810979,0.7303601166042156,awake
0.06705383055321394,0.10114158588822122,0.22747430215436082,0.35777341024312725,0.09316004861991584,15.080572166060357,0.7239860659802131,awake
0.07074507157057396,0.08856106423522347,0.2350385051371112,0.3555021698215703,0.1092636326213628,15.361517015930511,0.7321128971354486,awake
0.06877421487540705,0.09851717981473831,0.23125853265291982,0.3498026422467766,0.09882087901229192,14.956532017290952,0.7252059306224112,awake
0.07569459634793964,0.10760495622055352,0.23185304663996517,0.3565531105025165,0.09593789913823719,14.811686358228119,0.7278590028436007,awake
0.05911329805200408,0.11315969692493123,0.22791739090816168,0.3710879821513741,0.08823451434082244,15.01894401977165,0.7240376662172212,awake
0.048275766334846267,0.14305381387397506,0.19809919337623774,0.3985863014920357,0.0922340515200723,15.67099098138951,0.7354557063743514,awake
0.06694568365787894,0.10733446827977096,0.18594276430259962,0.42127391531135366,0.08852549352355403,15.624096526376674,0.7386102743269453,awake
0.050953158454128594,0.10334556128470879,0.19833455345416706,0.4354181489577518,0.08153474138332092,15.852435703111665,0.7320750564095676,awake
0.04316315223875527,0.11180572940273566,0.23428216529184734,0.3795469649014209,0.10126504434924292,15.95143143632628,0.7310506092672082,awake
0.06814010134883759,0.10535066295430492,0.2169378212009594,0.37030666052931727,0.0987766739575051,15.502591594327868,0.73115022111224,awake
0.06259042489666582,0.09503018534653995,0.23001200419852694,0.3887732435642122,0.08265133950185576,15.609299854881392,0.724072200595261,awake
0.04713715936473103,0.09943775589779172,0.22463769710410741,0.38807954615303386,0.09014025097475546,15.68677819834756,0.730029262402337,awake
0.043316719003390305,0.10004102847288747,0.261230372157367,0.389095983355529,0.07691019654917917,15.088018848110758,0.7211885671362464,awake
0.05388545776728187,0.09287576055377157,0.2954834066320393,0.3486921208806568,0.07821410068394648,14.687248432718897,0.7123043420396619,awake
0.06707300263235759,0.09911770905120369,0.22387458031957713,0.3687986051275096,0.09087648412906807,15.13577164693111,0.728574917250628,awake
0.06472701150681717,0.10082439701128187,0.2137832644564274,0.38123443510591537,0.09061431971534234,15.183302372289003,0.7311023548074636,awake
0.055229242211610276,0.09740836485142022,0.2120504270248028,0.42832188557530987,0.08032671410709664,15.428798260779764,0.7302512862979392,awake
0.048754687834232445,0.0957677515479644,0.23526077536239526,0.3897888756724459,0.0983057052877065,15.708787051163174,0.731774845582032,awake
0.04223134501587235,0.1094290194994344,0.21308571988810487,0.41769541145464534,0.09105789866918249,15.888444883784569,0.7310299698627043,awake
0.06113189558357488,0.11082537363072789,0.2596384253472322,0.376676047257563,0.09255181320431387,14.9907969582481,0.7263286712526807,awake
0.5020263497704266,0.20606799773274526,0.039912438392569735,0.01350502704475159,0.002418596042261374,3.3478908882232092,0.43508167298373235,sleep
0.4113183791837064,0.2612499258395126,0.04576389280189553,0.016623006718199794,0.002315644598056571,3.7163154060196533,0.4494142883427019,sleep
0.43039420803990125,0.23744663938100122,0.04733759651182089,0.019718205448790296,0.0025392765871525623,3.772396656283854,0.45504282174360905,sleep
0.4517125185512083,0.226038309322344,0.031626935648029326,0.01592706102733375,0.002205924912578634,3.561471607371836,0.421549616444656,sleep
0.46521068831496964,0.21456020003591697,0.03301934540844028,0.01638800825108397,0.0021966751644831037,3.55310260204218,0.42091593053205245,sleep
0.41499032502956923,0.2749439390524783,0.04320302291499975,0.018694233086265707,0.0028461025499410893,3.878626593204019,0.4643235201033633,sleep
0.5081197783342959,0.22680296951155313,0.028286049476336568,0.013833427845281476,0.002146178771670295,3.389891263627372,0.4352320551174692,sleep
0.5018249104086833,0.2205316468069916,0.032297543796929985,0.015983430486556868,0.0026753740216041008,3.4562265420688187,0.4349761278997302,sleep
0.4946932966969124,0.24152172499621186,0.04694022191762188,0.01811050161855053,0.002952392387938925,3.5285527167237642,0.44943618676920033,sleep
0.45862009250988295,0.2581543527393158,0.03950968748619739,0.01681006130979266,0.0026770504957185064,3.619448929817295,0.4481011950889941,sleep
0.5059111054176609,0.20001628979136155,0.03376364862076113,0.012110583917438309,0.0024125867891511463,3.4745330641498144,0.42372638242224053,sleep
0.4621848532904681,0.22761020871912965,0.032657391568282956,0.015279952882589674,0.0024594862372594546,3.554395623007343,0.43262380564427527,sleep
0.5280018737313832,0.18073062834671272,0.03873327581522058,0.015002373042855075,0.0021442080975829685,3.4334915301063913,0.4280955041265045,sleep
0.5019559593370774,0.19598507507530916,0.031364699145705256,0.01604442770020544,0.0019874360964448777,3.479203784920135,0.42299653166868645,sleep
0.511228668430853,0.200150365191377,0.03880581426141157,0.01645353055841157,0.0028489552820346997,3.434484671195923,0.4436029761643223,sleep
0.4680802520492767,0.23612759099932817,0.0434516511906386,0.01704035282395627,0.0033389136176633313,3.507149809673905,0.4520635777808827,sleep
0.38775532999700857,0.30409709936032336,0.044784524744763445,0.01966509818358673,0.0032754492507960586,4.0275888785518426,0.4666520323395994,sleep
0.5457624036870121,0.21631309381697372,0.034244634232652574,0.012170638433981648,0.002761270366345898,3.213556778660354,0.42636625500250436,sleep
0.5837220622505294,0.16805935828561222,0.038232231740832776,0.012585536729499164,0.0027846537215006476,3.1226408428270322,0.4127034097163276,sleep
0.4920734470999927,0.20813732878344937,0.05716427369071498,0.01608590999497309,0.0024794383028828417,3.549583182844404,0.4456474846525835,sleep
0.4623752789784086,0.22431711685763764,0.03675061937813256,0.011925922341521277,0.001996810680931948,3.5552670933351864,0.4262104635777865,sleep
0.4034925338756209,0.2754448401673816,0.03703294331072846,0.013499582534059957,0.0021810471026261773,3.765832163332934,0.44620610301354624,sleep
0.4867591331283333,0.2527411110413796,0.035732991192495,0.016357030545222268,0.002514583741084237,3.5761414328041092,0.44756928807004714,sleep
0.4827257458338836,0.24084372751377633,0.035289583375968235,0.016651903159107882,0.0028314425434207966,3.598020711372597,0.44280542347356916,sleep
0.47277017166791624,0.22368124012404325,0.04994867320802637,0.01525562704657636,0.003126566183939806,3.7182983783977743,0.45056824554791103,sleep
0.45162615576534215,0.2638731054250376,0.04722584597369556,0.017402878146291094,0.0032037484865635045,3.741416810371305,0.45992988424683895,sleep
0.465222980172708,0.25088529859839975,0.038385332546295794,0.01829104706310325,0.002703996539200044,3.5788165097372637,0.45137588194322753,sleep
0.4140360326847617,0.2576059146624192,0.04537481824003864,0.019677776241694683,0.0031929378639268527,3.975743351155739,0.4559061652818632,sleep
0.42087285183770834,0.25638597708925165,0.04788121570952704,0.016850750644912198,0.0028602835165356813,3.766637297327828,0.44572136963003817,sleep
0.4587390066494917,0.2228814913815499,0.04399790147864579,0.013873341422123842,0.0023674682066714818,3.5364287411561093,0.43588839753875597,sleep
0.48048439511394586,0.2359270158779252,0.02642656795785061,0.011738566335414901,0.0018849089661276174,3.383770640683467,0.42384786293928656,sleep
0.4637616020713935,0.26251401382272743,0.02782731021110945,0.010852671595436831,0.0021042079096013863,3.527520924043914,0.4316260712213696,sleep
0.4408524606651923,0.2249926061435541,0.03347198832189694,0.013334856141570706,0.0025269505478841183,3.578403434150955,0.4214627739747603,sleep
0.42635058254166835,0.2514620117314472,0.03398436632836201,0.013886826772677429,0.0024609201774092163,3.696030086958901,0.42746533119854524,sleep
0.509836968819288,0.19624402175064312,0.03864473491079638,0.01408924238521285,0.0023847519440627235,3.440777517287735,0.4260842426412262,sleep
0.567180105555708,0.16967422242028823,0.0375285746019168,0.012103775141521103,0.002429113920326342,3.176082495056144,0.41540301862252155,sleep
0.4308098149923001,0.24614325248133742,0.042393570405301985,0.016790812172170575,0.0031066350954772953,3.8526374992970873,0.45026866277746985,sleep
0.4525380687705085,0.24160664872685483,0.04637675147464483,0.014578128912763104,0.003031093269052893,3.7056221741756605,0.444884585880319,sleep
0.42754467655806694,0.2724204578429525,0.04642350850562882,0.0163178072058668,0.0030907376415476714,3.7525299490472364,0.4525566468197214,sleep
0.4372506036022438,0.2486699118272609,0.047863195752576165,0.017560821459978084,0.003383387192760532,3.730073957990356,0.4532189057954279,sleep
0.4325838640340973,0.25573907484577235,0.04233604854755616,0.014951906869853128,0.0033424585838100827,3.698081501520237,0.44697261970049784,sleep
0.4324958040537188,0.2685153821098978,0.04291449265421025,0.013368979956888438,0.0028619049399274793,3.716048147085119,0.4550976150832019,sleep
0.46769080663164914,0.27352935665106937,0.03785489938812716,0.01368081746690475,0.0027842855162747166,3.5874050039032466,0.4477366786286981,sleep
0.4610520598910297,0.23726723457709625,0.03551165204919646,0.015058634178872052,0.0025761631795050114,3.571016565106842,0.4359777752617666,sleep
0.3841707045565248,0.2801798808677433,0.04102827710590158,0.015646305948782833,0.002490585757857182,3.854216610820436,0.44622059257773156,sleep
0.40417910760496567,0.2647565410587927,0.03941154858762414,0.016873764212874055,0.002628492068766718,3.951931010868006,0.45498375428982685,sleep
0.49260993283067805,0.21643981909994398,0.04003057631196125,0.01727812635166362,0.0028959711993207446,3.439986107213748,0.4375666520295539,sleep
0.5563153735945243,0.1819137209556209,0.03376468644690089,0.013300944351297668,0.0025352383236641155,3.120369278654586,0.4200788148515874,sleep
0.5365125477480088,0.20438795797841122,0.03782136962130717,0.015533907985807753,0.002591830107116112,3.4188939001988796,0.42837257522269045,sleep
0.48847623944360336,0.21331711059444697,0.0383063563012948,0.016099098247303805,0.0026812967391403437,3.4720040076236427,0.43258370910180594,sleep
0.48653572603327144,0.2213467881298788,0.03491669486422997,0.016196793541385063,0.0024902708069724716,3.520829120001063,0.43843184496401416,sleep
0.5374370736542028,0.1870273309042593,0.04619309985347514,0.01700570447815483,0.0026583626103945275,3.272677270141928,0.4364473459671604,sleep
0.46112156940298754,0.22975773454088924,0.05406317620878364,0.0177603268935261,0.0026481103376880684,3.7224454762388497,0.4536443815676073,sleep
0.476462262123237,0.21458365553419362,0.050513698936274,0.019434574195159815,0.003222866916051191,3.694528901387714,0.4490177779213474,sleep
0.5205663441678849,0.18408462059191238,0.043075757317511634,0.015848037709552877,0.00270813289072627,3.4953847015687507,0.42964587792361913,sleep
0.5262321319051626,0.1932578933899453,0.04524383185369935,0.015018249051640445,0.0026042938867896865,3.5366359053131156,0.4352865202467429,sleep
0.4628759621836924,0.2570980166720044,0.04620299391596122,0.019491690778903156,0.0027583618975039683,3.741151224943106,0.45652735876964845,sleep
0.48051996075478776,0.22776580021352716,0.03674640610518664,0.017170782413356383,0.002480550962619488,3.695580790731186,0.43615720932569607,sleep
0.5120831665388328,0.2097296378700653,0.0376695704617872,0.01584919101872384,0.0024911133353436184,3.5151851829160368,0.43613887646279154,sleep
0.4823231373235206,0.2220200593288518,0.03663701245842469,0.01823923965477233,0.003096789787291243,3.679224689977102,0.4380131255253154,sleep
0.4175619130049998,0.24677017319401465,0.0452992109070874,0.015999238327866976,0.002958983859543317,3.934144694940627,0.44468856083283076,sleep
0.4963820467392942,0.19099946214465635,0.04212826336761433,0.013576014695178266,0.0026127581152237053,3.6525345327241805,0.427519901118783,sleep
0.44484010118529094,0.25022245767171447,0.044467637480113585,0.01703953804531362,0.002459342108145387,3.890965812368535,0.44685359798405927,sleep
0.47753726176548944,0.2328573472214399,0.045562141761710584,0.016561526557413185,0.0025665964271791753,3.738673662528204,0.4414196563377471,sleep
0.41106558164359197,0.2520711854183456,0.05155313600092617,0.02210885567904146,0.0040070073132532046,4.046777357713098,0.4651071768472037,sleep
0.3489828888607704,0.29511411056252485,0.065303244539269,0.02368071752580264,0.004063536977012445,4.497464721486899,0.47559235220129026,sleep
0.45944234471928386,0.22723442236114338,0.05277992312201475,0.02094418885032248,0.00341588505649409,3.940519611189357,0.45536533184954403,sleep
0.48536607109824625,0.2468082750451246,0.03972531158080149,0.01751241752524329,0.002708709776723107,3.59584760725421,0.4477848833301852,sleep
0.49856502580511053,0.2425780003483474,0.03759664934280115,0.017820422339944676,0.0025468607784796655,3.4159559332459417,0.44446461920788866,sleep
0.49076731322666495,0.22386384346285704,0.04735780391571358,0.01928738253048816,0.0029024788528915733,3.6741756293128156,0.4568303498362793,sleep
0.5140236250034671,0.22063310610762257,0.03947189291916114,0.016040165978433853,0.0026406556240436896,3.382093648075908,0.4389449502179401,sleep
0.4984398640148096,0.2390516407899662,0.03933398442547632,0.013473411956427784,0.0025692280688391247,3.4571045571087926,0.43729414691110885,sleep
0.4782442173985033,0.23138450679772618,0.04947708871045598,0.015006356789404077,0.0026849687835355006,3.588528470265428,0.4443366482995034,sleep
0.4913565069532417,0.2371993511151379,0.04434765590073808,0.015163942606847712,0.0031752152139358247,3.649499040388018,0.4472625388659783,sleep
0.3717924106873568,0.34038422246916983,0.04569101222224457,0.01700156886818451,0.0032037688517882654,4.114465855098485,0.4658179266916619,sleep
0.433974562429615,0.2674204763914921,0.04252786306786398,0.01678835064840987,0.002687526699829264,3.781088805316433,0.45529304097202733,sleep
0.4670452842757254,0.22757947300886003,0.052438838343270705,0.01598938273560055,0.0030185827511788124,3.622103961551436,0.45665933979704815,sleep
0.52993940711852,0.17400480338679813,0.036546780087633034,0.015040810596824508,0.002662640243150948,3.384012870146196,0.41306410506583036,sleep
0.4837647454236332,0.207238571536585,0.0359434271060456,0.014730261513081452,0.0025313151758839737,3.5265526879048346,0.426068310056916,sleep
0.44060776399535917,0.24247153376647254,0.05394749260884922,0.01758093954515235,0.0032733222590167277,4.040881629504027,0.45411488371782005,sleep
0.45477444102145825,0.26831308642631163,0.056436301419532604,0.015922941181441122,0.0027388323033484133,3.931044829124043,0.45964664088610563,sleep
0.4679383303367138,0.25825875860285236,0.055752520192968204,0.02257165987703938,0.0034533823448115964,3.9401965115222324,0.4631715614434812,sleep
0.4163063784985018,0.280217330753096,0.036456096254636305,0.016727301919378112,0.0032010743390438277,3.858165437105349,0.4401404920542426,sleep
0.4061991803767036,0.27166643084111974,0.03923673330267739,0.018590127362247577,0.0034531420105886035,3.9548906015769862,0.441423783693055,sleep
0.4500565305570503,0.23498278596420838,0.04259574528842632,0.019866218651061477,0.002479704420073346,3.74977956267165,0.43958591986473416,sleep
0.44545450929654046,0.2345936426897447,0.03901833815499274,0.013016432023229893,0.0022968808616286845,3.6711839764562684,0.4277023677680125,sleep
0.45888147596648304,0.253027368881176,0.03625778397019037,0.011939361540875482,0.002066985197353073,3.6089614677122364,0.43876742380651085,sleep
0.43059768082564065,0.27161448549532463,0.04165543763272673,0.01579447926806973,0.002502700580140699,3.83168885141764,0.44906520731390837,sleep
0.4960817572296077,0.2326494131993495,0.03813100193060352,0.01853816036357264,0.0034719407277530676,3.5425781180636164,0.4448664865922049,sleep
0.510000185859495,0.23467900470611894,0.03641843224272788,0.014041047868617516,0.0028048544873001376,3.4293727081708725,0.43498440023568663,sleep
0.5336098407489615,0.19480213540091937,0.039089282459212275,0.01609324895319831,0.0021870626362409783,3.474297022285951,0.4316852031287854,sleep
0.5402107955160461,0.2047704917284544,0.029803605548475474,0.015998341209584835,0.002154265444845058,3.42659696319613,0.4214078962116055,sleep
0.45572856741506823,0.2413155358092693,0.030398801969722444,0.01737561802793429,0.002413129217624609,3.7123953061695634,0.439323675578483,sleep
0.373683594992739,0.31207589860699975,0.03239957298684083,0.01402393470691848,0.002347088551797708,3.8414982410871232,0.4422663989514009,sleep
0.4221665177416567,0.28418601517232306,0.03915118994142137,0.014422238847327426,0.003101841758399157,3.719504134233433,0.44960042595639355,sleep
0.4246849592379467,0.2903964917972176,0.038917246653291965,0.016610729079188962,0.0027114200394990143,3.6883594914278848,0.4456820144223924,sleep
0.5045995533224242,0.227359291988364,0.03267862878256933,0.015049482715033523,0.0026274221674196644,3.4295167618622977,0.4312019027889055,sleep
0.48751480155639065,0.2374596363925575,0.04180217546618161,0.01637568539167803,0.002752245065500669,3.523522352380694,0.4424912823854881,sleep
0.4827732108050698,0.22855512942099537,0.046211733376327634,0.01863223677869705,0.0028604241924223435,3.5886743886677723,0.4500486215607157,sleep
0.375881228847425,0.2901687973287804,0.05626904510571981,0.017008969103817394,0.0031315700807314096,4.087700885012079,0.4701045596994117,sleep
0.3920413948472451,0.3048003725624833,0.049052177942963175,0.017756337388228727,0.0028422393468255556,4.002004541209672,0.4711775014964924,sleep
0.4829770113313757,0.25219968090696915,0.037929640294123,0.0170038343821555,0.003419862152945641,3.455441271155998,0.4481697028635432,sleep
0.44074877096949444,0.26738624301761177,0.04439460964842926,0.01304424112215048,0.0032655755885734215,3.5186505538791315,0.4512427192840043,sleep
0.4262353865937874,0.2773265007548884,0.04065327461456187,0.016324844201050247,0.0037788710510017315,3.849300701466022,0.45523227877924427,sleep
0.45606037461998994,0.2618694038766061,0.0464836042688653,0.01888123909427661,0.0036200242896366574,3.800192326012736,0.45622651032817413,sleep
0.4245797248861002,0.27894509109076393,0.043173546955534575,0.02110833653497598,0.0030001989289351293,3.958430924289301,0.4613768299372037,sleep
0.47511171831973903,0.23044876975259804,0.04018085497302334,0.019643058267797477,0.003118233790021119,3.719976675785214,0.4465634895689209,sleep
0.429264472214621,0.2480204355918508,0.05509280721871015,0.019201708423284006,0.003434787811606311,3.821846527610034,0.4600116400231652,sleep
0.48010324640319707,0.19767867291411842,0.038591622070164866,0.016919183354865128,0.0027819430977414536,3.5850875842384617,0.4313355685147196,sleep
0.41768264017751494,0.22877604402921894,0.04445223526228556,0.016842834132354597,0.0023652963403872594,3.8564904911628037,0.43198667674975055,sleep
0.4721687572497834,0.23735989053788192,0.047678624681968505,0.018395910461331655,0.0029479108250620996,3.6168682523342115,0.4502302751341274,sleep
0.48659722309345593,0.2345884514012685,0.041823189700018595,0.01618610263305858,0.003028681144137961,3.622819404091729,0.44796460603574895,sleep
0.48596462651114836,0.2237743205633405,0.035790748051141595,0.016284683295023812,0.0028385335398462925,3.7018940022318887,0.4374782016787552,sleep
0.5200847327103231,0.1864617797536611,0.04309468094325068,0.017526944396432008,0.003025192352682451,3.4972634735152828,0.43803996716592214,sleep
0.5195390431882766,0.1981852141854038,0.052253374987429796,0.017302733357361953,0.0031627379285218333,3.520239091051421,0.43816135803087597,sleep
0.45661766124009556,0.25928908099021114,0.04363886255307999,0.018131795959190067,0.002655718631528318,3.6859886152624517,0.4551099283880722,sleep
0.4146618034251439,0.2546444246356219,0.0431575812019728,0.01639113858963984,0.002902321100367433,3.7652820761176087,0.4497615862824973,sleep
0.48338269445434734,0.19142798340661918,0.044391570431121546,0.017593922603270903,0.0027950991762266766,3.6466953976286214,0.4328009507359217,sleep
0.5875321088348229,0.17271171429743332,0.014042593494469421,0.00556088205367833,0.0006990813831445927,2.8175785883746802,0.3739541468877191,anesthesia
0.4446285886949632,0.24857618328911957,0.020595739972698784,0.008585248786431115,0.001171983188650997,3.200476185679979,0.3957404842579826,anesthesia
0.4721567835210206,0.23146983305177507,0.020743307709834298,0.008210662014817748,0.0011555065407371742,3.1362969185634912,0.3973280275285537,anesthesia
0.5754638348890082,0.16051252226650992,0.021131899344248035,0.0065012583156273925,0.0009258921772252242,2.927127945808619,0.3837324236743372,anesthesia
0.4314454540951069,0.27307645871749664,0.020207365510974927,0.006043581785773648,0.0008822366782897113,3.31374704617326,0.3970790749098935,anesthesia
0.4990475031815734,0.21790999654137444,0.017565228431286196,0.005831916267577443,0.0009628605064477184,3.067304263419544,0.392099879163346,anesthesia
0.5861400840601556,0.17001069446125613,0.018050075417997025,0.006490474107237211,0.00112184438398717,2.8791252612177405,0.38580827204530804,anesthesia
0.5058584341486386,0.22527030056518935,0.029710412183582596,0.010878918458035671,0.0013125006318097064,3.279394096553175,0.42223138379051944,anesthesia
0.5109408344423444,0.2139864920674091,0.021950572777003453,0.00811627390071247,0.0010298959534129797,3.0398514477483185,0.39880725810603773,anesthesia
0.5013639073327679,0.22916695020306665,0.02381376204871627,0.008496966923224106,0.0011142581872887868,3.1270210678499777,0.40235018227836356,anesthesia
0.5554186285320029,0.17986685583537337,0.019884897207666945,0.006140780490993379,0.0008740359729639642,2.9894288170192787,0.3893538609137904,anesthesia
0.6091588824727096,0.14659263163029487,0.01873883362779485,0.004690005460722172,0.0007345191651739699,2.6503565172390484,0.37375989148508293,anesthesia
0.6938839147812297,0.13004366114657256,0.015915848904009707,0.004745702491988506,0.000942633420548058,2.4469122816915485,0.36118380734571287,anesthesia
0.5728944771174331,0.2035956087974225,0.021279402531137883,0.0076884454229587855,0.001216151100359208,2.8159602951219647,0.4066681792809311,anesthesia
0.5559371471942413,0.20662859240020998,0.021954782920279463,0.007682611910965284,0.0011746073071239767,2.8247960733260995,0.4074873554966536,anesthesia
0.5781972100211831,0.18073749123085142,0.016531063328956666,0.005166983832947452,0.0008019761585505756,2.6748117385186547,0.385108303109201,anesthesia
0.5971840421439815,0.1371711766034702,0.01688654684158943,0.0047737541359486576,0.0008869962300534168,2.581522003926586,0.37502779375211837,anesthesia
0.5035327018322515,0.21697613797202045,0.027849918692138348,0.00696715667745636,0.0011727334741446294,3.0674613782734754,0.4111641742139802,anesthesia
0.5478208098678289,0.20512888710433436,0.02888943692582363,0.01088048458483449,0.001435959023423971,3.0994990002539184,0.412049306224279,anesthesia
0.5924435400506712,0.1861287327662263,0.01847432264751781,0.008333193415749356,0.0012397909417594386,2.9161230351060445,0.39654353131836706,anesthesia
0.5720028564014785,0.16602889866155549,0.02038709690899925,0.007104576198237168,0.0009416158517953792,3.024919361744666,0.3817017819736034,anesthesia
0.49575806636804576,0.18337036578315505,0.019547501905869975,0.007091859702354308,0.0009360092268497533,3.113513841354819,0.38527789141118546,anesthesia
0.5321756060945722,0.16246354526250284,0.021274165463561933,0.007897126495419595,0.0010212117014388445,3.038654567051084,0.38894651102291217,anesthesia
0.5727181393470333,0.14514715089639768,0.023953863105550626,0.0062043637425917165,0.0009183614999369563,2.9065353950224657,0.3870595723311183,anesthesia
0.5600124742948925,0.15929063405754157,0.020135831043282926,0.005251926606804326,0.0007563757781787696,2.898497010245383,0.3827969827989628,anesthesia
0.6457939477019591,0.14314358658639523,0.016850975049029243,0.006711562705988126,0.0010058600391665796,2.6880825472840955,0.3749815793334075,anesthesia
0.5628307086506673,0.16087943911560199,0.0153840355353495,0.005414252441418215,0.0008804668371268385,2.8483198310673155,0.3720074954792627,anesthesia
0.48845940866052934,0.21191648747461472,0.020141977261015118,0.007153394245268941,0.0011195511469557994,3.1179784973415186,0.3958958906114017,anesthesia
0.5861251852258237,0.1682739255598165,0.021255066420194063,0.0063296304552806154,0.0010507305895624745,2.856802209972117,0.3880139412576741,anesthesia
0.605677339566913,0.14299917261619105,0.0209071237237129,0.007209272272507798,0.000972173302503602,2.693624719083988,0.3853224389205573,anesthesia
0.5644583423849274,0.1495686777213201,0.017841653440569625,0.00746529821113301,0.0009257411994510259,2.856265588020876,0.3835912435236163,anesthesia
0.5590244066972646,0.15249609138109518,0.014281698974788272,0.0054640986954146275,0.0007116661713244082,2.900461326525372,0.36414812691024684,anesthesia
0.5174557724072266,0.16860445695809234,0.014692611868290637,0.005429875368055082,0.0007753772167975854,2.9622164146520586,0.3713285596636971,anesthesia
0.5673941017790823,0.17141417233795442,0.018113550740845107,0.006193999764983413,0.0008678401163165045,2.9479672536476067,0.380471896656026,anesthesia
0.5488472040462712,0.185731144535632,0.013986072958179545,0.006445700541979746,0.0009529814958682777,2.942572787139407,0.3808817304460628,anesthesia
0.4651878385810699,0.20201409361074868,0.018727324317249272,0.006637959277365363,0.0010292312888853918,3.243363775194772,0.3814558989297188,anesthesia
0.5943697872479193,0.15382386771377526,0.01571100701812114,0.005299860375053167,0.000789129845933419,2.7459521934232147,0.37747936970244517,anesthesia
0.5683621132262466,0.17254405347067217,0.02136331575526802,0.006622226974662583,0.0008450881566658383,2.9443626184176477,0.3917081041158236,anesthesia
0.5643424802845586,0.15926737492828028,0.021238677939001596,0.006291399882052181,0.000916706511899828,2.970542797169342,0.38092485396843573,anesthesia
0.5229598001132132,0.1996067334535456,0.020319026826884277,0.0062573933067983315,0.0011344508637207093,3.0396517043589992,0.3942704619608578,anesthesia
0.5130745870322491,0.21372933471667196,0.01862185364157735,0.00663347996667155,0.000946674647621355,2.8901457777117305,0.39017311749712685,anesthesia
0.5810639261455187,0.1684107648676922,0.019673061124593827,0.0061202050950147245,0.000758979687654007,2.7721448721749473,0.3868801049182093,anesthesia
0.5778340783346559,0.16606719715621948,0.01619626560168031,0.005951971613806677,0.0008014838160274581,2.7726078300377286,0.392029142538637,anesthesia
0.533802973345114,0.20499700587902997,0.01682425754915533,0.006975405855327166,0.0009941882577461847,2.947295245431183,0.4029730437510296,anesthesia
0.5526375846196262,0.17980591019447903,0.018227466817639853,0.006525508015282077,0.0010346637725586936,3.0139365489406735,0.38076167565533914,anesthesia
0.5861808639413311,0.17693943907683926,0.02180210403886414,0.007328997034888231,0.001268821862717853,2.8306227148470358,0.39702689935008945,anesthesia
0.5928241438064419,0.14818600157621306,0.015343976609837119,0.005391043987191931,0.0006890560419667391,2.830257336652806,0.3724369492825548,anesthesia
0.5466434953240682,0.1721799915778354,0.02346957177787133,0.006583102119714868,0.0011411944671964166,3.034429718046108,0.3912346759794388,anesthesia
0.5319570899934446,0.19500288007995248,0.01736033658827178,0.006313711435440981,0.0009570673242127264,3.0699200714380397,0.3861269549423765,anesthesia
0.44411899597874543,0.24520333287105944,0.024947043818842572,0.007789010490673711,0.0012176974048008795,3.345019997832665,0.4032751691519547,anesthesia
0.6303724482247939,0.12045595930321781,0.016902666180571065,0.005785299501454677,0.0007389743161352322,2.6593349679544867,0.37102039452212004,anesthesia
0.6451574364992093,0.12448929717693964,0.014704435042278873,0.004831674314386461,0.0007223279821550843,2.5602844368151145,0.3693882222482082,anesthesia
0.6391128730378994,0.1303895428903476,0.01797532100600602,0.007331052278159242,0.0011590229260087775,2.7177240401991876,0.37695575792605684,anesthesia
0.5743734466523887,0.16957539901429966,0.014895940634913538,0.006403202444768915,0.0008755228152931426,2.848045756138649,0.38391668076758656,anesthesia
0.5377320900943042,0.19175654342130738,0.021230224902566375,0.00763394989648793,0.0008840382621343284,2.8801467298678016,0.3987538649091573,anesthesia
0.5125710287743351,0.20083338779854384,0.01864762041749542,0.00685612347322552,0.0008645403479739378,3.010145561286695,0.39303203744387477,anesthesia
0.5399994397468763,0.17726156918536234,0.012385210881991387,0.00553696571730484,0.0007739045531028779,2.891551843793733,0.3744989895757064,anesthesia
0.5962220960552758,0.15085666552218688,0.017468467580147317,0.006379361572627852,0.000873773452274907,2.8726309825634657,0.3817145159330889,anesthesia
0.49948365738428424,0.21207570943467724,0.020613390146627948,0.007376875263842142,0.0012246827101153588,3.0767529234789572,0.404580663274475,anesthesia
0.45119403701488203,0.2317721229639673,0.022683608540249894,0.0074773194155109595,0.0009713749468328156,3.2821320715153575,0.39285206792923977,anesthesia
0.49897664395770636,0.23036184416650407,0.014935039913283071,0.0064507270047436185,0.0008394930942669567,2.9988493286188693,0.389585138380195,anesthesia
0.5104521491458656,0.23558175889993685,0.017846757964827067,0.007075420553613627,0.0009562657156971419,2.977095580207238,0.4070858269003667,anesthesia
0.5674065769122738,0.16299443298523753,0.013888404950505126,0.006446169809287177,0.0007490283982625258,2.895104826683753,0.3796409970560069,anesthesia
0.5470817821992412,0.1870788664206199,0.013373422768129513,0.006080684895335436,0.0007129633166691906,2.8422318941125986,0.38901318079691155,anesthesia
0.4702304221237523,0.244374801206964,0.021602468666105407,0.009476841137623211,0.0010657560534262887,3.160748450393374,0.4094502692649049,anesthesia
0.6063712857220347,0.15475436068219814,0.01989415698185929,0.007761488677589665,0.0008666030092178386,2.7765887199983443,0.37975227274568,anesthesia
0.5986299706815915,0.1733043895902425,0.013379407168720485,0.005664835092295745,0.0008439862822933232,2.7321836085143114,0.37680242768150063,anesthesia
0.6231368684025628,0.17764014777899173,0.018989492445309324,0.006673029955945367,0.00101968718899486,2.7286394770639797,0.382136065731315,anesthesia
0.5855864999967566,0.1829934087573226,0.02300788693725036,0.008535002090616564,0.0012807164619246768,2.8261982179455027,0.393947322495681,anesthesia
0.5513324569641457,0.18061381388730405,0.018276048972008525,0.006514549190171484,0.000982258589843675,2.8322611187918256,0.3893824459367159,anesthesia
0.5240234599724769,0.18449159164626694,0.017063196089765146,0.0053375136762351,0.0009305569365441738,2.9731740144088206,0.3796827060934627,anesthesia
0.49087361992974426,0.21248952494684392,0.022778181090254226,0.007506991396262223,0.0009018216430918438,3.24417866050125,0.3987428105072246,anesthesia
0.5505404944722969,0.18578813904207217,0.021538460146510358,0.00727690666881518,0.0008853478006893094,2.9552003823553905,0.3942098464593638,anesthesia
0.5694121031815058,0.17190191499174498,0.01625798975173895,0.005908481244943436,0.0008119710177376631,2.819311966005255,0.3844202522152248,anesthesia
0.5001816187172593,0.20742894545913101,0.017499869974734194,0.00692551155619425,0.0008395312840355291,2.9585371603731554,0.39289009760782473,anesthesia
0.6022519398766039,0.1504163502440492,0.017622299413865443,0.006223530746411141,0.0009636046012470911,2.9103829538015336,0.3764493219435689,anesthesia
0.5975130812433003,0.17254155429718138,0.01696407689026966,0.004947063044289435,0.000860886007626659,2.7833609875297025,0.3838311761165592,anesthesia
0.6487847004426351,0.1247469845821873,0.01580033451407905,0.00524877356710479,0.0008541749216926297,2.6672522067368507,0.3603190730859491,anesthesia
0.5498078531455801,0.19066156265488934,0.01635774683471426,0.00631023614035547,0.0009533099270221857,2.976463179239539,0.38141517353317256,anesthesia
0.5217819969002336,0.20969498147634405,0.02344545496174143,0.008836421002702337,0.0012303313078511845,3.073730402990964,0.40565901918854774,anesthesia
0.5688253256563839,0.19049840300259357,0.02136528831153354,0.007046610743214282,0.0010394151078326587,2.775468885120155,0.3957310448271022,anesthesia
0.5098371185393845,0.21794241225070995,0.017252719039264924,0.00509192378543675,0.0008449430959173539,3.017180046358904,0.3954536692771787,anesthesia
0.5685317364377298,0.15915734217122002,0.015123642586499727,0.004869067008335121,0.0007088702311710927,2.8180920351953955,0.3760691331812395,anesthesia
0.5447028366278026,0.16924420655789618,0.013447784205173277,0.005555356640832435,0.0007611780783714903,2.9400982578038253,0.3759398906063456,anesthesia
0.6272891070535386,0.1502192457396264,0.012052070920369062,0.005185125987353996,0.0008890546130452735,2.712101012030698,0.36332890536742035,anesthesia
0.6124550478319407,0.1444056499960303,0.011392052095071678,0.005600770655537108,0.0007375438896497366,2.7146465688692385,0.3650765219356877,anesthesia
0.6100725434265086,0.1341753659816024,0.012614205379237992,0.004986813429289376,0.0008325509195770195,2.663972444183752,0.36667453891938195,anesthesia
0.623793837399497,0.13128416588751138,0.01506069189452353,0.004351989441789347,0.000653714625741414,2.750823139071797,0.3624264832662508,anesthesia
0.5617576813519221,0.17322426338924216,0.01644617703080973,0.005278315156171355,0.0009022562970810934,2.891938981444819,0.3842525641797996,anesthesia
0.5806742827453184,0.1471336641714182,0.01629896889612313,0.004926457170901757,0.0008882269192805451,2.8425329309651652,0.3742728208580894,anesthesia
0.5119108670936257,0.17378056579314663,0.017066482327226642,0.005334016418103255,0.0008297326783270647,3.1014622956451086,0.3714040098886307,anesthesia
0.4294218869475161,0.2244008612407242,0.011571331204419208,0.004806531600784252,0.000680306628539759,3.2652257766703476,0.3554027508743641,anesthesia
0.4784133587817964,0.20783825565935873,0.015034732635336907,0.005626803337640523,0.0008131464810368419,3.180667894707595,0.37767061801655233,anesthesia
0.42791334081263976,0.28893466300203846,0.023668610054012537,0.00797430599545463,0.0011006878504196405,3.27718376577105,0.41431917611430275,anesthesia
0.5761323340575488,0.18636548322123064,0.01653134346015574,0.0070927034237464465,0.0008464619393363389,2.871637326840829,0.3876248485630845,anesthesia
0.6302330978538375,0.14748494035356072,0.015781860658473677,0.0069728930439748055,0.0008486659256197774,2.7504512196889825,0.3781256626062583,anesthesia
0.6435257950000512,0.14483049782662544,0.018495708994760086,0.00597498439716724,0.0006566163073264456,2.512990888132991,0.3838286254337921,anesthesia
0.62251441666984,0.14949681083086963,0.01674832970550431,0.005559061944236156,0.0006008725207037086,2.5586757138887344,0.3824545835068039,anesthesia
0.5415343016282572,0.19274989505981532,0.018690153045090346,0.005387915207759985,0.0006403872770375175,2.779505602220547,0.3931848088507812,anesthesia
0.5988583503499074,0.1566008669805029,0.01540854457005818,0.00453210777712149,0.0007503350187983437,2.7579756823799855,0.3742943813496117,anesthesia
0.6211391059780623,0.14171855716123805,0.013583840451414031,0.005035634001995967,0.0006926841346783679,2.663827609125032,0.36700267599674286,anesthesia
0.5221637918228867,0.16857578965563436,0.022188950788505656,0.007031632986074717,0.0009636333591257676,3.104695687561349,0.37713867208107166,anesthesia
0.4256964252647882,0.2534254621614488,0.01824206894628593,0.0076360878540723915,0.0009554900921113286,3.3699791322617645,0.39383305010031566,anesthesia
0.4632805543928215,0.2281027277742739,0.01697766313348395,0.006467945808514074,0.0010197172536319887,3.244306941670028,0.3865221781997533,anesthesia
0.5803056525505951,0.16287202518245653,0.014605087759353218,0.006383713740581698,0.0009254922507816612,2.783509769928459,0.3815605687866344,anesthesia
0.5186824304654717,0.19381893542154124,0.017557083961763854,0.0063049697851878484,0.0009372548866502339,2.91525664620913,0.3917572241317235,anesthesia
0.4690604850253456,0.20671324907702127,0.018988745057891998,0.005752751742612093,0.0007793611885408907,3.2070507705977542,0.38428414056469434,anesthesia
0.5859102241755251,0.15927865732277882,0.018856873071988488,0.005716717804461036,0.0008960680987329992,2.755992724972124,0.3810277255268309,anesthesia
0.5846495227414996,0.15838616635216124,0.01967772654220022,0.006098012585691032,0.0009606183609438882,2.8435089034729373,0.3805333018222536,anesthesia
0.5007331791748443,0.20177869756563024,0.02477356991897344,0.006428609274962211,0.0011688872286121077,3.0308055884290726,0.40022857246296945,anesthesia
0.5356908597304894,0.18227030820285375,0.014745937562242968,0.005547172252684562,0.0009986114772007931,2.949308926707888,0.37420005908209003,anesthesia
0.5336124974495516,0.1753140842543486,0.013322760980964677,0.005175086184158576,0.0007800697369708907,2.9430864554488974,0.36892114780643637,anesthesia
0.5515956652761461,0.15736207621054918,0.027370096271282146,0.005754089328606461,0.0009881053449863667,2.985375363619725,0.3908862146606499,anesthesia
0.524681052700931,0.16828693188590943,0.019730008929034384,0.005246466965434612,0.0007019424831530236,2.9829237384579317,0.38102732417066604,anesthesia
0.4909884711345473,0.21347130635855902,0.017400906797952604,0.005770078297174617,0.0010727279517462995,3.1660653574706004,0.39043357537488466,anesthesia
0.5242634209855557,0.1978322791337446,0.019827797703990114,0.006318901637148462,0.0012242904354525385,3.0383928126424578,0.3888254208166412,anesthesia
0.578507732372316,0.14615225961693362,0.015665355704044495,0.0054094734742581915,0.0007875456144551976,2.833981914013503,0.3664633406583938,anesthesia
0.5664439279609316,0.16645204926772506,0.013297495524332747,0.005108713068366172,0.0008225972060331361,2.854731888451948,0.37559986387708016,anesthesia
0.06000692526817029,0.09737478328109665,0.1823655249728827,0.4349734283261538,0.0962442237161261,16.308171253199387,0.7405890312314035,awake
0.057714704683379615,0.10280735078624564,0.15568198724057167,0.44910615364054396,0.11647381793669384,16.631150278233832,0.7476162162254957,awake
0.0769334220892593,0.09709021477919269,0.1258043258869856,0.47948625398236755,0.10793828437624065,16.823567621617446,0.7491386244255689,awake
0.06749541458501701,0.09742701694993516,0.18444461523552977,0.4269413350770432,0.09578390164677578,15.783406091077953,0.7401949734837979,awake
0.07391205594330229,0.08807367017624977,0.20248351641210974,0.38809270814284064,0.09316417277237615,15.310143308015546,0.7312588880361244,awake
0.051504464383904915,0.08317297074523512,0.21053584556093113,0.40155086298904785,0.10555025524431916,15.931633153487676,0.7336309606388661,awake
0.055172996841144774,0.12178366396925122,0.20821679377729882,0.3943184098539651,0.09362843099228535,15.356853023127073,0.7321696932099117,awake
0.05380445880617372,0.11698022264985676,0.21333310433407396,0.39978916177459833,0.08836951094777877,15.378477487325387,0.7315883189577004,awake
0.06468690594945402,0.092653100152655,0.18479391063531703,0.40930327091655383,0.11802247822741757,16.3699710429548,0.7450717184280241,awake
0.06855519139206573,0.09877856388677073,0.2290073472725928,0.37800914858307527,0.09924747035180101,15.429982481595992,0.7311451324923339,awake
0.06563389622629177,0.09244705653510366,0.2362049136885667,0.37729344929528547,0.09934044225196463,15.715128159342425,0.7332537048418427,awake
0.08909622018960374,0.08456888251230774,0.16949940409103972,0.4089442110608936,0.10404251074430325,15.723955199076682,0.7419787862240113,awake
0.07698743119572149,0.0749767415208597,0.19161350518024378,0.4213347996364429,0.10499878678545663,15.81605646005126,0.7393501811256824,awake
0.06198751863938425,0.09036016848205641,0.18856249518801027,0.4317251543968655,0.10503823565821628,16.079746391115734,0.7397614741351937,awake
0.05607871141770772,0.06759051050253541,0.19817033871526746,0.4659302024611857,0.09656115483638712,16.72191889501106,0.7369881936483226,awake
0.07257652535906135,0.06841932825132271,0.18087639956231683,0.4528616972873947,0.09965017341647663,16.368725042269013,0.7418259237920013,awake
0.06854642201758378,0.08630332905661434,0.19988338887428497,0.42620553607931677,0.09398706571789195,15.754773260810158,0.7358662995896359,awake
0.06498244877683448,0.0948417012105469,0.21739476274187708,0.3970591538193471,0.0982593375617378,15.61387296578977,0.7345256297453071,awake
0.05160820002541274,0.07524978971921208,0.23329082277353774,0.41056010451112696,0.1013103114184635,16.275595988842497,0.7336698696885616,awake
0.056344421804887974,0.06622074189281014,0.22832979288180694,0.41253985522761966,0.10554734124537832,16.370258144663616,0.7354043333843064,awake
0.05579840863491698,0.10332566193901481,0.20751473684394367,0.423164857846153,0.09808100144286719,16.070842577170858,0.7399115982401413,awake
0.06953699602493589,0.07690077260941103,0.18605150264740183,0.43036031472520303,0.10944008464277591,16.59466170084222,0.7451531433993435,awake
0.08564267746803654,0.09343274191121757,0.1841817076603259,0.4086623970064315,0.10329174142851874,15.79510623553783,0.7396570044100321,awake
0.0627822958685101,0.10405986422775637,0.21264257766009628,0.40207236204863483,0.09398936178829387,15.930917748777405,0.7344459644596354,awake
0.044796944050699325,0.08559887749488067,0.2763776168925833,0.4015149595481195,0.07957837145287737,15.706847007610333,0.7211165904648194,awake
0.046305809318341364,0.06931956682151301,0.29856949882469586,0.37601915247737033,0.07940359174948688,15.263205817010034,0.7122814801536188,awake
0.04796310204376859,0.06679953454390343,0.19301492421878422,0.47682182702729115,0.09120071267495597,16.809246622407823,0.7379493083079595,awake
0.06506603855414449,0.0724421081703413,0.2357559381912665,0.4064929459246702,0.09148911477628359,16.086747165145997,0.7268959329061918,awake
0.06716690877924736,0.0808045788783905,0.19159498954528215,0.4268027577301481,0.09593607305973398,16.18342042620995,0.7383132852465689,awake
0.04945120693454531,0.07868697254256143,0.20568518931391305,0.4349527969354042,0.09114237447990456,16.72071443298549,0.7346412267325291,awake
0.05311786138004944,0.0883153907651909,0.18919689084679253,0.44491984729226064,0.09079068484275622,16.40388617643322,0.7384224610855817,awake
0.07846583705604071,0.07294137652457326,0.193572666872604,0.4168237140088307,0.08909047543952654,15.657272686093634,0.7352258065704613,awake
0.06452172065522961,0.054257278594326656,0.21566126256490675,0.42217397794715594,0.09797848360612381,15.922089123387055,0.7292155175759655,awake
0.05487565084695955,0.06936970409400683,0.21235538692316813,0.42697791367155064,0.09440243673132004,16.115068701844827,0.7303897729877042,awake
0.06595146851060338,0.08210017831713748,0.2120644671664576,0.40329764522152667,0.10168112476763426,16.17541473638691,0.7362793231401286,awake
0.07686130355621891,0.08508560943419557,0.1763876184566492,0.43607473085735265,0.10150580135330128,16.079260883246253,0.7407750854015255,awake
0.06117253718140896,0.08055149349914231,0.17215456554232123,0.4501220047686592,0.12285766696403301,16.81831917307727,0.7489536638007429,awake
0.06417447307524095,0.08771854802929578,0.16701671475997004,0.4718513632270402,0.0976338377809481,16.63378299150849,0.7460136420559844,awake
0.06692943570513853,0.07337672079406538,0.19026649969867973,0.44024203624316616,0.10607709631426482,16.54793754070539,0.7421465630328847,awake
0.06359831238672278,0.06238989069630562,0.21523944938611397,0.43225696504614847,0.10033409407599857,16.481499593752467,0.7375917750067021,awake
0.06291000918932599,0.08413051192105166,0.20013703933192298,0.41825738614834646,0.10754960232480718,16.68417957675654,0.742754826443204,awake
0.0665356990797726,0.07802006777385398,0.2069594038446526,0.42111748180857156,0.1070108095125046,16.310937772848966,0.7427578754383818,awake
0.058804105904577096,0.07597607270751089,0.17628562002644033,0.4495640285227069,0.11684109185342392,16.9976426786821,0.7462217216709608,awake
0.05448345192581543,0.08835189192448366,0.16119345288872344,0.45150245295272734,0.11646488793068323,17.13183898560403,0.7471192964306456,awake
0.056593664994126776,0.07955563407302174,0.1905222657134841,0.43602690732607574,0.10903255826332213,16.645553358465,0.7405817113428701,awake
0.06945372802725035,0.07932853718577688,0.16704532834287153,0.4389766099810061,0.11016066504248086,16.613248252528408,0.7444196574681313,awake
0.06449859429713084,0.10054741255843952,0.18911225956271235,0.4029146455992759,0.09406273372453108,15.580222552941212,0.7376737744359548,awake
0.0503110633335852,0.07229551265553077,0.2303805990824715,0.4348171066003995,0.08499614838732406,16.197151334063623,0.7327455649534602,awake
0.056248683957528425,0.08122890284416096,0.20454495166808606,0.43164974810748274,0.09662175587832851,16.303254021499892,0.737198150059172,awake
0.0628884840550074,0.1029528861445224,0.19881124852045357,0.42083671429864167,0.08781608271170831,15.665460948379742,0.7349283510291473,awake
0.0743466004783326,0.08273919376800276,0.17822416131220617,0.4397383240298283,0.09058413614839891,15.887007335546782,0.7361762675729439,awake
0.07291795317597334,0.07948423345322465,0.16837551208926413,0.4635058172915135,0.10364266946222223,16.601314490094442,0.7425388182442784,awake
0.06338271919060905,0.08717923813569646,0.16974266558718956,0.44710677873392224,0.09588090187630192,16.23261908421606,0.7417885202320449,awake
0.062384857430645035,0.10509110715047042,0.20055371848050188,0.4067373530035482,0.08672104681573702,15.492776991288205,0.7355593227499547,awake
0.07188513347250454,0.09445602562567025,0.18367818475036568,0.4338740928220558,0.10031737879004718,16.30027456977128,0.7416034796850983,awake
0.06968733335933265,0.08760484630403213,0.20360940170421266,0.4066527102681414,0.11254686655847343,16.253886524646013,0.7415091976255808,awake
0.0493079053151234,0.10251309739488042,0.17492059898270745,0.453433818393423,0.10527656183190008,16.58884523388312,0.7434264544292761,awake
0.05400734211808878,0.09810507350571758,0.19398271384483348,0.4326643315005501,0.09279021182731347,16.009981688958497,0.7368988116783549,awake
0.08102099458387871,0.08595446373405369,0.20091976896299227,0.40276859408438004,0.08703694250977537,15.064933219250083,0.7334956056389448,awake
0.04172509732269724,0.06153790031277149,0.19770763806618777,0.47100851487342044,0.10629112489825872,17.47500124529188,0.7321184320071682,awake
0.05204402332367941,0.05665007912498679,0.2072228499735976,0.4355353041641426,0.11330529520673983,17.22547110008363,0.7334859646393728,awake
0.04191491244808879,0.07997020356489275,0.20732280292919425,0.42780711049763137,0.10263628047151623,16.829617654660996,0.7316266059625633,awake
0.05362190362752142,0.08145593298518683,0.20529734840824818,0.4386868046325311,0.0815951609706164,16.09858216616025,0.7314893472137746,awake
0.052033326095855786,0.06570577296432617,0.20679799658658585,0.4735734081836753,0.08913334428583461,16.635645453633362,0.7355629500199122,awake
0.04269524430054728,0.08241582285133439,0.21014532821889598,0.43913652565337474,0.10206752323018933,16.525647597501248,0.7387514741242653,awake
0.04417658403532484,0.08308640759274634,0.22659266407466355,0.4193208029045094,0.1024646836639245,16.515008236640277,0.7369620891349459,awake
0.056062913639867214,0.07152764879436595,0.23288072152382033,0.3986967723758021,0.09754201690828129,16.206240122629342,0.7259269566152716,awake
0.058794557604493855,0.08035663746346966,0.21981856303715455,0.41986245309165526,0.08331379279721175,15.839822920710496,0.7299841696379012,awake
0.055975998900319034,0.07218396388745703,0.2030166454346152,0.44925733144762814,0.10167494335186554,16.412363112909137,0.7378577342066326,awake
0.042045977209851815,0.09648475789584637,0.18209708322852808,0.45205145301034305,0.10943059211941128,16.92861091643823,0.7439351154596863,awake
0.04685164143690285,0.10349249964522417,0.19855416851450003,0.41315947283755905,0.1085319360796701,16.436367092165064,0.7434136085658515,awake
0.04899570854891023,0.08476638379776942,0.17965333253399848,0.4572681499400466,0.1110921527820289,16.822406869204684,0.7407197347168546,awake
0.06307667296743075,0.09013753749514124,0.1594126989158725,0.4343510788921448,0.11501108131519469,16.47616100541431,0.7415003062941842,awake
0.05168786423180306,0.09658641178518863,0.2160683285552863,0.3996777142828471,0.09205797897128896,15.664203172372943,0.7318157824656215,awake
0.05503410657285486,0.07043512203757708,0.24480571821348907,0.42358387788394297,0.07134313574854909,15.412501064795277,0.7237429352937738,awake
0.06055467322039367,0.09498276578901721,0.2157842567051566,0.4018989396597388,0.09692349655599987,15.739722369121088,0.7375827232114643,awake
0.06840090527815729,0.08786455538958039,0.19604288501009054,0.405559246475351,0.10764034515386638,16.109020664525726,0.7389503223590702,awake
0.042825824200266815,0.07991064145779649,0.2221950206744543,0.41073839783473853,0.10622239047958967,16.640111524382082,0.7334385899127691,awake
0.04671418919422365,0.0761400257265486,0.18611213716466377,0.4700244528461723,0.10733366966298673,17.112254521842765,0.743137426322884,awake
0.05308969998411965,0.08434673586475716,0.1888451380803795,0.44297129764842486,0.11375995718479824,16.619448637435738,0.7450991214400727,awake
0.056464214772571866,0.08524631509192115,0.2428436540713209,0.39669268153573545,0.08647992665216604,15.491263144009197,0.725838763570801,awake
0.05722327184576976,0.07617766214044484,0.24455142689869785,0.3847626220755158,0.09293224974418335,15.360778398363255,0.7264621296445394,awake
0.06182111313698214,0.0929050167416862,0.18701313523954152,0.41400766412070605,0.10630945572664711,15.949794732633375,0.7380666266397733,awake
0.04827063929228038,0.09230255786904237,0.19171337114551282,0.4190366341897503,0.10254756953870722,16.337526631118486,0.731818459432312,awake
0.052469736247563514,0.07371916678325557,0.19950746013135767,0.45175576638312515,0.11038171987806966,16.876065520855953,0.7396387552828525,awake
0.0644407121845135,0.08308506412564061,0.21396437065701848,0.4214619614656312,0.10134767901774794,16.02608171370013,0.7361385791328298,awake
0.05828824326600851,0.08337983395950586,0.22184406102365029,0.41615137333387864,0.09295739969476598,16.043452969507378,0.7320605910371907,awake
0.04832883155037478,0.07668456143133943,0.2273316583600116,0.45276671089865106,0.0922953966348106,16.559059092087857,0.7311780044485139,awake
0.049404624082579805,0.09602653827824562,0.19537465047384048,0.42036243013654323,0.1164639021822938,16.660825194214247,0.7406607115566693,awake
0.06612066332630673,0.11400841736297516,0.1706410250213478,0.4029177750328698,0.11543011406737673,16.02844241836256,0.7415844147495175,awake
0.06454863221219602,0.08977108302869129,0.19182106713320748,0.4386636554490797,0.09389817750209702,15.985267420633962,0.7366100885189968,awake
0.042659950499697376,0.08313051959704842,0.20668359480708143,0.4468586613195597,0.0961059531396831,16.831554287099923,0.7352531302884426,awake
0.051587779976213013,0.08917283760452804,0.19883946995437232,0.4073579486906792,0.11254722535493969,16.493862945072433,0.7414905763311956,awake
0.044880774265314415,0.07882936597547299,0.19839332675278643,0.4518601660289966,0.10016223569323526,16.58430820043892,0.739475168732406,awake
0.045618598127324494,0.08885787400038235,0.21680009517343862,0.43194926520338744,0.09706744968554881,16.228269315482557,0.736560760599547,awake
0.06319329196195306,0.08672628566810056,0.2086049540403533,0.42533152932471785,0.09584605356475963,16.20292754019094,0.7390921154232267,awake
0.06310963102028203,0.07176896140116518,0.2090519547303957,0.4517253992794862,0.08486986365052239,16.133995733698665,0.7335607294317862,awake
0.06829053598292237,0.06150436266190987,0.22050409370616772,0.42676817598128974,0.09548339801673261,16.298093470329754,0.7342843497977277,awake
0.05483641763755094,0.06584917834357214,0.24411915650344054,0.42771419210018186,0.08952491206636096,16.259414856631047,0.7319571690151432,awake
0.06705078417596108,0.059954974069013234,0.2358602728543074,0.40996843048559733,0.09019661966051958,15.67298345638028,0.7299697483300451,awake
0.06020614166451043,0.07940551351399396,0.19254504970667877,0.44991648122823646,0.09432298856860892,16.296848673530786,0.7376718839215456,awake
0.04816555675952054,0.061951872315276595,0.21118817879773533,0.4595828223592999,0.09047943862690049,16.31762680042767,0.7313120600671219,awake
0.04757677177814926,0.07576627674733111,0.2178260879798239,0.44194958813329394,0.08164890139258822,15.965047057573388,0.728422967261489,awake
0.03493217836358495,0.07903050057290376,0.2262194569683835,0.4456812211392809,0.09736853587293937,16.65013626989683,0.7321505685665455,awake
0.04728673474326028,0.10326667088675545,0.18837515663710244,0.4326611816408726,0.09040748560483614,15.831020987204274,0.7373909873100652,awake
0.06664532427112752,0.08590077216486237,0.24031678843805845,0.3789237816661249,0.08883778296208211,15.311351668859471,0.7294297126194598,awake
0.06320089549167462,0.08362605333972556,0.2106479889062446,0.42272174783602107,0.09536423077060424,16.002670249327586,0.7364599954994058,awake
0.05804734455268128,0.06902697578738573,0.21312150609746328,0.44706117620118974,0.0807940497006076,16.0824443239346,0.7325949286244257,awake
0.05367453691952801,0.06939977783031959,0.19956902231177107,0.4577204806152468,0.08964723146420414,16.681997416317035,0.7366394550434342,awake
0.053292175674211524,0.08101501248301618,0.20724841359218513,0.4551861113463298,0.09021645915996129,16.395875069195387,0.7352301315437162,awake
0.05831235520801606,0.08659526708216385,0.22715904401925843,0.40686617395576835,0.09669206907007671,16.093810163524694,0.735390896096499,awake
0.05811993774309097,0.0792510696931698,0.23075073095944862,0.39632404811130234,0.09946005352260849,15.668868011605694,0.7308280467712979,awake
0.06661323736498462,0.06380055082468954,0.23045526066149458,0.4107899287738888,0.08542771570221552,15.726600485720281,0.7293130164081991,awake
0.06013161982084449,0.08695702314269894,0.22448673671255961,0.39738251874910874,0.08993976456892334,15.778611431592232,0.7329113828859584,awake
0.048359874451352994,0.11075046179266047,0.18173441371844407,0.45612104892780947,0.07935857165840546,15.939967832690384,0.7362988748347886,awake
0.049344288460765336,0.07918518286902956,0.24122500874909775,0.42223729875539245,0.0914893293354991,16.130075196156675,0.7300421015723976,awake
0.04321887925039929,0.08082621414300822,0.2180712129800957,0.4287592590948943,0.10905286203579197,16.70512547620504,0.7395046481422201,awake
0.050365599330464715,0.06790108423526316,0.211712551826139,0.4486482531133534,0.09672481271474134,16.50658628075805,0.7385123855777517,awake
0.3976836155141001,0.30241776211506066,0.05102588087234962,0.013394980218236388,0.0024367079158953615,4.0187703699289505,0.46318505976204943,sleep
0.41201368044373227,0.26841296190472413,0.05345734079114323,0.019366005945734815,0.0031380292935894796,4.09374322955142,0.4687991350351546,sleep
0.43455731821256594,0.25636515416549044,0.04496017924417948,0.015297671597605356,0.00311125244409985,3.815835093611857,0.4492626009463279,sleep
0.4596136349825233,0.2522488770590818,0.04176428615441709,0.012872472133575744,0.0024072134777267666,3.7077409910228263,0.4343060858430212,sleep
0.4453437280786112,0.24608782292763542,0.04384519914181119,0.014360564224343583,0.0026529644620251055,3.7965687745746473,0.4414450775001282,sleep
0.4567639718405968,0.23577240470869307,0.04254641248148556,0.013803077583666699,0.0021645070052290377,3.7335573610910338,0.4412368281809239,sleep
0.48701538049637827,0.20929578578620908,0.04801616335156622,0.011763160789768877,0.0020661504596159387,3.611133245697901,0.44117163129185266,sleep
0.4436460721177717,0.2553328096312432,0.05480431292589975,0.01406290328477753,0.002591302045933792,3.849595956661679,0.45291209894309464,sleep
0.410334217441112,0.2890418965461464,0.058870119168140875,0.01887519440373566,0.0029833009547191947,4.102628636876278,0.47409424204418404,sleep
0.3928816878776467,0.296190426975272,0.04342130559445626,0.01423051941490259,0.002255258434718845,3.8610953867304927,0.4521098535716108,sleep
0.37902793230133935,0.3051029221097573,0.05093610756613203,0.017271518322459024,0.002758216531501301,3.935153709197639,0.46657051983259024,sleep
0.4013742981963215,0.24976404677400738,0.056163725873271335,0.019535942923694816,0.002917398956541734,4.000163357210051,0.46238186077927135,sleep
0.44190625099990316,0.2302634085428643,0.04162845100870707,0.01758346100729334,0.0028665112112236683,3.827511808541333,0.43563157509453176,sleep
0.4419429709183396,0.24870245632289043,0.04940970045786177,0.014303220679608653,0.0025082125421072303,3.7748745744223977,0.4562379169787844,sleep
0.4470486859682437,0.2457188978877463,0.03628953073106181,0.013790258793679858,0.002045773302263236,3.668555763068814,0.4421598325930142,sleep
0.44932510529559244,0.2718181354040802,0.03271542966315732,0.013260365758729714,0.0024017636465902006,3.729028916604659,0.43429241132677143,sleep
0.4952779631511025,0.22751082612123888,0.03180677901427855,0.012427787304836097,0.0022545306483274397,3.476285127581544,0.42646584540927635,sleep
0.5352439436816756,0.19000110368581405,0.03393038755912675,0.013825457232761408,0.0024532207191360657,3.3612568192892165,0.42054188061602416,sleep
0.5337794120655387,0.20659894847966104,0.037632575256583645,0.01359331948629219,0.0022565303081477995,3.3706923094134744,0.4289466505055894,sleep
0.4777894932079153,0.25207507296261833,0.035084938226377885,0.013722989339034385,0.0018370484829109608,3.48405272717274,0.43444080344713926,sleep
0.4884634389901704,0.2607804090410862,0.03979146217950665,0.014707139605648985,0.0020417362552737875,3.5494145104870776,0.44498165832297887,sleep
0.4288682618952604,0.27660797290924255,0.041555527264568466,0.017565817634603256,0.0026474106641347778,3.757251363436733,0.45334660394846193,sleep
0.3979782490081296,0.28588458008008083,0.05168563454779302,0.01896294629946412,0.0026317519887702184,3.8734297278095045,0.46851267588031065,sleep
0.43672314764472897,0.279300377417608,0.04547702298686955,0.016271081791469643,0.0027134947153507846,3.8801969283249007,0.4611235245485116,sleep
0.45892501501544414,0.2590561140927694,0.05140773072225989,0.016091888102118874,0.003172103306082039,3.927262267696043,0.45509562617061594,sleep
0.4366756972348978,0.24803497009218284,0.06471786011975446,0.01752379660371065,0.0025904844725843216,3.905502384763733,0.46362781822115084,sleep
0.4889794594219885,0.2399036029037556,0.05643334607760794,0.01460078294645833,0.0027804558834849,3.6573161829844745,0.45134072676545656,sleep
0.46655332550388273,0.2519368642828433,0.04860328187199667,0.0131492218283205,0.002719927129015301,3.682106359823382,0.45203706680839334,sleep
0.43236247345812473,0.26598637206231907,0.05452592181663758,0.013909919989262644,0.002627489408355492,3.7934789588341546,0.45600849854359715,sleep
0.4252990686300974,0.3121646111014685,0.03649303047961396,0.012850565157542775,0.002463066222770983,3.7309927564749126,0.45115542169865447,sleep
0.457334051480239,0.2693618223884853,0.03843613373916409,0.01406541634876754,0.0025240522270939558,3.6592522322235843,0.45399756681588055,sleep
0.4205716060891784,0.25802512259588384,0.04710697548995193,0.016323599091436367,0.0028316936424034192,3.908673932399352,0.45605571982528487,sleep
0.49242047533631844,0.19063272259568564,0.0448445961188219,0.014399779417746226,0.0029353105518403564,3.583742427217518,0.43356595888362753,sleep
0.436677653961602,0.24531144539745794,0.05302436072741083,0.014517288363200256,0.003200492011843835,3.784502486334895,0.45566645491470403,sleep
0.3897329282157556,0.30812189435401116,0.04260901243072913,0.012784981260566096,0.002870270931833666,3.888046669578511,0.45754070441457323,sleep
0.42171669934132044,0.27086056262759617,0.056411094255346746,0.0127868911790897,0.002674514931816773,3.93171686592906,0.4618352988283467,sleep
0.4050618435395419,0.2764936323700503,0.044583520922559704,0.012616477501241367,0.0028532995142845617,3.8708479842297874,0.4505313369082262,sleep
0.4694091809547039,0.23305212231392425,0.043171786386774755,0.014090113854137892,0.00279212302686994,3.638769588849136,0.4447878026410075,sleep
0.40497549036659675,0.28113363497274,0.0411943467807234,0.015357806351600235,0.002584744371761015,3.846052684213456,0.45431600093018154,sleep
0.48505894237185,0.24368433443149518,0.029543492858758204,0.012608285141837603,0.00208621189277789,3.406502159761829,0.43150285708471336,sleep
0.4285926252846415,0.27180680377976374,0.035978350795159465,0.012612162137201484,0.00187789843200228,3.69333562552015,0.4409439373574423,sleep
0.45756472502506185,0.2584934095557782,0.039930097814002564,0.013506957499393261,0.0020650022738309564,3.6061158183151756,0.4502715962123055,sleep
0.507079601994727,0.21008848733380925,0.03743243522575138,0.011931903408022254,0.002305518401047586,3.389763999802609,0.4317580639367884,sleep
0.5044101376057455,0.21738888856751942,0.0296621654475815,0.009942213302468935,0.0017971475661669517,3.3345327450053768,0.4200132323896852,sleep
0.4498176217594278,0.266441891658604,0.030105875424733884,0.011867527083750605,0.0018502512065077445,3.5524749345475546,0.43341890735980926,sleep
0.40509893440798667,0.252386121102675,0.05284992819426466,0.02115889203622667,0.003053228158061418,3.8133630535330623,0.4535374173057765,sleep
0.4321089277501039,0.25734211429838383,0.041389814074729206,0.016964844419234786,0.002640206729968538,3.7335864095314975,0.4525287631538562,sleep
0.44665541428975014,0.25955888753685213,0.039189274170687315,0.01363101905894004,0.002375457676128617,3.77583899839614,0.44051485105260896,sleep
0.4712578371146186,0.2409092951321583,0.04700548544919998,0.013803192484599703,0.0021964711515979883,3.6277737151925167,0.44591541784199035,sleep
0.4257290548867867,0.2600044092329133,0.05569978256149929,0.01888256796530204,0.0027925480220997705,3.999413618716089,0.4633921891562792,sleep
0.44475252099558,0.25744120173917023,0.04924713001654557,0.01667914317776961,0.0028789329770719284,3.7162806519423586,0.45528716438411054,sleep
0.4532944158855455,0.24902434284816213,0.049046428216247835,0.015125755061427187,0.002941902084392122,3.7202191945789687,0.45413695562258494,sleep
0.438971785088993,0.2583934540944175,0.05267927410530108,0.013563675998981554,0.0026434717428438824,3.777470534073884,0.44169324251397385,sleep
0.4557647975198111,0.231587340902647,0.05418321843701005,0.016619262352704996,0.002395480223418291,3.7155123310866105,0.4474402690244511,sleep
0.4312335746155609,0.2695617778483807,0.04461881458563199,0.0155009581776498,0.002546657505561525,3.873208857634807,0.4551258238638471,sleep
0.43701330332194976,0.27346434966416383,0.04446880593272818,0.017309736353170863,0.0028366220914430385,3.748175908668649,0.46065638874778936,sleep
0.41308584136422005,0.29223478474607123,0.038207934048687275,0.012996001926645576,0.002585490259494892,3.6429204598311333,0.4497238171535901,sleep
0.4614434846860806,0.2219041917594381,0.0401113127418752,0.011052621690344698,0.002113959008791129,3.597757274319481,0.4293799582814246,sleep
0.4882898953084447,0.22318693390043465,0.03794710148899238,0.012664274346449194,0.0024554714656782814,3.5307036330949813,0.42912193078055816,sleep
0.5316447274191324,0.21273551148015923,0.036642143426374264,0.011938144670237799,0.002311492405794033,3.3068318692089007,0.43408651704202156,sleep
0.47972417984077287,0.2300474952896536,0.050566883075939005,0.016383714655982113,0.002982332900867274,3.684198977771059,0.4569321209485685,sleep
0.4904999088940843,0.20129462151262648,0.05208422554091189,0.015326529587453853,0.002643719495802748,3.799635870814334,0.43296328880272766,sleep
0.491308224660792,0.21871873879444823,0.045635896286690375,0.014387741585358733,0.0025779126100732913,3.454575699002344,0.4387959521228335,sleep
0.4755568473800649,0.24625880201120057,0.03284516609476577,0.012280914539016956,0.002442269305724935,3.4009704219233563,0.43330822749095244,sleep
0.5224445683649082,0.21740943821483702,0.02804235942465787,0.012289652455151345,0.00250866929875835,3.281613140227006,0.42913419443347506,sleep
0.4531807610017741,0.23905968513778914,0.03881872415143336,0.014384214546818486,0.002850307023682606,3.705832382866043,0.4389743590585208,sleep
0.4929204383859246,0.19118679348938872,0.03788253406015901,0.011921174393725854,0.0027711706573603162,3.3772594770038236,0.4247350150816322,sleep
0.48691204555146994,0.21419977365126489,0.040581212475022214,0.013239342744830448,0.0029882791500259577,3.5472626582498075,0.4344824345509743,sleep
0.560656935851499,0.16978655204426524,0.04563878908237397,0.012479917825438691,0.002770749585740283,3.3731558278590423,0.4255113238750591,sleep
0.5398589070141596,0.19834544290801984,0.044572180760865776,0.014126583841332191,0.002795668427041698,3.4376281068447496,0.4350656555460025,sleep
0.4322252162799371,0.26272118411103124,0.040392836638023004,0.01305421296636932,0.0023366155342167162,3.7152799993358148,0.43851961220759317,sleep
0.47537598442199985,0.21609541677429853,0.04423434850864706,0.0149156970486798,0.0029067377429929948,3.678486840211266,0.4448616414916471,sleep
0.5266802106874264,0.19530098729729367,0.03105722163380553,0.013578073227375474,0.002245125685266426,3.273185470136005,0.42105299089713655,sleep
0.5166065150235373,0.21799968320821186,0.044752182787569685,0.01405115593881571,0.0029891803253320817,3.4542273211176657,0.440454988614224,sleep
0.537111629174494,0.1891812573418306,0.03712827386176263,0.013923029383676639,0.002485121260900362,3.293721651381928,0.43056561272296234,sleep
0.45873323641841746,0.2767714025622873,0.03650074026324491,0.016418168502276575,0.0028599448664899793,3.6846772456138996,0.44900120347885614,sleep
0.49831367947039434,0.21153779075712867,0.03297082977683771,0.015542320635780364,0.0029379719216651168,3.4953208592744325,0.42489069225500714,sleep
0.42005162703931564,0.29944129460081004,0.03029093194861905,0.016419933708769482,0.003004148194238092,3.7946509942786903,0.4463379287142802,sleep
0.5168744072455598,0.22308326628729305,0.02707876348746524,0.011295219241891776,0.002334463990131392,3.2740923996338904,0.4197487656140863,sleep
0.4963180250358617,0.2094949240264404,0.038968572139929256,0.010858042152910505,0.002975352389586059,3.5182706330577562,0.4295940790116953,sleep
0.457015315598741,0.2493882307619016,0.03859076644549043,0.011675622285209386,0.0023681348994767423,3.605374460091805,0.4370490851341256,sleep
0.4057231756449128,0.2817468866259517,0.03764948209247765,0.012252910062658101,0.0029801456454917477,3.69589306574789,0.4371010794187687,sleep
0.49465666993200014,0.2541069896727885,0.03758110826791839,0.011358527352227397,0.002874620306275703,3.57261261983218,0.4326201217934611,sleep
0.5350473048972796,0.1851903885307669,0.031289567620661325,0.010568819629857668,0.0027171006421375403,3.3075617446113488,0.41797967479067233,sleep
0.42110305233383183,0.2800764937483484,0.030942499535041988,0.012789388821170294,0.0026612168277105924,3.728386813622994,0.43869387551692596,sleep
0.45881873676615437,0.2508672701254358,0.03130847225235805,0.011183164669786643,0.0017530002883625918,3.5916152814493154,0.4237971787198712,sleep
0.4589375426708668,0.22217776469342873,0.032589326748306814,0.011175655182421291,0.001770819188815432,3.498440147724243,0.4302228882594973,sleep
0.4881703337046709,0.2431732922037357,0.04334594294358869,0.014439486918500662,0.002482035463927999,3.4814610452986083,0.4457540575099429,sleep
0.5081775361267394,0.24166905164516886,0.034965057398306534,0.011401674081236208,0.0023443045389266617,3.43274644026958,0.43316434932578785,sleep
0.507486382725776,0.218508005079799,0.03745636446473846,0.009742216189084645,0.002205587858431155,3.385152411539714,0.4304139786580964,sleep
0.4207789092817955,0.2780384338950433,0.04343867905598305,0.01298855103261395,0.0028356214797608404,3.774606923377375,0.45109849051846945,sleep
0.33177132033734535,0.3668174855348833,0.04218693709088864,0.017672415155344533,0.002990396687127319,4.028018162959708,0.46334570270332276,sleep
0.4467979182770479,0.27583121095805696,0.0426762814097482,0.01619482282134319,0.002772864111323742,3.769164429512362,0.4534139111998198,sleep
0.4614296866707418,0.2432159514342178,0.05257295088530707,0.01439543664218695,0.0030766609602880988,3.744306119698004,0.4461777466020655,sleep
0.44066092984432015,0.23967581413182093,0.04556247539524281,0.011800374771887714,0.0021821717238638297,3.744466327925366,0.43044743284482617,sleep
0.48502922553937955,0.22950502539102613,0.03711657568386218,0.012944794054007634,0.0029540592074400744,3.4827971263836512,0.438875396958783,sleep
0.5380691314426582,0.20506855232692864,0.036107653220413725,0.013594228182457367,0.00288918167288962,3.3321617536885713,0.4263921555110833,sleep
0.5279101818309548,0.17818515708135224,0.03869142206043826,0.013810033272696257,0.0024402325715970935,3.5351680126259315,0.41799874925417235,sleep
0.47687555992895625,0.23102199480303223,0.045922857295074435,0.012176667325965783,0.002179612234101609,3.732020790194327,0.4330220231873729,sleep
0.5233399219953873,0.1898871916277662,0.03857685270512479,0.012225229793706037,0.0021601902124580327,3.3809195141655106,0.42449295543852616,sleep
0.5797523547865153,0.169926271966244,0.03307896406021024,0.011228098148232276,0.0025232619550995218,3.251753762105857,0.4042970711077522,sleep
0.4693082850581006,0.2323158891959174,0.04262973524027033,0.016898832985716507,0.0036009569670949764,3.630330907131447,0.4431272931715544,sleep
0.5196838723216711,0.1934727002163609,0.03592922316311189,0.013070056528926892,0.0025796135293751905,3.3687502662822157,0.43031127090207594,sleep
0.4897032135866087,0.2094238254517725,0.03459354858423533,0.011026579907284399,0.002127532125311284,3.4694554240427737,0.42700775449337935,sleep
0.48362572113779223,0.24622085426531654,0.030836598625032397,0.010986123729028222,0.002161745380694605,3.307978100056292,0.424298640936794,sleep
0.48048449094497425,0.2329067989812552,0.03293079593386338,0.011200829112622171,0.002655452304869161,3.380894761570341,0.4246241312179474,sleep
0.5653403200725874,0.19694880608269136,0.029152166671570615,0.01124017683971797,0.0027151270143928883,3.0240017989826997,0.41606801999361864,sleep
0.594026834938793,0.16799261548619365,0.03405651482347505,0.013047297480761564,0.00275993731978981,2.954676907222804,0.4099147102201459,sleep
0.5072369672888906,0.21166771467104648,0.04277808280057649,0.012889564824995658,0.0022774465473597858,3.3849633849496503,0.4282334093833847,sleep
0.51242761569989,0.1963915366687857,0.03957121234674203,0.012268347611594732,0.0020669809026350695,3.475530474251516,0.41909822964599763,sleep
0.47807382676422955,0.21583207363239354,0.03347806676275062,0.011010223168933856,0.002317221350265962,3.534481785285659,0.426440883600756,sleep
0.49539981723434556,0.22549650829769533,0.03871909951470923,0.012508004913853513,0.0029675374935048977,3.56567131668722,0.43825846594912193,sleep
0.4732947388062924,0.22435924254358122,0.03982079564843873,0.01524216138996404,0.002739711149628081,3.515647685177033,0.4424739168846637,sleep
0.4133014898742,0.2780928177867432,0.0361569721727482,0.01168841765377719,0.0021679387999353522,3.628173211240056,0.4436589261745529,sleep
0.49501997958213134,0.23106281617616745,0.028525368083274206,0.011108453489770206,0.002119411211744,3.304992904671476,0.42277336923559605,sleep
0.5081709018908812,0.21952771102033705,0.02749807118183847,0.010956150579688987,0.0020473655900037874,3.323582423093988,0.41980870435969236,sleep
0.45425317836285506,0.24132724724644503,0.048491734880366136,0.01388933268253945,0.002681143672969555,3.678813028682615,0.4453408555922133,sleep
0.4407782434582499,0.2604126344169004,0.039826599068753604,0.012969195594266708,0.0021141764963643977,3.7379486070375547,0.43846252805522445,sleep
0.5220879160592857,0.20082675723226018,0.015736302590740086,0.006157495678312742,0.0008338483829620804,3.043799796766154,0.3803396618981729,anesthesia
0.5674596498508496,0.18990200733740467,0.015980410418492068,0.007653343150469111,0.0012117452201902076,2.7857303140395793,0.39230414693850835,anesthesia
0.6043067614441875,0.15098400145864044,0.014725629158610221,0.007193075061252707,0.0009552656007246544,2.734035333779352,0.37894932628299705,anesthesia
0.5903306096254514,0.16038796868728597,0.01480293443534409,0.007345846004518681,0.0008784260474486876,2.7467879953157155,0.3847150785015678,anesthesia
0.5751882118519271,0.17508700546541947,0.016110395290865605,0.007376087553639592,0.000887823033166089,2.756079761051424,0.38570649633422116,anesthesia
0.5275126723668241,0.19044256682786126,0.015186499433704308,0.006417059684274995,0.000728772777419349,2.949228615649132,0.37987629220497265,anesthesia
0.557996210396864,0.17589658120431517,0.014776429764108203,0.007070977791380334,0.0008530641180569185,2.8940157365044326,0.3802736485356912,anesthesia
0.5390621498804474,0.18802612263589188,0.01603033972649917,0.008287681231660286,0.0009454801739760561,2.910159621187954,0.38807682757424095,anesthesia
0.524555679660197,0.19696091146121014,0.01589709808630021,0.007360279626650034,0.0009509943527741672,2.9961140110557487,0.3827271662279955,anesthesia
0.5779351334142696,0.1554017773389222,0.014935181282489484,0.006340114366007262,0.0009687638778749137,2.898223673883225,0.37097357729898633,anesthesia
0.6056813142152419,0.14703570664891583,0.014999249648519838,0.007024045625076916,0.0009133228824853262,2.7888641671405736,0.3768571448829294,anesthesia
0.6139085723097721,0.15288216045243583,0.018691729387215777,0.007735768232627128,0.0011238187866921508,2.685106652796198,0.3842211728834646,anesthesia
0.5648373320487828,0.18764830490591924,0.020875040566020967,0.007635071804084867,0.0009446348650877136,2.9347579160604638,0.3934462092332164,anesthesia
0.5738674331968863,0.17877812183627984,0.018565272465245718,0.006656891154159766,0.0008768889927649496,2.9482864272013507,0.38214018332129995,anesthesia
0.4591527288784444,0.23208714479572803,0.018928250634741038,0.007321593795106571,0.0009937273541119848,3.2353587534039168,0.39394466834488634,anesthesia
0.4985411818182892,0.20671365251056326,0.013981671687059178,0.006092496247610211,0.0008118835370641455,3.0783791488316083,0.38516100921288604,anesthesia
0.6117970344932764,0.1379241013230763,0.01048172541748814,0.004916519724449543,0.0006763231904203304,2.7521263551618844,0.352876167709316,anesthesia
0.6477561649680059,0.1505579923086458,0.01440595042890832,0.006021166936069607,0.0010654597857130141,2.6788276927358057,0.36993752575302186,anesthesia
0.5288221035279748,0.1721557373037878,0.01759633910139254,0.0064282876273899555,0.0011181519215062604,3.0120342918551355,0.37846160688675656,anesthesia
0.5282507776765555,0.18307290847041496,0.021655486219661766,0.007648684754364325,0.0017542559232967935,2.964802755499421,0.3947848629036155,anesthesia
0.5000943662707994,0.20759732645035586,0.015469823461777625,0.00792568895923302,0.0012768345198485337,3.041726816088561,0.3945478965642286,anesthesia
0.5370952256148391,0.18824286356550793,0.01760352332338045,0.007926501570561621,0.0011079914439928514,2.9826081516827077,0.39856771447525724,anesthesia
0.6280804964606922,0.14844424894324668,0.0170533767671556,0.006921249062474918,0.0011187231096648517,2.6779038112648568,0.38014050423565987,anesthesia
0.635244192119097,0.12890174561603254,0.01964905358189699,0.007160960188348563,0.0011294433624253137,2.8058021369494663,0.3679992117837788,anesthesia
0.5209381579965907,0.17331036213980988,0.0183739009366347,0.007267457469001075,0.0011380798194311659,3.0633596109752204,0.3790693051805482,anesthesia
0.4997428567956057,0.21242042500261601,0.023968816860625658,0.008583043985892623,0.0011198322551468167,3.1589932537067664,0.4061095735820752,anesthesia
0.6217026366300129,0.14842668619559377,0.018062420726747856,0.008324026536122797,0.0010404083129114611,2.809837498851245,0.38127564681568754,anesthesia
0.6056589276088921,0.17498852415899727,0.018294503529797116,0.008505138905308365,0.001316642459029228,2.806941683389877,0.3889699794580059,anesthesia
0.5125253791317391,0.21107839100177947,0.019198745842185314,0.008734484562661647,0.0011967668825218147,3.0182151305854714,0.4003576742587536,anesthesia
0.5148896573324195,0.21820377866154664,0.018948507485517223,0.009075356578505963,0.001201853700691105,3.024244585512441,0.39956783478181174,anesthesia
0.5517063198312308,0.1761724617246045,0.01524833058477995,0.007160619411591935,0.0009311636390919632,2.910515943749635,0.3848750914893119,anesthesia
0.5499004385103703,0.17739068662949364,0.01387332602070377,0.006730998671961098,0.0011649222058429224,2.867706096235663,0.3844249914470761,anesthesia
0.5478185372733311,0.18207710078434156,0.012694255552925011,0.006730569373574886,0.0009963091225980987,2.8825245953897607,0.3751669197987472,anesthesia
0.6420394916497156,0.13910830466525123,0.015322782615084372,0.006188321338504138,0.0010087798823694319,2.6041177929257686,0.36893745196496097,anesthesia
0.5768807864429472,0.17254271503469581,0.021983792679186136,0.008462482266674544,0.0015667074790530835,2.901064773308221,0.3961449933638102,anesthesia
0.5683515570066534,0.17552580257241285,0.012880156350074,0.006070927038732912,0.00102635480635551,2.8956981389597214,0.3713542116535475,anesthesia
0.5376198954126835,0.19180525947324067,0.017408875074421303,0.008433823750091113,0.0014236905973746873,2.9813333919194056,0.39255326209881236,anesthesia
0.5845690046546553,0.18462070389104154,0.016606278719936852,0.008233003067854915,0.0010478871984075223,2.8589984027892017,0.38230126750551985,anesthesia
0.620035710955978,0.1639126946617367,0.014005467100175409,0.0056887064049994,0.000856863354870142,2.6494013344948546,0.36476176590329323,anesthesia
0.618069367055159,0.1664885399381588,0.015733389486118174,0.007022386877809917,0.0009117544163462239,2.638679615797799,0.37411670497118193,anesthesia
0.5722670490161471,0.17804683826825474,0.021229928974214315,0.009853741375834267,0.0010182823883898157,2.8374769667564266,0.39201334923281245,anesthesia
0.48544831915770587,0.22711374800306305,0.016892192452465392,0.007799869734115586,0.000957828840929776,3.1755658067350847,0.3947319224724598,anesthesia
0.5972808863515716,0.1575678233104559,0.012492765520589416,0.005783450693286252,0.0007435232195952157,2.764995762810389,0.37059673190825804,anesthesia
0.5827366173774079,0.16696650948870606,0.016986784288107546,0.006699866803700095,0.0007954176543752074,2.8254274893094227,0.38288976318228995,anesthesia
0.5358146774755981,0.2000293067632869,0.016639452130799044,0.007573963847412215,0.0009029350222864626,3.0119464048449642,0.38779545373149854,anesthesia
0.5408798049894684,0.19594907243900017,0.01574493102336825,0.007291461592172409,0.0011293559020785061,2.9690593367612625,0.39204000967348357,anesthesia
0.644547772742267,0.1448251059622512,0.011557116570532688,0.006286282784075229,0.0009798624584541904,2.546325148035266,0.36412509616676286,anesthesia
0.6744950442371476,0.13515870755514356,0.01470400976786336,0.007335001485472983,0.0010436621767898131,2.55183161947953,0.3577221119976322,anesthesia
0.6046580862532157,0.1717389560711447,0.014727979185610545,0.007359844256895745,0.0010474190717496743,2.814036024870041,0.38044271391178075,anesthesia
0.5577572483552975,0.20891440530535493,0.016943405027432173,0.006819876437860723,0.0011257515414945542,2.9477201495797565,0.39058435923163215,anesthesia
0.5799402262863373,0.16893943228675867,0.020189871787223604,0.0072474279816926255,0.0010989765045037096,2.859057886992052,0.38720213173510276,anesthesia
0.5423104120479033,0.1630180219903578,0.013360823325433159,0.006422030249125303,0.0009315373134984575,2.8897201373703845,0.38018425698412406,anesthesia
0.5531844750964813,0.15568233708773815,0.017051561800997667,0.006470072018482707,0.0010261373234032368,2.9399365725791435,0.3730536537491584,anesthesia
0.5610047557755785,0.1664116116322964,0.016797077049136147,0.006978897309298481,0.000968584916324957,2.8615148092293436,0.38144040436440013,anesthesia
0.6685190379797271,0.11817436345422407,0.020505776320219802,0.006552834503338831,0.0008757246827224705,2.5461944403113987,0.3616243267120028,anesthesia
0.6106799648062161,0.15829337482958583,0.01547071689093962,0.006408407511060923,0.0008095770223987223,2.688157449380569,0.3747051582919158,anesthesia
0.5423997526518413,0.1785367511309559,0.014065707774781855,0.006856414524282707,0.0007680823854488516,3.010596161504696,0.3776916581739264,anesthesia
0.5337100726228716,0.18713904557341765,0.01248224444240534,0.0069157155734488095,0.0009926715011348802,3.0129676384343966,0.3779340776269801,anesthesia
0.6187498015332502,0.1515239284425595,0.016837228049805204,0.007065361140740867,0.0010428388326733605,2.7996515484036286,0.3846163840979668,anesthesia
0.5245383863192057,0.20069990616310918,0.014286944046334656,0.006818826410612008,0.0008970701825239552,3.0182649626797695,0.3885965350782512,anesthesia
0.6038622931962234,0.1616057390318534,0.023230535836257876,0.006996516500354825,0.001007273766544668,2.727009533833886,0.39279483234058604,anesthesia
0.6052903664323516,0.15070255308133151,0.021790533523931822,0.006801161610774418,0.0010922250455393926,2.8193068998090625,0.38352716100968154,anesthesia
0.5246549022272343,0.20683375489377004,0.021768842148465497,0.007969236599667882,0.0011304968623954397,2.988629655415716,0.4014933545441522,anesthesia
0.5147259568507925,0.18220751367874163,0.02254562141891346,0.007085067309012961,0.0011930860169743237,3.1102336677757485,0.39070967317198524,anesthesia
0.3884094907321811,0.2883793544548547,0.03228066849813971,0.012822596117209742,0.0017451228386781961,3.703620872569234,0.4297001445398212,anesthesia
0.4831161868300653,0.24666620214774818,0.024124161532567842,0.010139526584412258,0.0015080216912741855,3.104543131459918,0.4212783733688853,anesthesia
0.5082446686141874,0.21109727594416697,0.02428290469023531,0.007666256421678407,0.001210089557456706,3.0040891792117996,0.4106994551806777,anesthesia
0.5020187707127374,0.2069203188182197,0.022733135239888232,0.00690158952899269,0.001021998503019873,3.039241264461117,0.3966795880509017,anesthesia
0.5939748636899529,0.1606683875407336,0.024062615150245742,0.005693191668678514,0.0009398574483953557,2.802526871273754,0.3918687742951179,anesthesia
0.5746401346076682,0.16201278815103115,0.02729906363506988,0.007633487181964661,0.0013242762857552746,2.8399494228381204,0.40075260309914285,anesthesia
0.5683168504418283,0.1877501842336292,0.021947520069809504,0.007781263809015518,0.0012118746121215023,2.977690138213588,0.39847465861808884,anesthesia
0.6049205499999891,0.1552606809514621,0.01728539034477856,0.007581045044442344,0.000981098923144721,2.8513136677076245,0.38306553238824853,anesthesia
0.628387164888605,0.14570033934710966,0.015885442736574263,0.006788186549810361,0.0009693652668879587,2.717991607176877,0.37833248902365124,anesthesia
0.596652419992982,0.13977937874316568,0.01889549547015744,0.00629895500568762,0.0010219792683457379,2.8847009270606594,0.36748431384672514,anesthesia
0.6178718185895928,0.13739916829303292,0.015909145460347832,0.005735587926877829,0.0008195618129562333,2.765780566303664,0.3680425423555719,anesthesia
0.6234842139784639,0.15066685255386258,0.011946779130448806,0.0058970058838852145,0.0007155307943479285,2.663709672177827,0.3693569008495263,anesthesia
0.5748934124321091,0.18410578600726113,0.01464370653316263,0.006876144847523456,0.0007574604255491841,2.8746480520171396,0.38907637581868465,anesthesia
0.5654379580413982,0.17811419993537803,0.015297632661655697,0.006282904049552354,0.0008124714437485161,2.8650858597100983,0.38852685501331463,anesthesia
0.5432336766770987,0.18648384944139487,0.0238427078446857,0.006836670572896512,0.001081979792968059,2.9123376550301954,0.3971148442309701,anesthesia
0.5174768723319342,0.2097508697391852,0.03402430405572569,0.0069965935246720954,0.0010656135289233981,3.2093515295250326,0.4075064256634595,anesthesia
0.5184728390268878,0.19537225150898063,0.026342396113491255,0.006788170036812793,0.0012475963743094195,3.0551506529262538,0.40257210259410725,anesthesia
0.558843370761078,0.19123681764038838,0.03030921814409273,0.009021826938288211,0.0015402724447141183,2.9431345488551375,0.40903769995989475,anesthesia
0.5468664627672936,0.20107556909067834,0.021804836082095085,0.008988316417795355,0.001294111252322375,2.9879252886384275,0.3984159666818269,anesthesia
0.5179822901490095,0.20857761248280474,0.02014063907334493,0.0077465993355292214,0.0011957765528739946,3.1021664048121145,0.39092500694303794,anesthesia
0.518914141599323,0.2349607835409093,0.023586797960126457,0.008334652148238177,0.0011588577390804148,3.0576258636109888,0.40509643427930864,anesthesia
0.4835927925189532,0.2312533947376886,0.02497329883339091,0.008379630757729146,0.0012976745414223776,3.252350231931805,0.40977891252130055,anesthesia
0.5921817400261193,0.15617237620696972,0.022406218585252834,0.008348792859328562,0.0011670918766498331,2.7745029576303453,0.39546195165147113,anesthesia
0.5907127521307924,0.16326154284430502,0.015461258317361084,0.006310549726138011,0.0010440243368975788,2.8585493377602487,0.38511881656360797,anesthesia
0.5014836411167413,0.21522816406021597,0.015924101639739268,0.006195124375184445,0.0007830728364920023,3.139065509206726,0.38091645228499665,anesthesia
0.5697436955026844,0.1506292867434874,0.014507671462777481,0.004774166476907538,0.0006411196753716712,2.9271590268056973,0.3594765338653587,anesthesia
0.5673117968363762,0.14457962329505614,0.012890946977337637,0.005001508067571407,0.0007177586671666535,2.959569522674527,0.3545133984028817,anesthesia
0.5554987754332867,0.15529062026225265,0.021216925865194268,0.007302911770007593,0.0011914106592783454,3.0447705965451926,0.38683169820343505,anesthesia
0.491892097684545,0.210998720339987,0.020196349147725695,0.007710751809015863,0.0011970994702863245,3.1920811800867384,0.39969313862922196,anesthesia
0.4796212864507143,0.2316784801986031,0.02630276577118322,0.008460433137382468,0.0011422129799726934,3.1500298551875803,0.40823438749839286,anesthesia
0.540273721221011,0.1665168039632233,0.01879182993454191,0.006478313637134948,0.0009553583980156941,3.0145611803464787,0.37682805028423966,anesthesia
0.5200367506238437,0.18086768271327755,0.01727317733981743,0.007113255102725921,0.001054574781324615,3.158916112142263,0.37638225398716674,anesthesia
0.5276032664633501,0.20758777312022025,0.020352800354366485,0.007937769670178488,0.0009353884807122064,3.082533357068473,0.3992723846951412,anesthesia
0.5889880957730875,0.16639063333115628,0.019978998796431592,0.007669316943791258,0.000775946435531557,2.8723813625912302,0.3896022546891454,anesthesia
0.5731666531782276,0.1705767895744274,0.02094428956789815,0.008562517351878305,0.0011435973783057026,2.9060596360344824,0.396727620067406,anesthesia
0.5857856493301912,0.16435764733228578,0.014102232770057115,0.007222370838926901,0.0010720391258478249,2.8303518056529438,0.3779494557272345,anesthesia
0.6184308066016171,0.1430192413847577,0.014568507340111534,0.006110436933129074,0.0009195240285632117,2.738339217774576,0.3766193516840747,anesthesia
0.5317488480062754,0.19040989739757774,0.018655790399067593,0.008159478055996072,0.0010768551560437212,3.112085262110785,0.3934471669576805,anesthesia
0.5256572788059239,0.19785251118552788,0.01994766179667329,0.008435338159376513,0.001124479439821097,3.1182365693058984,0.40076294680379143,anesthesia
0.516718704506812,0.2048754162173469,0.019978688871569387,0.00767794584663453,0.0012382231578737198,3.090866191821079,0.3988131945268989,anesthesia
0.49461229911999915,0.2183619802857568,0.01907100903105568,0.008725161840200073,0.0010289326395940897,3.189428391139817,0.39788723470266335,anesthesia
0.4645031043849375,0.24476987451492443,0.026143263626272284,0.008176049233729745,0.001132445280822037,3.2517125393726745,0.4166253623857488,anesthesia
0.48748623639824906,0.23831714302311954,0.021458796501914127,0.008885792427119173,0.0010784798146917707,3.113723422045169,0.4167302311780448,anesthesia
0.5326161174020074,0.15767700396993625,0.020716631335618983,0.00842496748828148,0.0009497859222043623,2.9642086996627306,0.3822631684782794,anesthesia
0.5327167305163218,0.17206456799926348,0.014657254155261817,0.006290910804148097,0.0009036355351432098,2.8312247220008957,0.37825142796074035,anesthesia
0.5817062321208717,0.18414040650526609,0.02408717076670801,0.007283747801638183,0.0009910154771839003,2.8854914843747976,0.39694413822455205,anesthesia
0.6272248635645213,0.15094194265932537,0.020995838239945882,0.007274314406132615,0.0010948954482141319,2.6960728367431894,0.3829742546150116,anesthesia
0.5547572020939837,0.15689621335624301,0.014219207535202429,0.006480677014238006,0.0008416207193525234,2.7991516423339786,0.3761116013048727,anesthesia
0.5489312379776178,0.16980942711563254,0.016336207489411402,0.006568378293809136,0.000892335619177525,2.930486763612429,0.38298409564943797,anesthesia
0.6158146951866499,0.15853791639659948,0.019442542471259653,0.005308527913968313,0.000840134557632224,2.6728648450270103,0.37898426352488984,anesthesia
0.5046375419310364,0.21000696391974105,0.028502501973153113,0.008334059556044236,0.001278886638641909,3.1741637825540274,0.409956463351804,anesthesia
0.5475772409470113,0.1929231808733057,0.022656819063517443,0.007688031168161605,0.0012212546724235413,2.9256972132668246,0.39733249275781846,anesthesia
0.5525595470026111,0.15798143263345343,0.01621005117570205,0.006367590247083329,0.0009013962337715406,2.9200121581339893,0.3753842984194539,anesthesia
0.5164509297335166,0.20445060804622356,0.02510182097982116,0.008156315717061128,0.001002942940902418,3.033083376810785,0.4046110355075133,anesthesia
0.05053146077873192,0.09444604904657868,0.23556474124420687,0.3828824843921442,0.10295289490266411,15.582917483885497,0.7309384771002028,awake
0.044619067917827916,0.09756589540307442,0.23191809524889295,0.3676344268928055,0.1053862963157004,15.566018258627706,0.7267975336708746,awake
0.061590392423765704,0.09053979915790926,0.23227345873410307,0.36955477832305617,0.09490496845995433,15.167753714934804,0.7279815275085783,awake
0.06928664813402569,0.06720777694284036,0.2628172633925689,0.37768381108328425,0.08326632271052925,15.284489063955862,0.7223252935893002,awake
0.04840408477294503,0.06809622910871799,0.27753961935449367,0.3851438795602175,0.07786246728197942,15.382306542972241,0.7161191530656589,awake
0.04813202587836154,0.08197523834035607,0.2501248496048207,0.37345951535846594,0.10102892324999423,15.721129241806226,0.7228547375896486,awake
0.0421731344046122,0.07947096383880152,0.25471801204645744,0.41435405442591383,0.0889257156211619,15.80970013881611,0.7233527447226333,awake
0.0515865730046025,0.0884007264363662,0.2773164078772802,0.35619775161393125,0.08367140839213019,14.932006436894987,0.7194805552484569,awake
0.05033443366883741,0.09202145401660553,0.24319026195052346,0.39747730967136,0.07888848319283835,15.305164015003445,0.7245774087608746,awake
0.05761834976137577,0.07431915445735161,0.23860098083645925,0.4145556157588894,0.08972063487323699,15.907930615503854,0.7333676462631505,awake
0.05058048005963233,0.0664454165741212,0.26940781914183276,0.4105527448827066,0.08317738059947305,15.903381303571345,0.7233863873590065,awake
0.04776227955800164,0.07189055232695316,0.2682988927913251,0.4047774459770281,0.07932268704376572,15.814011811025269,0.7210211903239995,awake
0.051156659505665614,0.087959864897655,0.23456217315116523,0.3893700510179595,0.08683978712594878,15.525910984507671,0.72333183616313,awake
0.04743610984714406,0.08588156860322355,0.20169292215396023,0.4459830571906989,0.09001872322763527,16.090616791956244,0.7359476799723859,awake
0.07155272511139657,0.10693463989353819,0.2150749644872118,0.40826206110855806,0.07408745201637879,15.039342244554923,0.7264324843329175,awake
0.06619892273073745,0.09249745750414566,0.23564473768712457,0.3960163795861636,0.09143179235992539,15.659208257929027,0.7308188159934926,awake
0.04580397339487199,0.09430643139411195,0.24984386039915663,0.3912947984759803,0.08967143000326123,15.63839364170308,0.7288224171155233,awake
0.04596100832053822,0.09547350123346264,0.24091817725479667,0.38022783257264253,0.0881441293486041,15.357476329754492,0.7262991873468543,awake
0.05511407041016163,0.09819584274834524,0.19842896749292588,0.4471966289974472,0.07545657352232071,15.722258049687689,0.732096691655457,awake
0.06141519510516841,0.07366876105936801,0.21973082193016222,0.4198734570186499,0.08737906284359517,16.072153572180405,0.7320811538584998,awake
0.04463244316408273,0.08300418523871528,0.22842266529198674,0.41857495572426984,0.08329825775813947,15.971721730563239,0.7258551015960304,awake
0.05505857499865532,0.08611886035773461,0.23841685853872294,0.4225459822941426,0.07780845016240323,15.76650301951612,0.7267583325050262,awake
0.05701738676153309,0.09466459046427123,0.18126653884670096,0.43426294760613265,0.09501428889254405,16.369334249908814,0.7378170310563976,awake
0.05121863758523746,0.07327076535968288,0.21945891323701408,0.4073783606183454,0.09937179447882336,16.074762496880872,0.7269391051488123,awake
0.0683110574670978,0.07155303226206645,0.24281275879219077,0.380925633067165,0.08625325254112078,15.240063849352053,0.7228378589901162,awake
0.06547450422471847,0.08795324103491764,0.23500240203655323,0.3773663864672702,0.10722443304724988,15.751640739364587,0.7333760366314455,awake
0.04532470716245053,0.06685064565147944,0.2380480513517296,0.42699381881328485,0.09919187812025582,16.378472964439332,0.7325085816412018,awake
0.04023809132109402,0.07706114552089524,0.2721043162145775,0.37351914867912295,0.08530403045843872,15.546146398238044,0.7122760037742696,awake
0.04747226186568564,0.0829377483376819,0.2687738387967519,0.36632939221078936,0.07937975734130492,15.231568047666988,0.7125034275179758,awake
0.05448960041776475,0.08891868918094002,0.23771212432132022,0.3951583102730947,0.08346963936186859,15.20147012170702,0.7216950650805065,awake
0.06328109679392357,0.09219637386917641,0.23975341095702157,0.39619605221883897,0.07173536660180051,14.979295489052756,0.7238657428537412,awake
0.07585374835750085,0.09680729164736875,0.19598029325882174,0.4027281027598666,0.07890142281804122,14.84751958890651,0.7335754860119007,awake
0.07361551262847539,0.07052603417519218,0.2405506007933416,0.36589686675691463,0.08985227103528425,14.867100718906865,0.7232709574575331,awake
0.07599744164072482,0.08121209135728728,0.23699535250335835,0.3802166469127323,0.07916494328451623,14.641261542396398,0.7204981993553055,awake
0.061377043981565,0.0965249005157237,0.22836225132529492,0.3988847024473744,0.07750404619516485,14.743365439284117,0.7234201345938448,awake
0.05552448518181119,0.1023438825001404,0.2144019008025609,0.38224370286609993,0.08731245598659289,15.120717485320322,0.72526965685118,awake
0.06690820948594105,0.0968596379778402,0.20822226558435716,0.37045345225252035,0.08416254981274197,14.939748083504576,0.7238026051693455,awake
0.06121673667101211,0.08858306331258163,0.21187739313649578,0.4063524394147314,0.08331557205906488,15.553751275393493,0.7294251160716841,awake
0.05620412044988412,0.07526260534244004,0.27223223997794205,0.3750141070478668,0.07352962901121939,15.139902139475927,0.7160405512480427,awake
0.050020785969969,0.07703535683798163,0.28281504541985664,0.34556986281511914,0.09590862157480867,15.230157877645794,0.718173568483327,awake
0.0535087327939233,0.08015629607859509,0.2830934896939847,0.3547218452798549,0.08832311592259656,15.326431322933042,0.717081225241678,awake
0.06592262619819629,0.07062030355306234,0.2705998195381785,0.37813125740568243,0.07492513649489277,14.94406675515838,0.7167462937438552,awake
0.06568763790179774,0.10119488946683189,0.2762939732935266,0.3350666437422923,0.06885689244976587,14.197712587311848,0.7080205739204315,awake
0.051685233399751056,0.10066345330757893,0.2898545625115432,0.34011739146063613,0.07656870010992038,14.756010093190097,0.7108224587970053,awake
0.062173191618394345,0.08592136418111035,0.21620227202972303,0.3889817933672343,0.0982893198234836,15.963471037133123,0.7355057278388579,awake
0.07680929883218887,0.09187831093627706,0.23043413856442163,0.3601734332635611,0.0949773204002417,15.121264508145343,0.7300916507992311,awake
0.05959101351043726,0.09609450372502318,0.22754179892223783,0.3872133396576195,0.09832503927974882,15.44346744712557,0.733874145118038,awake
0.0567120530002487,0.08261147815763467,0.18906670407836204,0.4395535331808932,0.09648542768849583,16.145906691318842,0.7397860377472916,awake
0.06268649231522871,0.09910756177261072,0.22191497627039566,0.4182232078878011,0.08039199138179508,15.485396908325782,0.7303900030167557,awake
0.05658846183301812,0.10888088405336376,0.24787859088693667,0.36992667572042126,0.08171105508643202,15.001764783336322,0.72595636407797,awake
0.03829485133710728,0.09988305686909096,0.27304975693483674,0.35033305340269816,0.09414623016313946,15.34657188658034,0.7188344754224112,awake
0.05243187330064475,0.10098875564202833,0.26539425910162706,0.3957039525196808,0.06824565385165295,14.99423415068303,0.7177655787815072,awake
0.06126381499600289,0.09575174871262843,0.25175298282242126,0.38661293666534724,0.07810890911495294,15.144088475735574,0.724170251985295,awake
0.07243369978335157,0.08620805288077475,0.20499971577079157,0.41766902396517636,0.075534501845382,15.28066831196521,0.7295436416147548,awake
0.06314361443646072,0.09310123865300114,0.2232153160635241,0.4070384840470751,0.07643966998931415,15.336479674293285,0.7301200753833916,awake
0.05596209801324176,0.08354766659433262,0.2411772382400454,0.3886667634737737,0.08568670123032923,15.252819334866796,0.7281392882722256,awake
0.0713668211448405,0.0887645275000611,0.24277158529476534,0.3724919764530811,0.10606792433106055,15.487555183610192,0.7321347091104842,awake
0.04801922553136984,0.09803368408672382,0.22547887439344866,0.4002032108485785,0.08955378843357943,15.862234390729695,0.7298011401420077,awake
0.06880279846631944,0.09857296431793384,0.24796369210963323,0.3351538767282444,0.09122970812970639,14.823476212228897,0.7237561752254539,awake
0.05696941521605872,0.07692251413438629,0.19538502109103162,0.4518410608745631,0.09544749183398175,16.54815839088411,0.7399229896978349,awake
0.06152032691347146,0.08747853048022221,0.2108181673069134,0.4079389966570964,0.09978011733053699,15.978106835251978,0.7354551302172472,awake
0.060041024181846175,0.0855742650787042,0.20335830995675067,0.3915401625493584,0.10159520957508424,15.714429904149943,0.7296739346005939,awake
0.058722249861771825,0.09283139960514529,0.18807660854951827,0.39966443203789487,0.11026237965833174,16.21155724802445,0.7389803125838846,awake
0.07157015742642235,0.07802589814236567,0.2062086610009052,0.4132325862455139,0.11127701150323392,16.19684369802185,0.7421453231574341,awake
0.06462547179661632,0.09840155527641721,0.22658297703985303,0.39573579147186233,0.08911571145331905,15.145515684383561,0.7316443560990767,awake
0.05249479670272695,0.10245287234043239,0.23443036872604686,0.39418417092649627,0.09217618006896434,15.521423703672538,0.7283683909704705,awake
0.046332539552637664,0.10270097859437405,0.23829566214255085,0.3829305888481658,0.09862723618137302,15.660069280972264,0.728131524265953,awake
0.060728083584752984,0.07469592041429043,0.25227854563805263,0.36236501121393255,0.11285888361301682,15.679422150218066,0.7289769335675746,awake
0.053005456483864496,0.09868171088179502,0.2770898386410063,0.350367328117573,0.08828765646194281,15.047340828958765,0.7184290497438975,awake
0.0658881631355349,0.10239126255559108,0.22424725199838907,0.37922756419603465,0.09697783279556742,15.581841023841688,0.7356833638952797,awake
0.06197460041322557,0.09455570734708539,0.21817469462844444,0.3892699946451516,0.1027091261788581,15.640605435221346,0.7370276387325756,awake
0.04882683138903251,0.084744996213533,0.25898559998832027,0.38084071872127623,0.08537011153020764,15.686269612360112,0.7246535692094426,awake
0.05547084825332343,0.07539190212915142,0.22817192016426374,0.4053947018997355,0.09723153000682577,15.918078196088484,0.7350512386729666,awake
0.056216711929314746,0.08353040394421188,0.21104184735675824,0.40215658844607155,0.10314868478394004,15.915155005820266,0.7369206270901638,awake
0.06420648734929998,0.09059052501668571,0.2161669224784847,0.3684210470717791,0.11763088081562754,15.70593565963762,0.7368550978506311,awake
0.06263282800044921,0.1190119613291362,0.19767735107843232,0.3808256601396734,0.11446034417499423,15.815712638919893,0.7390940783396965,awake
0.07614782351535171,0.1280084004696533,0.20497714654612245,0.363819071166112,0.09133908889476518,14.900188813443261,0.732446571869018,awake
0.07517138013867841,0.10835913533330016,0.2196855015253006,0.3579473557094749,0.10016710799417813,15.11725889388976,0.733564611079377,awake
0.05970360915910335,0.1032369682401049,0.2429775506847366,0.36579630461304147,0.11006646343170373,15.638940968672586,0.7333525717856213,awake
0.05437718061515582,0.09752962476888015,0.2583044651895535,0.3802914194987882,0.086609762189431,15.423709521993452,0.7250818515286097,awake
0.06252882505106867,0.08061945689883664,0.22711537847992003,0.3993132573852978,0.09578425232692381,15.655261986267725,0.734340640170773,awake
0.06504176967350742,0.0874303431004681,0.19785309548010685,0.39115114655116084,0.10417411998481081,15.84066894523022,0.7385427805090894,awake
0.05491800376315121,0.12011895675598319,0.18181450528845666,0.4088798665757399,0.09993673595631776,15.829789689981338,0.7397633211766363,awake
0.04745337735189713,0.11620190163039222,0.15817116180294483,0.44320951470296066,0.09462371214763002,16.474241276521596,0.7382098582725946,awake
0.04845524714321267,0.09692181138070925,0.20068149170216856,0.42473908751750283,0.0954905783014081,16.09813569121156,0.7373226411076041,awake
0.07504137394333078,0.09686086778362943,0.19894066685910414,0.3964130344791615,0.08089059118310422,15.04854785553617,0.729156084305228,awake
0.07770150381756723,0.08113877488316101,0.2124654140912187,0.39702188834352964,0.08689255339126456,15.507980698729492,0.7338264741617203,awake
0.05695422608210971,0.10273069854464746,0.22608639935189778,0.3852493030355061,0.10121552357539221,15.766015588031332,0.730788584081496,awake
0.05842830276344667,0.10619315865066835,0.20240509523183994,0.3908492927414248,0.10909535734095893,15.678087028586448,0.7390048385132669,awake
0.059276277476528486,0.08977277541497285,0.22568129993140867,0.3976084763175626,0.09342113255567391,15.639946046057652,0.7313308191348702,awake
0.0693636824482171,0.09800432068734552,0.19760593553988312,0.3953618153649269,0.09085786524733243,15.300274371853357,0.7323061143109124,awake
0.06831407959248262,0.0861245877453564,0.20689197872993098,0.3832064931089785,0.08880255688965831,15.145425132997675,0.7258933444996292,awake
0.06339567308974849,0.08686422368624921,0.26555352669125004,0.33135819586736287,0.10437444119537669,15.254395703865779,0.7252119341417703,awake
0.06421594912469338,0.09399451812547562,0.27508095730184423,0.3415598066660769,0.07209895806899658,14.373162735697724,0.7154260631723787,awake
0.04611164242115113,0.09828753080145049,0.23180750639917108,0.38582725626085934,0.08525306301767697,15.340486907076045,0.7277021530348046,awake
0.07596686296722238,0.08385380002571183,0.25846485009098996,0.35316038868527977,0.08145317080184544,14.912695662841486,0.7177677455981611,awake
0.06941238735491105,0.11421803219395074,0.2642738981166883,0.3436844182381675,0.07470897220763789,14.446969966428865,0.7139485460454447,awake
0.0567502247994819,0.10014691553648707,0.24338562791403626,0.35922412146370725,0.10631081684646326,15.547461948038336,0.7295926608276408,awake
0.07417481696457581,0.10086180973708211,0.2178532096293364,0.3884613353932157,0.09287907674960855,15.363366000750407,0.7324653530910382,awake
0.0665107729464971,0.08394174462821398,0.23603650624921887,0.39624911230162924,0.09427774279855396,15.367758486812015,0.7296770018865513,awake
0.06494839453743723,0.07650374621665282,0.19632760473811617,0.4304845085681452,0.10206641418704278,16.154685610978238,0.7405384412516366,awake
0.07707221009107068,0.08225614035614053,0.22762549960683748,0.39276620795549744,0.08396862799591748,15.056515020269538,0.7300721633013693,awake
0.06421754849486945,0.08111275621938234,0.2449656824302062,0.3620791674997074,0.08964809652054717,15.318879852291671,0.7217489346545995,awake
0.08525596111747881,0.09207810890461217,0.23808335792365604,0.35439526605781124,0.08430843716980595,14.777882259636154,0.7258582933353088,awake
0.06724668204037546,0.06455467222051416,0.24173405899716383,0.3893276359489679,0.09328387711024975,15.558321559773992,0.7221629895858319,awake
0.096569829676193,0.0637851597248011,0.24239434801934903,0.33799091212116156,0.09057602236477263,14.630741198240155,0.7132145877809664,awake
0.08355632332768916,0.08359249957270619,0.24925591936667893,0.33586384364443816,0.09434456880134921,14.82612916109296,0.7204924736488902,awake
0.054331854934690615,0.0953012414844699,0.23407229269825733,0.385559248286955,0.0968899201719914,15.746657464585441,0.731164910916679,awake
0.05536273173444211,0.08219750944805869,0.2359466000128368,0.38817807017614536,0.10126168240618381,16.227959977797262,0.7330043720672655,awake
0.07021076945681767,0.0851129883627527,0.2161657756206042,0.40686163197640257,0.0961055840123928,15.809019701773545,0.7385509899599804,awake
0.06168400957058282,0.092553386300215,0.20385498080557812,0.4135832266994341,0.09987138322288451,15.83933272377562,0.7383191624420515,awake
0.06920995215005446,0.09911197253646079,0.19649688435852,0.41897913259631697,0.08989367880269837,15.580763102854416,0.7383057518246559,awake
0.0654938260168097,0.1244778037629912,0.24941519551126762,0.3281766971018611,0.0844617641807856,14.20956822873462,0.7220017403044116,awake
0.07443109352891164,0.1132195737279753,0.22272559261995648,0.35215569467746194,0.08931704116115782,14.578285717082094,0.7304128254265819,awake
0.06415579882669287,0.08662384026574864,0.21052538136586105,0.3935886074077638,0.11004156812515985,15.924408498187365,0.738981020199203,awake
0.05636872705044276,0.09555531904499605,0.21936776968335003,0.3623249512111372,0.12113219591910641,15.781863185349472,0.7360751902978279,awake
0.0676728464787318,0.08702194685295968,0.23178924540291346,0.40433143599782567,0.0911429540899684,15.454381386332965,0.7289011283671237,awake
0.08553429002319148,0.08399429450090654,0.20580765165367554,0.4023195239184174,0.0751823670410229,14.781788245623481,0.7273685810994938,awake
0.4220716788407104,0.2773678957358456,0.047673630903658594,0.018530234597680443,0.0031838018438252523,3.9959860856580725,0.45988007894170924,sleep
0.4160179419532736,0.24360628084584507,0.05501968862531134,0.017727492470744656,0.0029785463286239786,3.923075521796643,0.4557027611565419,sleep
0.47172382496611115,0.22203707564636527,0.040329078626532816,0.014795365586323462,0.0021626056817399815,3.549097290095789,0.4342749933644561,sleep
0.4783258713751016,0.23041453518982932,0.03813803981089147,0.012531697833925395,0.0018350133011400802,3.4772514570002637,0.4390181109979418,sleep
0.43699483171913056,0.2462517750715009,0.05143729257821911,0.01746780426998015,0.002483201999201907,3.7218765432286585,0.4634890756048693,sleep
0.45393733156559857,0.27419807024482873,0.04417101004824103,0.015200184541854865,0.002379464627996122,3.6947994261029926,0.4493684584139969,sleep
0.43211000826002216,0.2759143948405075,0.030291053963687958,0.012596346638484024,0.002727503322143784,3.6288237112348862,0.4364523409170198,sleep
0.42144164056513866,0.2643418500940263,0.05427982592169789,0.020169432544247877,0.004197365523042615,3.9851149625578666,0.4626540006662259,sleep
0.5213422980250325,0.19552994307576776,0.04588453008890338,0.016897503829621078,0.0034167539700159506,3.5202313220349803,0.4384935787552965,sleep
0.4321298883155132,0.2410605830008812,0.060604930075321604,0.020095388346930882,0.0030241177148427737,4.0234939367837645,0.4643564503030473,sleep
0.42445435270712084,0.2421738722428501,0.05916403907158137,0.017638625337654496,0.0029220258107265406,4.110919444055642,0.4605109665492679,sleep
0.4591016417186871,0.21037228266482866,0.044584486275935684,0.012827640906255103,0.002196096767205066,3.592379506791018,0.4343830051178395,sleep
0.42440199734911277,0.23555221116894645,0.04393148604696839,0.015242823244905047,0.002541677828471299,3.766472812650815,0.4391770284981033,sleep
0.38804662027479536,0.3101082943315063,0.04852494675364159,0.017358263021108072,0.002990910531714521,4.056688978035277,0.4628076932317175,sleep
0.4011966337723939,0.3010334962916261,0.039327427496017246,0.01879422079686356,0.0024389125532830263,3.747319323034551,0.45177322565176925,sleep
0.3651249247125824,0.3153715389272195,0.04876167977061909,0.018309501280327222,0.00300366673995225,3.9282768431960227,0.4610619877440564,sleep
0.39164245328336594,0.3075773052771764,0.04946253807989245,0.01835714333473466,0.0035472135664808163,3.95045935970136,0.4682968183769047,sleep
0.4429170431995172,0.27025909740905874,0.0437696759401976,0.018408669978556648,0.004032605509482798,3.711296496569826,0.4590011753071065,sleep
0.4363586171794537,0.26848547118344407,0.05090935070858068,0.01836670795935855,0.003410337943617305,3.8192510532457606,0.4636473242601787,sleep
0.4290148716210209,0.27338128409736273,0.050334111835206356,0.01515416809917675,0.0025785521895772584,3.756204009316631,0.45859275337155236,sleep
0.4037449392744472,0.292557576969848,0.061717705008412886,0.01763863745255066,0.0031549996531006117,4.005345202656891,0.4729797427131668,sleep
0.4474930425057255,0.2621499171159221,0.05051945293671612,0.017969288619485463,0.002635282927552656,3.8708332375357686,0.462202640468712,sleep
0.382142299299593,0.28159076344077427,0.06292799638161962,0.020972964205373413,0.003110036112089664,4.189359811703904,0.4753108696886278,sleep
0.45371263832127773,0.23536388044026002,0.05101356856098938,0.020210390643686744,0.0038869055069652774,3.8439577821847877,0.4586277215144428,sleep
0.38717954167640933,0.2742737860870414,0.05563926125582078,0.019207920169095605,0.003011192641777334,4.042806804018125,0.46880333626240706,sleep
0.3865497818266155,0.272769305588215,0.06956736102510466,0.02016123186660473,0.004039346744920464,4.247642678350541,0.47883871003637063,sleep
0.4087569548327152,0.2868966090004624,0.047701646545384335,0.018526688099088678,0.0037576224329669153,3.9980385118602153,0.4649947234005549,sleep
0.4364232467380298,0.2624402453785656,0.03261144039278317,0.02067991223141076,0.003083831740089711,3.864332928460709,0.4443561834776201,sleep
0.4175419333378384,0.26135937601171744,0.031309481630065084,0.015482556134812213,0.0022982272381774395,3.7391597691979674,0.434533683501641,sleep
0.39906020840357975,0.2746570855981365,0.048338897111505706,0.019546934788706352,0.00300943450028932,3.9443221833155118,0.4633236881351022,sleep
0.36742660961384277,0.31394771955850237,0.0490534452492031,0.01704120996191058,0.0031769055869668114,4.112646822853318,0.47021376210162485,sleep
0.3687064698046351,0.2863466823045039,0.05845948326675338,0.01871589353737947,0.002957126853806112,4.31833717778176,0.4713738548120534,sleep
0.3641098046198203,0.30038996897812575,0.048931311861909285,0.020250168033039216,0.003499054575379026,4.260337999193695,0.46600894650843944,sleep
0.4422776507875454,0.26803832010502554,0.029357437294371878,0.013291562522855164,0.0021151680647531874,3.6539500675525307,0.43932058174110034,sleep
0.4106081452343083,0.27008819203107465,0.04345955500142665,0.01869808479932593,0.002779243563503152,3.951825912899898,0.45446536269715904,sleep
0.4410670424046372,0.23562672922940864,0.04809435077507797,0.017896471864058013,0.002760553412193165,3.85342797343348,0.4522924131120712,sleep
0.5134040053840394,0.190515733247018,0.038313972445192676,0.014862988695779511,0.002739578202778274,3.5399970390821176,0.4269778548659237,sleep
0.4053047636180533,0.258474684084104,0.05345891501500264,0.020055883166639116,0.0033458251712117386,4.158906222733584,0.46121459842534107,sleep
0.42287546061530795,0.25469229587806946,0.06352861399355543,0.015170660335862583,0.002887912331477385,3.951138826993781,0.46603892093862154,sleep
0.5398358296815327,0.20124472287600598,0.04247322855762771,0.01608286915470017,0.00273932224605457,3.3579015286594305,0.4381969357067792,sleep
0.48776702283388224,0.230108314585654,0.04594500632610839,0.017261867547534022,0.002648904889274121,3.7048361557016047,0.45009368304096464,sleep
0.49474132944167015,0.21164430767936934,0.0447776802789004,0.015472895248453303,0.0025201019134950212,3.6243509328953647,0.44527505206209217,sleep
0.4548484904904887,0.23183706735893442,0.043687922144729475,0.014910175811527057,0.0023647764302862327,3.6907665612183753,0.44728069460667436,sleep
0.41171059531727733,0.2562670908916583,0.055991102004489895,0.017067679491063453,0.0028508337253211986,4.0140785956656595,0.45531982878333005,sleep
0.389560931840895,0.26275578895942486,0.06213555699449907,0.021504993956551574,0.0036738479559405065,4.171963064322329,0.468175115260159,sleep
0.4307661458501875,0.25269268099726844,0.04883922705342844,0.01897649757079448,0.0026565003307752163,3.8623036466035083,0.45085949111032925,sleep
0.3968797136120486,0.27622956448200303,0.06000324509839941,0.022348308563221193,0.003468040063900819,4.1554977041348256,0.47888468161032877,sleep
0.4294435333002893,0.27126963440978935,0.05079913069235652,0.017401544856834875,0.0032151027085248643,3.840616697433501,0.46428150943568075,sleep
0.47574803143967664,0.2813510751029553,0.04578038106315462,0.018749459622322176,0.003711842181513376,3.602101308453853,0.4570856899717543,sleep
0.487932858441688,0.23792203463749617,0.0357176981950269,0.013567559645597175,0.0030136286828332352,3.5746559836864393,0.4422950231247307,sleep
0.37593608302825016,0.30130378847654354,0.04095397289527565,0.014850263618018309,0.002338201597697593,3.863548440389205,0.4479233540811524,sleep
0.4139729954127366,0.277174533249609,0.04406354419969026,0.016691643686218397,0.0033118845798115835,3.7697500642058275,0.458622951043254,sleep
0.4144740822185664,0.27283442914700584,0.03951150263194005,0.015314498872678967,0.002826552222892828,3.6833948089150867,0.44407989355315436,sleep
0.4294179964196611,0.2655257257730397,0.04294591072539288,0.016665642085018237,0.0026683941885046166,3.726154338504665,0.45309655943493027,sleep
0.4061854484374825,0.2421861134377506,0.03846550268493092,0.01626370278090059,0.002542090247986466,3.7386235251325606,0.4374226191250717,sleep
0.47035411450996223,0.19685175272050165,0.03692461339272578,0.013502914281242138,0.0024924105598039125,3.474383895117625,0.42000290415671443,sleep
0.3884540236661047,0.2560358494204503,0.06913402500218693,0.018741551282361248,0.0032783717921572846,3.9469076159871745,0.4687868334368852,sleep
0.47069845940391436,0.2354514694730865,0.042816845485916494,0.014999941336828056,0.002535972531921861,3.7096826828244702,0.44708931971081256,sleep
0.5266662521827113,0.21072676174877844,0.04524931379766283,0.019092724920111798,0.002934422305030824,3.514549270941519,0.44228649277260157,sleep
0.40388390832813,0.2756142742001207,0.042133405141891185,0.01786848630641749,0.003197330209119809,3.8531236594754805,0.4533278273553423,sleep
0.44029275170445176,0.23378891647612207,0.049196017340927295,0.012909273801565667,0.0025813916380020663,3.695184609797453,0.44158746415318906,sleep
0.4515436547384525,0.23016620861902873,0.04855454575899801,0.014075407670308352,0.002581785184339289,3.629960039795297,0.4469434519448497,sleep
0.44128913230237415,0.25009746748577955,0.046821962131519235,0.016181929073043062,0.0031333265710064254,3.8456329531353046,0.452130982587291,sleep
0.43450172332880704,0.27999319047832455,0.04537600977446398,0.014443461863929748,0.002721398511579554,3.7262270430949025,0.4562461221824511,sleep
0.37791352474480977,0.2855640560164922,0.06364422977488833,0.01947142042205869,0.0031982182688717045,4.104947649938252,0.47556353551334757,sleep
0.5030947006544597,0.2135081593459857,0.043365667222644545,0.01770936060795129,0.002881248601288979,3.6244608721954688,0.4412174458588974,sleep
0.4792773854161901,0.20811739145022304,0.044770926164883144,0.018294209745086085,0.002651983617281775,3.6642834771101622,0.4403409318901107,sleep
0.5124428190718878,0.20409674596871782,0.04415949881648795,0.014562250573669005,0.00216760427044597,3.485824838145123,0.44106517978040355,sleep
0.503215869524791,0.20992453718437212,0.039827347290953684,0.014400170169009007,0.0020029861511345858,3.464154466817521,0.43694613534104076,sleep
0.34795730595607854,0.3008640112573292,0.04838785832849748,0.017672032384488598,0.0026140134602239693,4.1060688815993505,0.46111165385840985,sleep
0.40512920063787633,0.2673131937899234,0.05214531735582204,0.01405410676765704,0.002330325871418828,3.9544468493924376,0.4592971801881082,sleep
0.4023004184014881,0.32627182653598485,0.04565986323796434,0.015325245170678011,0.0027557571875188487,3.9817045725817373,0.4654941228626177,sleep
0.44425246040075383,0.2882594388159778,0.032935413926333486,0.015141553882804101,0.002337486389131708,3.8007318451967618,0.4455911143753065,sleep
0.4827271789510339,0.2529065592036753,0.031082146947039174,0.014533689320997108,0.0020715083199852736,3.5447627953830394,0.43569150742346635,sleep
0.38244563606798687,0.3384744285993425,0.035410538338008044,0.01428600366995465,0.0028605551589561753,3.873862765712276,0.4514086277930905,sleep
0.4813442862199066,0.2498380906760102,0.05401666681859365,0.017953021744731026,0.0034523291511602576,3.643726735139788,0.4571255463982842,sleep
0.4820394985402499,0.2289121606352666,0.047261091349492815,0.0154593770662605,0.002964394440109619,3.6635917735666648,0.4470120466222316,sleep
0.3898575280687391,0.28009525513416644,0.03815956101227182,0.01467077084187325,0.0024700766927415983,3.9719251076249322,0.441522657599855,sleep
0.3891043304434302,0.2808161970876014,0.04730120144359025,0.013850509401447365,0.002411171339160968,3.892091736722249,0.44855962585760784,sleep
0.4394323027036702,0.23886585550686898,0.04342402213883427,0.013933141100091802,0.0026914323597750467,3.7667187568389484,0.4475944010235536,sleep
0.43119865333816504,0.2582134973096698,0.04018061960526914,0.014596978768928194,0.002566138952694748,3.6972656176514618,0.4485762660258745,sleep
0.44336965814452856,0.23834302732293405,0.03968659278071494,0.013409106449405456,0.0023201257023295926,3.6843044741203537,0.4394142858142121,sleep
0.43771647640551703,0.2488013922181294,0.05136927253186212,0.014885535113749716,0.0024458652990423883,3.8507201312680643,0.45331154545598545,sleep
0.46346399657167536,0.2451634063577063,0.06308568851269482,0.017500024672992585,0.0032384357928434753,3.5911674762672114,0.4622239862609854,sleep
0.570016805108948,0.17006323013416855,0.048435992287464966,0.01466067346823783,0.003411686885514437,3.285394113892452,0.4316450767031919,sleep
0.4680462423097434,0.2092749529429302,0.058097736126831015,0.017204890871149212,0.003164680947710093,3.7994898162299346,0.45047064469120285,sleep
0.5514749837942783,0.15677518674715404,0.033110423938140704,0.011677981328850595,0.002186208095106754,3.350038098236084,0.39745587435571583,sleep
0.5309757507881551,0.19133126330594907,0.0320942325372511,0.017171780198441303,0.00292548374817103,3.4341780425307413,0.42880766768245665,sleep
0.4897344545789532,0.2512171046384927,0.03509930050975739,0.020272477461295582,0.0028298021137367815,3.4959565666311905,0.4495841681060074,sleep
0.4587879242413719,0.24892182016230147,0.042480859489467206,0.016986058534215732,0.003043588749231976,3.6675889609300167,0.4562346653114917,sleep
0.38756111422135797,0.2768465137985617,0.04083311430338401,0.01589103466866008,0.003196301056809561,3.8741972641524733,0.44676187488991886,sleep
0.47769454686656104,0.22861567639979313,0.04396176465523122,0.016343657262404703,0.002956961612057014,3.5532056843238626,0.44321742456847896,sleep
0.48029316656113225,0.23399952360385076,0.04842089189812583,0.01877009122879345,0.0028968785084421854,3.7069981366276608,0.4562769060938199,sleep
0.42002719016286494,0.3017106280999931,0.03567817933352101,0.016023222494083222,0.0024183144466431365,3.8421249262469006,0.45632632431121,sleep
0.3862602906454796,0.3185342756764245,0.03254996814099207,0.015416180988343173,0.0024139029758862536,3.9544145534173247,0.4547212743947092,sleep
0.42374831448453687,0.2732893512529841,0.04798025123923137,0.015829701463170993,0.002922280360444059,3.9412279986314287,0.45747472323805527,sleep
0.5082645209801018,0.221709272161897,0.03506494317520718,0.014893450710375886,0.0028577264524750493,3.5414741029763026,0.43480462166363765,sleep
0.5130557886108232,0.20023638399506546,0.027926383712118953,0.012220083432420871,0.002400456173820774,3.324081403295476,0.41654833396624924,sleep
0.40910047217073164,0.2730737594956286,0.052076033543765055,0.020450772623854148,0.002873721717499698,3.8881308976398534,0.4590077316870156,sleep
0.39982941018621154,0.3038068962354662,0.044967805949733514,0.02317788834673015,0.003362379786241086,4.033622615641399,0.4625968641520284,sleep
0.4791621280668413,0.2280085172270677,0.04084299892897951,0.015724828748191807,0.002957720139937663,3.587754915083125,0.4398214240887297,sleep
0.4329741268018838,0.2531173950827021,0.03924971968841577,0.014056550703576668,0.0026502871111395853,3.736078291992032,0.441865769295917,sleep
0.54199086715993,0.20759696536459013,0.030436659829909226,0.012744580095632662,0.002757799326127811,3.1056778739784203,0.41546643174341874,sleep
0.47219813087131124,0.22402311017628174,0.045437958297719065,0.01561880442221748,0.0028084462942382627,3.5332021624350034,0.4408530178942049,sleep
0.39644709248349613,0.25469720903071547,0.0387105128565323,0.013390521746863723,0.002325377553091276,3.861699811676384,0.43349495967662777,sleep
0.36419012786809235,0.2971922053195544,0.04126788324016583,0.012561354435080453,0.0019935129210002615,3.8813577117565514,0.4424875533269605,sleep
0.4350010759464804,0.25971149147077877,0.054664484687596375,0.013782774693511348,0.002324555502162265,3.8269005890612977,0.4560466258991702,sleep
0.43348729361953714,0.2488751966546675,0.052531524293677634,0.013366470306157433,0.0026387693745316704,3.9510202113820028,0.4567955470680327,sleep
0.4320527508352318,0.251180857640742,0.04528150069683567,0.013731303099315853,0.003227449247386135,3.8663230519234717,0.45162578640134304,sleep
0.39170857134119813,0.31845333814585064,0.04664862286479321,0.014256828827706706,0.0032773636315951175,3.9808699775228855,0.46698170554708346,sleep
0.42204345380708913,0.2886105191823071,0.04105142225757056,0.011927116987199083,0.0023297627104573518,3.7554981767167135,0.45424906789305225,sleep
0.5124649053377216,0.2022430042395399,0.03741737780992373,0.014553391703590168,0.0025328965564930693,3.4326103460215736,0.4267409759865833,sleep
0.47330328904362323,0.22548283435889455,0.05889291444102747,0.014448871194336948,0.0026836492873692636,3.665042728574987,0.44959305030822505,sleep
0.4476715769265057,0.2676341303920604,0.04570202700187094,0.015008680501535074,0.003018515527765505,3.6968732706493106,0.45389014759638224,sleep
0.5546424441353792,0.1970507265227993,0.02733930341288671,0.014131680751050955,0.002879030248505878,3.203766576557641,0.4214403689404577,sleep
0.5430512904406984,0.20075241043475311,0.04250452320989782,0.012543120516911404,0.0027040121742689946,3.221254616611616,0.4306859680337191,sleep
0.5399920259972659,0.1941901952530561,0.04631441300973185,0.012334735610411644,0.0019578947371177223,3.354308100200751,0.43163017559805084,sleep
0.48075937097922794,0.24436558206377518,0.03962145941576197,0.014243383118749892,0.002541639010260456,3.529527377081107,0.43513622289017595,sleep
0.5604849087313097,0.17597830724746868,0.014833260861002371,0.005963422268804817,0.0007725474286587045,2.8953619164249784,0.37593493841158465,anesthesia
0.5719933702326534,0.15404129089773205,0.020702165066596785,0.0076539895322345446,0.0010530106048039555,2.9817379468928293,0.3800804632287569,anesthesia
0.47471512963311346,0.2290986278679926,0.02253067045145235,0.008238970573295196,0.00132588505603513,3.1456704295665,0.40126054214184315,anesthesia
0.5048643204760059,0.23329264261646754,0.022426001170947295,0.00819807460172908,0.0011953209663987834,2.961991659710302,0.40352590557174656,anesthesia
0.4959155391584325,0.19541520655091923,0.016825470466938046,0.008603742906088318,0.0011174463208616233,3.167433738120447,0.39093425429621664,anesthesia
0.5541802461593095,0.16042484283175037,0.01591927651071856,0.006081380432490469,0.0009633473921379567,2.9079511648436878,0.37796602301460674,anesthesia
0.5125442313280606,0.17464021782863887,0.015009254167721722,0.006081839487483359,0.0007266602639615387,3.010621276786945,0.3680761829788824,anesthesia
0.5070406336757972,0.1710006319601707,0.014539017516597185,0.004729020956065133,0.0007899642595246293,3.0216094313508814,0.3617221825147452,anesthesia
0.5520671789990139,0.1735462749794321,0.013500626903660556,0.005196707099068307,0.0008879477432803429,2.941911117343162,0.3749432367939393,anesthesia
0.6036198173848659,0.1351433278916107,0.018433661489911258,0.007150896707967219,0.0008305929233608075,2.804020679519526,0.37758623719662465,anesthesia
0.5788385838989278,0.15339760004397024,0.015061772656433367,0.007116485116435922,0.0008470717197092826,2.860661262365128,0.3783127387803374,anesthesia
0.5250416759586358,0.18953034262723634,0.016963276732449364,0.005623619308853154,0.0008609096807896327,2.9502088622737785,0.38682725215899044,anesthesia
0.5568453219352637,0.16371160442271354,0.013210821841569362,0.00548637874114491,0.0008514740022400614,2.8807836640551256,0.37127719175878865,anesthesia
0.5529381044117411,0.1711259327604605,0.015346399254940982,0.008424299735404346,0.001154307425135162,2.9690522299544684,0.38737761490848344,anesthesia
0.5694029823407601,0.17122440331028232,0.017474987882433797,0.009086662640384284,0.0011990755877929915,2.9033749363235803,0.3946330498941061,anesthesia
0.527449907200372,0.18745309348617262,0.016646939372586978,0.007681952354111229,0.0010260188594877321,2.910774466964319,0.3963579683887923,anesthesia
0.5281162092658143,0.18829036740606803,0.014345191705209415,0.0064213565247222375,0.000749095175912651,2.832123784292366,0.3867984072090653,anesthesia
0.5652382951117083,0.17161617448798605,0.014623123896734895,0.007408584714670852,0.000668515329184806,2.8032397207276354,0.3804408745911464,anesthesia
0.6644214508453362,0.13514434188698057,0.019409642052661588,0.008518055133044277,0.0008593779322767672,2.5652117933337064,0.3697895018024361,anesthesia
0.5878788981911224,0.18733637184425414,0.02055806870015432,0.006327509399242854,0.0009969146304099337,2.6991645721881956,0.3903762751683953,anesthesia
0.5658850862011231,0.19479748114603,0.015605728360309813,0.006441628825838472,0.0011638396958849483,2.865529063360986,0.3865172931483248,anesthesia
0.5510284627897913,0.17849400494997505,0.012726053365555344,0.00546433399624211,0.0008315585295551629,2.910736054626872,0.3765760715548178,anesthesia
0.5662685527753278,0.16357829301848245,0.014057945465740268,0.0057083505653067555,0.0008326511460258999,2.884858153089114,0.3768264792559931,anesthesia
0.5071623538940093,0.23568106070737047,0.017120759941821547,0.00884965218387187,0.0012504115854414075,3.051835947978339,0.40665231019413006,anesthesia
0.5852980593786068,0.17398091521377512,0.01941317737568027,0.007183098123185612,0.0009970320030421157,2.737301864523898,0.3915977030757153,anesthesia
0.6294263773173119,0.14606556136286433,0.017340724624825544,0.0059853844702571065,0.0008759798432369975,2.5972618353220254,0.3762555074173565,anesthesia
0.5881751074283762,0.15995479239925184,0.031621289735301025,0.009155051879043218,0.0012390816111811738,2.8935827392273588,0.40049455131684636,anesthesia
0.5779973820242615,0.17051659758558965,0.02562269742142139,0.008771040826755606,0.0012675192312159743,2.9653260415009792,0.3921539943425209,anesthesia
0.5887549648019642,0.15917082830521542,0.013624118982580771,0.006545914938696843,0.0009268856107176971,2.823058170804494,0.3692974428838838,anesthesia
0.6010879739119191,0.15315357760602352,0.014321402955471959,0.00618896501388984,0.0008355123711498818,2.8103731775090304,0.37262911919396197,anesthesia
0.4745630861019264,0.21176559511550533,0.01644831411462134,0.005697137275332613,0.0007101655063233393,3.159184447788792,0.3839807993344735,anesthesia
0.5486621472810583,0.18648616161307627,0.014518178274716473,0.006488324685384916,0.001186911786961694,2.8599949937097926,0.3867093660105111,anesthesia
0.618454123570116,0.15626600476469904,0.01179949294333233,0.006863816733597949,0.0010171941609888966,2.6473217359654133,0.36830069971690776,anesthesia
0.535962043559577,0.1971863941414922,0.013296882798219996,0.006675280056549909,0.0008211417163241021,2.892021563686938,0.3893565303277372,anesthesia
0.6067206650634531,0.16640961868697662,0.012705668814897878,0.005802825063613933,0.0007098026095071478,2.6844496952813035,0.3778913544176538,anesthesia
0.6807045014876063,0.11264753076195964,0.016901654119505297,0.006664727101475885,0.0009113898837099509,2.579051604097777,0.36574841253697743,anesthesia
0.6290434932962302,0.12536346097406315,0.012682049672979102,0.005221128570229111,0.0008270413825163431,2.683587567024515,0.3628545181573556,anesthesia
0.529005364917884,0.20399082012141928,0.01931742461741336,0.006446486579601151,0.0009794572291606679,2.8947322233770403,0.3934743808613279,anesthesia
0.5473998422126068,0.20654213931391482,0.01666034490116306,0.006789889755405439,0.0008874428565360927,2.872344751149927,0.39354857728836523,anesthesia
0.6120280953006211,0.16776103065572878,0.01648440483230768,0.005769583113442086,0.0008109735065199366,2.7572025895587786,0.38576824552661315,anesthesia
0.5925480242829556,0.15492269580056592,0.01649486022024633,0.007301204120618408,0.001007671764980103,2.9232889156161863,0.3762914027987696,anesthesia
0.5547990104186791,0.15993606425976375,0.01677524463024495,0.006984862067811844,0.0010710228236299238,2.930051427897432,0.3812849255485316,anesthesia
0.5338835703832229,0.18750737179554636,0.015737643269774015,0.007797267810317657,0.0011497242979655114,3.011447128651875,0.3821803807294467,anesthesia
0.5499489767062112,0.18496497854600497,0.01639218882429656,0.007036575026721946,0.0008709408710327923,2.818489125299237,0.3895630778466666,anesthesia
0.5159961620867282,0.1955055753291932,0.014620495599782311,0.006202339442906781,0.0009064584089871869,2.9461120853966083,0.39113483431719653,anesthesia
0.5313413588669111,0.18768640548280224,0.01900496140131016,0.00725775572402623,0.00129860890767619,2.905125321890045,0.39413268925993833,anesthesia
0.5813711952211802,0.17489318826912478,0.01807223762966464,0.01072745395137751,0.0015288730377960957,2.870604628989899,0.3947668266202465,anesthesia
0.5264945652221487,0.21201965974292192,0.014222640402610778,0.007103929260975319,0.0010417265395033452,3.040552313171708,0.3939544833244913,anesthesia
0.5513129333132084,0.19544611490280056,0.014227264907271818,0.006598123389525487,0.0011146697452943492,2.8029480889585883,0.39348416247955637,anesthesia
0.6084657447806187,0.14648106286935753,0.01676468860935926,0.0065266869592768605,0.001059452617967248,2.7274109135076854,0.37532316956388007,anesthesia
0.5812858430961403,0.16440500157889298,0.01987846523304447,0.00799087710931204,0.0011512341154373967,2.872388057248385,0.3853454431467042,anesthesia
0.5788636752561266,0.17245604904781783,0.01554657468701477,0.007270545012847029,0.0010990680203491292,2.8838965806950023,0.384722741147249,anesthesia
0.687644166858705,0.1107894175522232,0.015948382868078582,0.007153392703292633,0.0010047232467201232,2.5899998150108092,0.3601082445626097,anesthesia
0.6165973073523516,0.15325481197778879,0.02068578590050623,0.00840321070666772,0.0010135692841248345,2.843617093704301,0.3806734740847186,anesthesia
0.5315850514360915,0.17597014130017732,0.014192201809567468,0.006082047729452845,0.0009742268675389748,3.0551612896772737,0.3678125557650875,anesthesia
0.5456600393805193,0.16576696443280303,0.014803323643819527,0.0059138106261672155,0.0007910093296811503,2.9463966049615142,0.3691262223143572,anesthesia
0.5112490179294202,0.18116439425252157,0.016640231296082435,0.004989421360573775,0.0006907194960253908,3.0210953004015675,0.3787593428691588,anesthesia
0.48286461203687464,0.21517795202430884,0.021388455843661256,0.007712928589653367,0.0009875638207592133,3.1643249987558266,0.4013751923991786,anesthesia
0.5470117801180846,0.19795999126463482,0.016564820677649437,0.006764345392302855,0.0011485413945887342,2.806706591311373,0.3943220762132463,anesthesia
0.5213688312011775,0.19942167948633985,0.014435991470903036,0.006981558259532504,0.0009117704903723111,3.0796685813762763,0.390052499519544,anesthesia
0.5134058158210725,0.22126814676205248,0.01550465276972843,0.006252620141241076,0.0009926718340997603,3.109664468563768,0.3967936583977202,anesthesia
0.6209936962963759,0.13048086965818811,0.013358054462166221,0.005575744629066325,0.0009261884332973152,2.7453593496236572,0.3642044323187272,anesthesia
0.6203256492229577,0.1262446444584232,0.015179132018849071,0.004556939543324704,0.0007951657189656566,2.7683896926827165,0.3578192022621959,anesthesia
0.5992515110323939,0.14676060530793492,0.017944543946001115,0.004596150374307779,0.0006958967060520778,2.8297260185045348,0.37004906235604007,anesthesia
0.5393353442401025,0.20596328429753163,0.018592641920061177,0.005684280954838736,0.0008387201462136225,2.872737576121736,0.393088203663305,anesthesia
0.5916115420479314,0.1476531758646237,0.012089663524845619,0.0033593018808664044,0.0005588993708568321,2.7715230658023295,0.362047364709572,anesthesia
0.573696658640604,0.16472444104769532,0.013546913608619598,0.0033875426508045174,0.0006097673710875877,2.8289087138335915,0.3690896250365681,anesthesia
0.5506957342705796,0.18915027577600294,0.021194559160857246,0.006268336484264392,0.0010224933656675678,2.882286582458199,0.39391224957037035,anesthesia
0.49677054609232474,0.23124549137199532,0.01478053033341273,0.006293337013465878,0.0008800666121351277,2.9609885673947205,0.3970103790053026,anesthesia
0.5340282151731961,0.202451083254965,0.01182216569429666,0.005082262761593862,0.0007675511478735092,2.8634613427355537,0.3830163350597974,anesthesia
0.5236989463529106,0.18779131539416416,0.010577779559815719,0.0038241154779169342,0.0005311211895717581,2.824839740142358,0.37412632497115383,anesthesia
0.5564736225172906,0.18582417619419275,0.016949397050347485,0.005359937717822754,0.0008276583517045112,2.8573702143593454,0.39069300154934367,anesthesia
0.621368414708431,0.15422818590226314,0.01797335423266346,0.005565062039627945,0.0008774483893752573,2.7731317045181343,0.37978126108794974,anesthesia
0.5831140929438375,0.1655630845614241,0.01561596474985154,0.0045964355751231135,0.0006940260378353876,2.694830706425582,0.3751080942693816,anesthesia
0.5141937294830611,0.19726253393606058,0.015938425804663096,0.00629170459278061,0.0007518549413094382,3.0075364099136173,0.38672023937148886,anesthesia
0.5707679170291187,0.181130066767319,0.018422188930832042,0.004847519455294764,0.0008499421581236496,2.806892770681189,0.39125157017800305,anesthesia
0.6077554175658758,0.1509814226682672,0.015267574664016863,0.004591703787293997,0.0007869908053008612,2.6353302540118713,0.3794437156356088,anesthesia
0.6484469744136322,0.12219861007957608,0.015718992600697302,0.003999775661356003,0.0007008663001604587,2.5721072393431417,0.36572597210644897,anesthesia
0.5316764609461884,0.20295019173826076,0.016097390704728504,0.005833970847067531,0.0008429584811158725,2.921447977507683,0.3918291918192433,anesthesia
0.5107888265483952,0.21216554500752188,0.017075705924663707,0.00556756012459524,0.0010565055077037344,2.999774811692493,0.39282326776741383,anesthesia
0.5082352059986508,0.21085511422325753,0.01912110218778068,0.00543328982844945,0.0008338800235076627,3.071083959129706,0.3985415353243248,anesthesia
0.5841503022025908,0.1899657531518679,0.019757226345403982,0.0044615946340809355,0.0008122508017042654,2.791765178212748,0.392225740747192,anesthesia
0.5468617678977735,0.18314850988988265,0.01584861189799613,0.004066200833625398,0.0007096935879643896,2.8257295131928455,0.38095505856440187,anesthesia
0.5185494498277994,0.22788118006797156,0.016644413631257092,0.005757252500552928,0.0007217214505180803,2.967168636833879,0.39183665206858204,anesthesia
0.5933529033738147,0.15736495701930622,0.011673601058388472,0.0041898549181486255,0.000625134822356795,2.719640063956843,0.3634098044712245,anesthesia
0.622388371253062,0.14105132267526238,0.013922288285008183,0.003821061178746748,0.0005797965480599229,2.775192126413785,0.3534156479079288,anesthesia
0.5700426685471831,0.16801677802732973,0.00998154419834675,0.004580457646066063,0.0006495766829125846,2.7894580933549533,0.3667474699474935,anesthesia
0.5755545987718971,0.18210599688942336,0.01608712144549331,0.005042513053089563,0.0006579405836536542,2.7074923525591448,0.3811448583321166,anesthesia
0.5412566496802886,0.17340259584471537,0.015965361542092833,0.0044948685686430154,0.0006558952304654336,2.8910604251496403,0.3803660184440707,anesthesia
0.5674899749471641,0.16495979241325823,0.01554921337034939,0.004165512444367106,0.0006417570556686257,2.8763786265167366,0.37524731701087166,anesthesia
0.5771647534484352,0.16815289333411132,0.017136165617188615,0.004618467007309152,0.0008008379460920396,2.7759067338670813,0.37883976725918633,anesthesia
0.4930039216083787,0.20814145364113276,0.015784137188232968,0.0058938532290066315,0.0010023719345654523,2.9931820247245664,0.38841771996419644,anesthesia
0.6034609951405147,0.14926109267686546,0.015561036204212168,0.0050948709947185745,0.0009104810601162251,2.7829872948133487,0.3690173767926529,anesthesia
0.623087789214906,0.14951204205285518,0.008739785887434287,0.005145685467248148,0.0006889335885616769,2.5959049696136836,0.3636450260643377,anesthesia
0.6255564989272895,0.1623212521561104,0.014204023248364924,0.006116623751169663,0.0007649359035422968,2.622041538982522,0.3756335674885758,anesthesia
0.6757262864420714,0.1222332629784043,0.016617797981993403,0.005438324019099545,0.0006071273339817384,2.488994038400022,0.3643817078330969,anesthesia
0.5727557924424733,0.17166327404947618,0.014557315190636515,0.005465866409563696,0.0007404717173736652,2.7803642690911765,0.381227095225102,anesthesia
0.5781292173032949,0.16751854435337354,0.008841502304090686,0.004069149074983787,0.0005194061618132321,2.7112046275339416,0.3672722746888088,anesthesia
0.5220874485651892,0.17143478536508225,0.01876392813944596,0.005659890367842039,0.0007234572580851312,3.0185554614629444,0.3835593424525571,anesthesia
0.5794864891514258,0.15514482359455342,0.019099585893331304,0.006335044315714157,0.0007258165673342161,2.8505358557150764,0.38377341635329915,anesthesia
0.6103873659799262,0.13390509051980326,0.011684179806614273,0.0040211268150006805,0.0005377384339076152,2.6684427260256,0.36000249422392644,anesthesia
0.629013975305534,0.14321304728768522,0.014644339439076745,0.005062671739313564,0.000736745091251013,2.6941065738658714,0.37085741310388814,anesthesia
0.5456298613599699,0.18156921114768151,0.013944117800811957,0.004635696962822112,0.0006356128404575309,2.8846080748662133,0.3805508111146328,anesthesia
0.5624123240808127,0.17414948242680228,0.012230753473690216,0.00356934897339505,0.00048249410377249876,2.7332003621203658,0.369490924350043,anesthesia
0.5163515355820085,0.2014043325276277,0.011971911581593,0.004451063164460433,0.0005529627035695663,2.9785291761181036,0.3745494720001072,anesthesia
0.5721488329226502,0.1593220480145447,0.015828237883904465,0.004987630467697608,0.0006481816096313991,2.7806784932643733,0.3729626582731113,anesthesia
0.6214790453296619,0.125429517241232,0.01200088436603307,0.003506572774534461,0.0004940106849783296,2.629152629784263,0.35231837290728785,anesthesia
0.5733062153214391,0.1499057740647447,0.013701225678015117,0.005776283418817992,0.0007526663396170447,2.821844768053161,0.36962704746330854,anesthesia
0.596483927767064,0.14927912046036365,0.013518378194220387,0.006411815318539572,0.0007667116873663565,2.756434461434981,0.37175350648957334,anesthesia
0.5968206291358442,0.15110617691768577,0.010973546459049912,0.0056540226087648734,0.0007681717724116831,2.770453355833231,0.36515749286206206,anesthesia
0.4987237249225758,0.21132221592119607,0.01485479557722418,0.006205941804208681,0.0009417143214180765,3.199302656763193,0.37854223922985153,anesthesia
0.5168799769166607,0.2100272117520064,0.0165651809369807,0.005455876529201745,0.0007594534449458779,3.0849200396548473,0.38273625582427095,anesthesia
0.5984338199542208,0.14806241557595393,0.01208875450680553,0.004886594264841581,0.0006132987983948429,2.724457949383645,0.36466125133066335,anesthesia
0.6506756611792016,0.14785532508484506,0.010597343405100405,0.004231967968614338,0.0007521967811872523,2.5335007126605946,0.3614458714460215,anesthesia
0.5767060061868834,0.21247523153923584,0.013591190695609379,0.004311283850609669,0.0007051394596667355,2.702887548367606,0.3803717673478397,anesthesia
0.6351765337544084,0.14640866230511443,0.01733824058277497,0.003813282778097805,0.0007353582386358305,2.5754681211779515,0.37285101786372654,anesthesia
0.6741163324264708,0.09642481143192629,0.012354547053988776,0.0029024646307916273,0.0004998297788434751,2.4285970731665274,0.35026219404446085,anesthesia
0.6249304702217441,0.1108858560476672,0.017121565635329673,0.0044806353357045,0.0006047628196856876,2.5907221656655945,0.3648204186217258,anesthesia
0.047386065152703306,0.07229751729537269,0.23069914792019025,0.38601033244805694,0.10095733697752458,16.134161985366717,0.7218558548551993,awake
0.07029580404338161,0.08282712101622833,0.22302940473987615,0.3817433414916263,0.10654282004354321,16.143534782749143,0.7338392834711063,awake
0.036667961300358924,0.0876526905620385,0.2254893793947386,0.42000108176897044,0.09757105004439555,16.32307952117678,0.7305402967546614,awake
0.04148895858246659,0.07237288686143045,0.25178891431781175,0.4032924620243912,0.08832001519512565,15.630877322069367,0.7219685314981834,awake
0.05023027962576641,0.06763276232950659,0.24273780376187093,0.40609893544192,0.09737972995630427,15.994659739337488,0.7242711229183482,awake
0.06035318729399008,0.08324820216712549,0.23595517532154833,0.38705378120351064,0.09525470480961513,15.764570339236474,0.7283957506216483,awake
0.061654911407683484,0.07659176215434185,0.2412592523100022,0.4015970963452527,0.08965577659948352,15.61250816885626,0.7300701628037346,awake
0.06634966569785745,0.07222858659995073,0.23982707330033784,0.396350876233715,0.09966352718485805,15.606619028760063,0.730307511809416,awake
0.07800274869075327,0.07621032337797663,0.18340362939018645,0.44535454468062047,0.09178946211882916,16.06143759455802,0.7373548598467379,awake
0.09243038570905228,0.07827472741180415,0.19800769460017317,0.39575838071325625,0.08792718885989759,15.416385419054944,0.7285704616748807,awake
0.061348492773070466,0.1041235605309081,0.18724344005355226,0.4254383882164477,0.08149580233324713,15.491720164930603,0.7344559274591324,awake
0.05791163755389038,0.0983531301088529,0.1552314519225758,0.47346798167592846,0.08389475672368926,16.38633135238364,0.7426137744726586,awake
0.05561442798869227,0.08768012117462418,0.16663326030919037,0.46845557667881527,0.096745479827308,16.992472552415826,0.7408208040029904,awake
0.057828607241867544,0.08462392606809073,0.22128060353437018,0.42510226516529265,0.09847967685701921,16.204194102523942,0.7336937132760057,awake
0.0502740909646663,0.07714942809098599,0.2619800038455936,0.40625591668602085,0.08595573602043308,15.75510327399626,0.7251417275620122,awake
0.05026889356412504,0.08339626149361083,0.23171620864271647,0.4215555016567991,0.09845405129387275,16.28266516062219,0.7331204136034717,awake
0.04410581359714036,0.07600704700988381,0.246102533591324,0.4311087311187704,0.08589583149127616,16.387133024417366,0.7256108842898856,awake
0.04654163887441988,0.05675343332441741,0.24613833431908272,0.418412703018199,0.10399420151584836,16.5305009699444,0.733295821722771,awake
0.05114247050162554,0.07378026190573894,0.2907506249441968,0.35859423198897844,0.09593717283507398,15.382160325732395,0.7185820130455808,awake
0.0472120463587827,0.07807920069634987,0.27618727218159744,0.3827945902946573,0.09018749005736228,15.648642971618917,0.7215128468474353,awake
0.04544821401613192,0.0916839965483686,0.274476114816027,0.36448916457445624,0.0929796311644416,15.502367078849998,0.722537575467386,awake
0.029940642426123123,0.0909750211349413,0.2564969105441857,0.4026767813571347,0.08914326099425632,15.91933911590959,0.7228313066681504,awake
0.0484814706909196,0.06299631111055415,0.23720218620903014,0.4013156332671316,0.10204445670006074,16.395834102684756,0.7271320079527305,awake
0.04854485008650145,0.08255833473683083,0.2662344979033949,0.3841399130346284,0.0989560487465513,15.891198599112332,0.7267065971062051,awake
0.05441974632513511,0.08732441532795039,0.2365552286030752,0.3936049083229369,0.09897776764932889,15.859271328246969,0.7325116725940737,awake
0.0564814764763863,0.09400946623703617,0.23666165381050772,0.37215055263909885,0.1104140512949324,15.959250638715895,0.7331462508339283,awake
0.05485614785829321,0.07815343670361659,0.20975016306098906,0.43102707852553196,0.10095074383998993,16.451141973674503,0.7373836679092578,awake
0.05960978555435729,0.07324074412451445,0.1994687460124039,0.4536093875217872,0.09287520857914193,16.556214976974644,0.7362352361048946,awake
0.07620290574163484,0.07937686680692929,0.20461039127379668,0.4010170676942718,0.10759368267112746,16.19665882907875,0.7416340103636709,awake
0.07452059229206848,0.08885049024981818,0.2074079522004726,0.4020433482554551,0.09205831829191423,15.70802662471887,0.7359387225377566,awake
0.05119052544842251,0.10753499201575557,0.226873786399758,0.40609553760091205,0.09115378078471868,15.944973814541095,0.7311347270230818,awake
0.052433212419997675,0.10510864902353088,0.2095227042152724,0.40386572724881076,0.10101353760091178,15.947105096534118,0.7373359396828352,awake
0.052216828070975684,0.0781318763312885,0.2567053073919352,0.4254504056514243,0.082020689177693,15.559239484255356,0.7241724141688135,awake
0.06818984778438161,0.08348836320989678,0.21205190014420006,0.43754930524974467,0.08863005207753201,15.61943359709784,0.7341224539954477,awake
0.07273931701405653,0.08522718814074837,0.2270655568555329,0.37955232605368344,0.09941709642938122,15.609987851839517,0.7342008099165938,awake
0.060140469641110056,0.08666645018501003,0.23444603104047518,0.40200465077187475,0.09299511555481417,15.973947484268265,0.731233972640859,awake
0.043769136070840875,0.11133708524818274,0.17536604259458916,0.4222637324077339,0.10325017000727138,16.40502133506984,0.7386925591619652,awake
0.0315193616175198,0.09445114497610886,0.2486106539405214,0.4128442999146644,0.0886895923473374,16.312469748264796,0.7253970646582807,awake
0.03890975500147316,0.08682750587220169,0.26688829982771994,0.3890331621409256,0.0897349070201203,15.674679748744284,0.7195005934984404,awake
0.04022991188975193,0.08463005883033226,0.2714005892592095,0.39323211072009445,0.0865206931527197,15.594520986301468,0.7189490673763383,awake
0.0452914103098064,0.08539516349750621,0.3036667202438093,0.37194950976154006,0.07378939626610458,14.986196677187353,0.7111713405950122,awake
0.041879556353349855,0.061584646953476804,0.3015887278895388,0.3876575991813581,0.09971793532000307,15.947142956788657,0.7149237972088541,awake
0.056661546280716076,0.058676558209306104,0.2644449098986086,0.4055647775386997,0.09198018534472648,15.738608840826906,0.7228518864753809,awake
0.06535458484966487,0.06611359040220516,0.2399400593938172,0.40256280281531515,0.09726428243256709,15.769477768711155,0.730292273574741,awake
0.059175741187563954,0.0589554563056621,0.2031569348206453,0.44314171334916375,0.09919175468973575,16.43733031101561,0.730885523722501,awake
0.04275503672046933,0.1108731926959474,0.21758397345641012,0.411968522038089,0.08715220766601481,15.84184948658545,0.7298570462119637,awake
0.0400602400753775,0.08606258264761336,0.2570352721951176,0.3925899845319855,0.09301547360038104,15.89420047385812,0.7262890233687868,awake
0.044286120684366236,0.08285850021206168,0.25082322018673514,0.4002754832950269,0.08776652111495004,15.541717960338074,0.7249592693000503,awake
0.062027962397130904,0.07598150703895892,0.2534741557256304,0.39484503168026214,0.08614182376662707,15.568192291449853,0.7243782727215576,awake
0.06273808407555913,0.09314082226860747,0.22781653639816027,0.3851257086065878,0.09190588886445163,15.424077775104264,0.7309873880128958,awake
0.05526806741511504,0.10109489006952187,0.22891169744566497,0.3714273233439624,0.09760395016334275,15.36465809782299,0.730439370796724,awake
0.04478516184861247,0.07350881133733991,0.2597065108058354,0.38495697143477486,0.08502486354857905,15.640458941504958,0.7186379246945627,awake
0.03940260777550124,0.06076933236440008,0.2768957836231551,0.4322410771639983,0.06932802173375004,15.892278800081584,0.7119845466514707,awake
0.04196258281565296,0.08491101454766639,0.23530714818665602,0.428125468853174,0.07434147498713187,15.572290291094388,0.723047878140587,awake
0.051790575675129465,0.08627022724781364,0.21317964462821906,0.4205511906944921,0.08735773202508057,15.759909147057447,0.7319543956503144,awake
0.05712880318333417,0.08429397952181444,0.24081657000599013,0.41692052044936745,0.07672266381185465,15.493599605889475,0.7271220998233285,awake
0.04681258566937966,0.08417857573231798,0.25470520136779745,0.4064952406018781,0.07906841956801136,15.641189431631771,0.7243961296843646,awake
0.06582311541271783,0.09368694880281171,0.2496639193543957,0.36379819970057475,0.08352518638080253,14.853774594525893,0.7182124955459387,awake
0.0748133823771128,0.07824956927886378,0.2236616640580197,0.4194268799407328,0.08147221835156883,15.021580156091279,0.7288186208014017,awake
0.05000988610401352,0.09167668107753683,0.2196780462537471,0.3983441335992205,0.10524265504099035,16.349769958019703,0.7357512316524082,awake
0.053310979098791456,0.09432864412093302,0.20418611624017327,0.40624123449025584,0.1017149283021767,15.93629981696679,0.7374974722236711,awake
0.06649779350061039,0.0691502522318943,0.21151566088460616,0.402237421404697,0.0953320420915146,15.594704834969134,0.7309894117611687,awake
0.04942062871684801,0.07110872287827918,0.22016171596542816,0.42813396669287707,0.08452002771179035,16.133204570444686,0.7255108324278885,awake
0.06346611202142323,0.06207210662048108,0.2033721357138299,0.43783503548358255,0.09597241500877801,16.170544431263743,0.7360276422922232,awake
0.05792981199997697,0.09514655926476012,0.18425214978646706,0.4149711757267317,0.10094328624763121,16.109401516137677,0.7380538535657811,awake
0.03976875684637566,0.07780448022022197,0.23317892834838444,0.4140550221664487,0.10171956459979134,16.191754972234666,0.7314064999507517,awake
0.06115976698932888,0.07630627935193406,0.25817899549010065,0.37855183368383827,0.08527098521328517,14.982872937911354,0.7216894281711247,awake
0.04580848395110479,0.06682171941492285,0.3445068670895438,0.3496410087708972,0.0727011659520817,14.826269774997481,0.6980582719325689,awake
0.05701564377740548,0.05478033020085372,0.3307000460921097,0.3555475810991393,0.08084558952957296,15.23208581990107,0.7044158276009587,awake
0.05681565778300033,0.06505384312422471,0.20257674622508712,0.43792016707885356,0.09592839386435664,16.178483022833205,0.7334139726112163,awake
0.040912388830300815,0.08715529731680773,0.23409655859213283,0.4121973678156733,0.09126699093996757,16.043199432558044,0.7291011643583519,awake
0.06326524431387505,0.08218257026400322,0.22960880132892666,0.4124873034732105,0.08142763787978079,15.470918328378957,0.7277192592428341,awake
0.054171859512746875,0.08517159721622658,0.2235171708751878,0.436477856996878,0.07000206210799638,15.678988403837044,0.7263310597275897,awake
0.05433572387417384,0.09525034089104702,0.21019595046819717,0.43252122884449756,0.08020628782801421,15.794915535049856,0.7314710826767274,awake
0.056833089524597175,0.07776649631846028,0.2141411409940172,0.41596402941582944,0.09219987833331318,15.997351928565585,0.7322917179874568,awake
0.0652569582737621,0.07158953956516656,0.19540472739203307,0.4470432279525162,0.08049447349439785,16.042661023090847,0.7316131554894924,awake
0.06434071608897139,0.08303607821280634,0.21567513625619048,0.40886187710206895,0.08517847995442027,15.503305422449536,0.7300181933709177,awake
0.045475352986875384,0.08770425572563688,0.21637285014486446,0.4338626665401611,0.08830058081315921,16.2135281137444,0.7331353630392966,awake
0.049585243760789294,0.09352580620112534,0.23616573955232817,0.3986347866717694,0.08505832484233722,15.730379838091833,0.7280985513828631,awake
0.057286910534492516,0.08647660389481665,0.22688949114707013,0.381618259479251,0.09597717857860862,15.369889219517496,0.7311124652907482,awake
0.0489342358757368,0.1264553814275724,0.2249653821843309,0.36272400168145996,0.08479187993917874,14.907680539309428,0.7250450941544486,awake
0.053625449108378104,0.11582572043600942,0.2135146740435286,0.3889213602347934,0.08122082971471994,14.910784959195452,0.7242096211730085,awake
0.06341157801353263,0.07656600257912656,0.23775385007097838,0.3964101345112946,0.08960466743259804,15.282270301852208,0.7271514259277706,awake
0.04904615427755607,0.08653971757355391,0.2736387463728422,0.380365372246539,0.09445118765734939,15.751335711589524,0.721090157201702,awake
0.043355536646756655,0.08777777301308436,0.2972773814556064,0.33703938397165906,0.08717514622478442,15.17445754727949,0.7123367244542383,awake
0.05241277504605442,0.09653589786310095,0.2530422038455595,0.3639242145353017,0.09248017270412127,15.341760573874511,0.725548595887332,awake
0.05318552716930061,0.09162124134704286,0.21856506774093337,0.4182297320852533,0.09354891641589662,16.07382174189681,0.7346402241087414,awake
0.07757769425431668,0.08840239710581696,0.2109713553173487,0.39219219226532487,0.08439767128265675,15.193695734068642,0.7287735570178272,awake
0.0535480643088483,0.09263583291456928,0.25727385243548695,0.3662602861558628,0.07685215004489296,14.747103306651907,0.7136759589048536,awake
0.061846971935284156,0.12123307346916053,0.1912730765221875,0.41987119770531656,0.07312227988438183,15.032514544260492,0.7291815848242799,awake
0.06325564415986831,0.09688122900967386,0.2133672988025137,0.41096510774526807,0.0802417621759053,15.32779282338954,0.730148065858458,awake
0.04587775787098618,0.10444837453410347,0.22043933291538378,0.4225547710179897,0.08395669606510062,15.972184760960658,0.7281381889554842,awake
0.052230052189505,0.12292286354050397,0.22152022420861842,0.3884751261726441,0.07889336646321735,15.219820879790296,0.7262174794793236,awake
0.06332417910353456,0.11454866472571,0.2143777608847028,0.3905714968887229,0.08656164112201274,15.045527069510149,0.72940413103562,awake
0.06106636517995329,0.08302907271474473,0.24337013673419913,0.40252135270617917,0.07232587651877638,15.133431101241193,0.722310095794664,awake
0.04806489912153633,0.07007527343251098,0.21607144397681355,0.4417888358158114,0.09585386278227155,16.3112797872858,0.7347732385896217,awake
0.05119600692658306,0.08309537772879849,0.19564731367193794,0.4485590884051995,0.09609661433704164,16.425521167164888,0.7411896911923104,awake
0.05017504010902944,0.07298640258300787,0.23521931029084156,0.40646222829505513,0.10058628085467558,16.020005112981927,0.7297403950571834,awake
0.04310208489099757,0.10329629006699703,0.21820850589890858,0.40919358084093954,0.08875019121841896,15.787200806876472,0.7289993582905524,awake
0.07437098182757708,0.07419728598470089,0.23790268956766983,0.4111824473858501,0.07255924477921998,15.200883256423127,0.7236526976831731,awake
0.0830178860459821,0.10920826856779654,0.2337202054099965,0.37320971850157925,0.08440420573807857,14.583786011154741,0.7268907048755031,awake
0.037537140745157196,0.1072879542519508,0.2832097568931968,0.35654436490301494,0.08673951944862493,15.34204884590808,0.7164801419782538,awake
0.039464364106130606,0.06996948862814002,0.28203730543169586,0.40385674481340783,0.08215471996554763,15.846263681714438,0.7171155645991263,awake
0.05373137501186021,0.0964748074118296,0.20855723735127812,0.416313713607901,0.07019614380820813,15.043209933827418,0.7190339572012752,awake
0.041445973392002185,0.11658427200899789,0.19210272802374298,0.43891327678156816,0.07291699622992118,15.433800789933928,0.7216501087544619,awake
0.06635784354131917,0.0943483510865362,0.2119254582891196,0.4049125152965487,0.08647405154584815,15.567769293961833,0.7333955324902123,awake
0.08121795792236464,0.06046133722028894,0.21208594242119302,0.4175292512341961,0.08886562599979371,15.656998242823757,0.7326882641600029,awake
0.06915111047455032,0.06829810354858515,0.24617299393201392,0.3970171630509647,0.08966187214690796,15.793764822767612,0.7298475956032506,awake
0.052122853901409125,0.07467967028350062,0.22020170409813222,0.42528135977044296,0.08900316025915078,16.20854176648721,0.7310061947852512,awake
0.04153369359907797,0.07027074155124587,0.24208805327043983,0.4281794631093812,0.08767629022778387,16.189626278878297,0.7227074644766474,awake
0.054978848813703796,0.06564941785220631,0.2554095693018166,0.40934597506272363,0.08666709042797542,15.724521468435684,0.7223710703204852,awake
0.07589156939201668,0.07606857807395875,0.2240361742303104,0.4008928808555677,0.08703771037235385,15.445027530641564,0.7286753791155657,awake
0.07036997197333233,0.08149433031343592,0.23150436078858108,0.3978733973487295,0.09769320022222953,15.782203126555103,0.7345468857165051,awake
0.0727785111514836,0.09400243000878028,0.2548825719146643,0.3683458708298602,0.08395016748326359,14.701415369990256,0.7215271553754383,awake
0.052536878676386393,0.08437371376599286,0.21596267473617695,0.4573213381525656,0.07800733393470077,15.957310009736544,0.7314454216237429,awake
0.053806901775773734,0.09324628832664689,0.1883607358694172,0.43685454934396883,0.09183968008700853,16.12551005384895,0.737153305458627,awake
0.055312846044270135,0.09105265589704423,0.23819347836158145,0.39194725603004,0.08503232064534096,15.450647049459155,0.7272996812122615,awake
0.06963967579902672,0.09043776749599693,0.17766172964508842,0.43268423719375254,0.08578472259630811,15.580085988664825,0.7375511448822721,awake
0.41010922614788803,0.2586145108936942,0.049140433268189815,0.017530054015802696,0.0024283670741664007,3.924262702216177,0.45058585567229664,sleep
0.406282180695446,0.2689220009178045,0.05873753216840813,0.01974882143154065,0.002191126948254547,4.034335214438995,0.4662584657036967,sleep
0.38299749044873116,0.30802515351463444,0.04858779147212851,0.017845021242395457,0.002294027614015625,4.073219549278334,0.46496005694592635,sleep
0.41710940919160927,0.2568705221568535,0.038301493568814154,0.015985732231908207,0.00223039438569988,3.798949994618995,0.44469325262267984,sleep
0.4246578992729313,0.2514971579307859,0.03599082343988094,0.014577072799118606,0.0026946721517427143,3.716628324747339,0.4431511598735541,sleep
0.4210111423940601,0.2635696222525592,0.04408128240643531,0.014948090632256219,0.002591995010487291,3.7764490348845143,0.4487601061889339,sleep
0.4431428372247384,0.24531502580659903,0.061718133197019034,0.019547358057476222,0.0035333550465088638,3.915173722191526,0.4651303422757378,sleep
0.4599118395817698,0.20736560982871766,0.04593543436452249,0.01879292070226277,0.0027093278056838613,3.779970174802185,0.4335023411903582,sleep
0.42565547075815674,0.21383978651935517,0.039128208078532366,0.021324702547956605,0.002450495161832644,3.784388731150101,0.431330013710345,sleep
0.4964692979335802,0.2286440902366501,0.03713499508871367,0.01764113065685095,0.0028907861657013444,3.536724743836591,0.4412587146705811,sleep
0.45468129388528,0.2573244915965375,0.04927162144422035,0.01753711169225202,0.0025640956446640003,3.7778579213428936,0.46094391333345425,sleep
0.4483569505248797,0.25143115551258943,0.04530721427282937,0.01736907852924719,0.002661373877819206,3.7791314223936525,0.45066318139172196,sleep
0.43322484643987946,0.24817369443386322,0.03650062050755574,0.017433540412435177,0.0029573131039469275,3.739385756479042,0.44305192302002205,sleep
0.4624258528729738,0.24048755511466222,0.03445071854700749,0.01671825283308473,0.0021363453844787687,3.682253238781043,0.4405848417539324,sleep
0.3526501971304743,0.31981995818481934,0.049931632423210075,0.01911421283810665,0.0030005842412120292,4.129125489702032,0.4656100574639902,sleep
0.38922330932260435,0.2971049449915876,0.041944676164724345,0.014336812075392018,0.0024742662118996442,3.9339042124754435,0.4499159285432355,sleep
0.44154409372945286,0.26419966596002675,0.035989081347360695,0.01623080696085526,0.003024729877199093,3.7635166343211854,0.45092182224841276,sleep
0.4811745498634145,0.24517169048318505,0.033464241842491735,0.017261705774023917,0.0025799028595677696,3.6292680141373013,0.44798001136694077,sleep
0.4340136709306302,0.23961237160368518,0.052435189486795965,0.01829413178530091,0.0028220389850477667,3.793377136387689,0.45824576160533936,sleep
0.3944077428774069,0.29588133624075474,0.04969865109584345,0.01892058194545168,0.00237985175121601,4.008732341917339,0.4700642292717093,sleep
0.392245007223427,0.3065501270160887,0.049123383277185274,0.01924143713738468,0.0023637816560850332,3.980988642588786,0.4634358190534831,sleep
0.3970903551212403,0.2779241515576942,0.05315013449190186,0.019565801868675993,0.00307236611383483,3.981470441481636,0.46994149982823363,sleep
0.4369290399849693,0.2654897203262039,0.050682887272623406,0.01841988745712412,0.0029939982226285227,3.889981926229011,0.4644322532381017,sleep
0.3917492418305824,0.30117717818898304,0.0577887364730232,0.01801447714252057,0.002813090453603857,4.028287883136265,0.46772329973537485,sleep
0.452586151978193,0.26842206747833197,0.04494867172285141,0.01730373196972282,0.0022862844367385737,3.8263052717558783,0.45531652478531087,sleep
0.46836964906842343,0.24920881036057585,0.04136743623458896,0.01809695677061053,0.0024163350849512014,3.771112650069698,0.45322938924992795,sleep
0.39689547495337724,0.2989590079240313,0.04399021843713991,0.014643180829317298,0.002398775977682822,4.01212151656084,0.4503817088363823,sleep
0.41871879268631573,0.2707548280362424,0.05244604224009691,0.017584163312169627,0.0025356770857918377,3.973641576013556,0.459125605857098,sleep
0.5363251472827382,0.1813025253403012,0.04126006468917726,0.015902416665003534,0.001957391204286008,3.463582344663959,0.42845444966676793,sleep
0.436480136403377,0.2429957924462527,0.04200705532779638,0.018927052252213344,0.0018293974729844543,3.902606972401646,0.4475612582559539,sleep
0.4011342387550009,0.28421815705549386,0.03325091125138021,0.01298672663536391,0.0021249296560863036,3.825908206568057,0.4382276843443699,sleep
0.4398000078981678,0.24518845242308623,0.035426559456327576,0.017105442365306797,0.0019444271103584228,3.739095788351357,0.4339690001519666,sleep
0.5027414729854504,0.2068390882415134,0.03923243251273607,0.013816441336782621,0.002532289644489866,3.5743718268177833,0.42312229554801245,sleep
0.4873761190431592,0.22296284643924977,0.03755956333969926,0.014488298760203655,0.002415163648782085,3.5716821200161823,0.4317100212373446,sleep
0.41176131710931474,0.26809759059031457,0.054172119732198376,0.01970411691469732,0.0025703295957091974,4.064368120907595,0.46671580805740087,sleep
0.4871058385869051,0.2547169497142964,0.03221359668608153,0.013068615331993664,0.002141356078887231,3.5837259752715256,0.4355169152039098,sleep
0.5079128643328361,0.2268726492262669,0.03720173908865415,0.013488341246499709,0.0019993915879930268,3.435592662240147,0.436317555042579,sleep
0.4342699198605386,0.25350740404055505,0.04142469220484897,0.016107642098121294,0.002654220208532492,3.7323451833164834,0.4524139050260644,sleep
0.48975369861337864,0.21049543610660457,0.03232177103305496,0.015587438122740162,0.002307831523560997,3.5430276734784303,0.4304814656330305,sleep
0.4620162214526297,0.2571867332698492,0.03786441100228618,0.017203131409872795,0.002567235494328601,3.810468646988684,0.44388717821562995,sleep
0.4883406614937432,0.2427245947743786,0.03776587737448292,0.016418611622740636,0.0022104238591207064,3.6636722524833067,0.4377911661193347,sleep
0.48820674094262895,0.2279464443071156,0.04928725581203559,0.018703675021011067,0.0023323788997519222,3.6282267149390277,0.4502899717900197,sleep
0.4505205946783462,0.25524114707074846,0.0524963796681783,0.019201657527334652,0.003031800787338859,3.7824886667581357,0.45963054924226676,sleep
0.44128692170621003,0.2188541497698348,0.048159751949833254,0.015999990745376853,0.0021687858187496617,3.856089214503148,0.45152303769575436,sleep
0.45018739182454715,0.24170978692522976,0.04669431309325782,0.01432126685945195,0.0019261925131048836,3.8856695887978634,0.4427605812364971,sleep
0.4443787452958905,0.2416036640648165,0.04922054086628187,0.016842019289628436,0.0024513189607405007,3.9804530131036184,0.4466333565306078,sleep
0.47751175306898497,0.2271868775175851,0.05371543987823413,0.018962564775068354,0.0030307043116504367,3.6015649008197017,0.46060723560622757,sleep
0.4692066298416978,0.2499294282904192,0.04472106565957196,0.015569891139968968,0.002420321343712592,3.507305009368113,0.45306949908356664,sleep
0.41285373949629944,0.2669467556420493,0.04430561367720383,0.016647167164439147,0.0024048329451323556,3.8486346926088735,0.4491555746594282,sleep
0.4284652424864971,0.2720577427623206,0.043682214588891356,0.014843291907710656,0.0022466966549842976,3.875348299446011,0.4456232920472566,sleep
0.44462973244907256,0.2727989553840409,0.04698280017149564,0.01857716383920547,0.0025954397020894154,3.8842959184178847,0.45646104087006256,sleep
0.404700512038988,0.3076991031277314,0.032731392314495525,0.018118026664339367,0.0026158028286536864,3.85107810484961,0.4388753832065968,sleep
0.49446098215879647,0.22992524991773883,0.028385751104053353,0.016840343049870858,0.0022865421025019908,3.391840364900168,0.4248140969593685,sleep
0.43589055266660287,0.23126845141624233,0.04234617166446925,0.019771410055814703,0.0031244466650944005,3.772841615214622,0.44608644718599916,sleep
0.45903551383597674,0.24927489907787048,0.0451687043547411,0.01839524772453277,0.002742921188703493,3.756472648097661,0.4556448015657033,sleep
0.4873971105487252,0.23940475166589825,0.03851389310302939,0.01448760122931118,0.002002938614867524,3.547787222200849,0.43261782653153275,sleep
0.502878307733507,0.23338433265669215,0.036283111020090186,0.014887690761793707,0.0020220708336992272,3.4780846745674934,0.4345058867682808,sleep
0.5280021111350871,0.21334748691181435,0.04092680013392572,0.013830498274692004,0.0018145901913356847,3.3849313308629703,0.436232147664642,sleep
0.4931715640173742,0.196999477995714,0.042862828941680434,0.015487385281542669,0.002115036218746701,3.550981559784098,0.43555026725097484,sleep
0.46927539537517693,0.23229992475304084,0.03240635940918003,0.013506888338079923,0.00212669099681923,3.491270207502317,0.4288909884956717,sleep
0.4375978568615765,0.2692109916677524,0.04892105341276971,0.019149056170820324,0.0029677511098988416,3.766312317151525,0.4585221185596944,sleep
0.5268135989386391,0.22028551370071625,0.03805069336122035,0.017335616271724405,0.0026057112849813186,3.367670601073693,0.43616105013180223,sleep
0.549942430646849,0.1923041289033006,0.03001067283642082,0.014212847247535916,0.0023941641221599625,3.2609637903561546,0.41829472641388393,sleep
0.5424134183051604,0.18844974733430175,0.03586342623829107,0.01334938144816507,0.002194012549443613,3.325224810584697,0.42689930190254816,sleep
0.5032728217661112,0.226824624311023,0.03975629644083845,0.013490460901093968,0.0023154806383200222,3.4311407441304396,0.43947091869907495,sleep
0.4591243888492016,0.25019405722877525,0.044307038222694425,0.0213715102484128,0.003722256840844855,3.8722870064861947,0.4566817116989456,sleep
0.5230696510214037,0.2354931023025419,0.03384502802797091,0.012929717739867065,0.002279798014189737,3.3503902013851086,0.4322171541869754,sleep
0.48861727447357556,0.25132881934358786,0.038594171755485476,0.01225576352148987,0.0023445646600607213,3.378588916651722,0.4358539998516784,sleep
0.5040603754756623,0.22776009096575886,0.0389575730171669,0.013406280245755062,0.0023263306650555936,3.36140248129644,0.43579951979730247,sleep
0.5136941109591028,0.22175539396425756,0.04729981313928669,0.014163176685777473,0.002413316258023754,3.387970891148362,0.4394257067507068,sleep
0.4961308061254205,0.20286246763987442,0.045642773992180766,0.014779586280214942,0.0023359540838451985,3.490715849410429,0.4415515068123934,sleep
0.4707965901350712,0.2020261796533534,0.052582841279597045,0.017751259097309298,0.002737841079112908,3.7514097770796186,0.44060432623003853,sleep
0.467567328029857,0.24437623404807676,0.04119207935625233,0.01593571446216168,0.002472591720709317,3.6477303922957316,0.4439252020178247,sleep
0.4708043203307861,0.23226684496819414,0.039932025352440705,0.014723881308462007,0.0020742687836782917,3.454932550141817,0.43643498843099293,sleep
0.5218710196713013,0.19524912634075275,0.04227317424082306,0.015953057717717982,0.002380236933645439,3.5383885866681903,0.4368772486515528,sleep
0.4832728407552222,0.21453588709568042,0.03669402766529009,0.016035949412506266,0.0024112129069693345,3.5523263004964574,0.4349110068596098,sleep
0.4588578110091675,0.20635762560630475,0.052379697838645024,0.017008767226746428,0.0032289842772504815,3.7597239425353104,0.4464325160132863,sleep
0.46513385992924633,0.22148547289783252,0.05345716228810739,0.016631046223594913,0.003111065855069711,3.7543684273133175,0.44989364602274035,sleep
0.4757986659008095,0.22804025072160322,0.04312691004727218,0.016461120514409698,0.0025821607337507034,3.452304403175149,0.4328399980671092,sleep
0.4969402313071232,0.21086924128766704,0.03496650783598085,0.015912484887708304,0.002231099835852093,3.3938221638917248,0.431096513358412,sleep
0.4820234711824979,0.2175747467628221,0.03682603334735512,0.016226757391860615,0.002015589550276694,3.5492945173509787,0.43035630898137767,sleep
0.48946219880272407,0.2276469091454704,0.03770230107299689,0.0132899428617505,0.0018636174335111531,3.370160770358794,0.43393521662812734,sleep
0.4784001834224896,0.24437620327139686,0.0501548819531524,0.014337725925272798,0.002762858398775845,3.582539755888154,0.4444111514730861,sleep
0.5444616824678951,0.16406124734066635,0.03870749737481692,0.013259626963849297,0.0023770681629101554,3.330731663886017,0.41342337823812153,sleep
0.5029603711965202,0.20647275065585402,0.03692404688994461,0.01329663556224234,0.0025519113231336045,3.502331298489142,0.42231311649134884,sleep
0.4677791790903773,0.2479839473215281,0.044802232002766694,0.015589787142315055,0.002633669502845725,3.719487966711359,0.4469112481362526,sleep
0.4202809586321684,0.2839905089909733,0.052879527646812016,0.01699177546093415,0.002681559105249531,3.967444177249325,0.45942031213236384,sleep
0.45229479581372783,0.24809895706534693,0.043125018369564144,0.018051737174397946,0.002843926873413206,3.7106179087902507,0.44945235203602313,sleep
0.4825919900642614,0.21572625062806952,0.036575844852666184,0.012025383339359924,0.0021485933503330693,3.4938291924032785,0.43066275218365746,sleep
0.5223192150840624,0.23499126004497853,0.044329840857046734,0.014991076642714875,0.0022672319042755435,3.475573338528758,0.44200756897692595,sleep
0.4453049481369593,0.24983843425992458,0.04922124343661275,0.017230023334161737,0.002682325881478244,3.8290084898910974,0.4514673100103124,sleep
0.4760175288144786,0.2123208619680971,0.03851215253397007,0.013526237029404815,0.0027567442536963306,3.5544752178122634,0.42900955738782587,sleep
0.5011763598020055,0.21554115743141466,0.038107191577737856,0.012446626573414624,0.0021634523530804587,3.431941733804113,0.4337641211111718,sleep
0.4036730106519739,0.2866668356789815,0.05508820160489019,0.015143119748165679,0.0023597821944487543,3.830376479501591,0.4585012313663415,sleep
0.4322825343073726,0.24077638470657567,0.054450952815311454,0.018790017482376915,0.0025197128336031573,3.912796805086237,0.45317563814786926,sleep
0.4756613674501093,0.23457154126792693,0.05458899754845954,0.017934617547069813,0.003073713547978843,3.8123923577859213,0.45343305570121134,sleep
0.4543545745710281,0.23815374544149315,0.04862187941257301,0.01905104173751132,0.002575091578135239,3.730470914499136,0.4524730138224328,sleep
0.5147492877215466,0.20232860460531313,0.046711125506652657,0.015322981517133322,0.0022820512055040506,3.4894410859140508,0.434991370302164,sleep
0.4300948846710303,0.2511559933628101,0.058455843954448854,0.0160762263024991,0.0022267453686375736,3.840066471515693,0.4636009410605782,sleep
0.35814073923242706,0.3030329098730959,0.048496798704733314,0.019404080223454027,0.0025149100086281333,3.998162372267314,0.46877562499062925,sleep
0.47373535451935966,0.2488257355566542,0.0431920874970967,0.017740821188676335,0.0027753461244933476,3.5378224771581306,0.44436595592717637,sleep
0.45655105030585724,0.2465015610315719,0.06301375748828916,0.014602956590984727,0.002412671504485526,3.7827123156819855,0.45657799520397513,sleep
0.47728576796680994,0.21558315516022913,0.05180828730367546,0.015459097820992886,0.002405068176204713,3.804082475644193,0.4428925344473473,sleep
0.5194383635052908,0.19657496526646762,0.04179420052063389,0.016093217540845146,0.002327504118279583,3.3997093719878166,0.43142788789011516,sleep
0.5268053479964718,0.18859748762036194,0.043660738204139175,0.015856526963508987,0.002393481818683485,3.4639806466716627,0.4348812222763385,sleep
0.46796152759388415,0.24990011289303765,0.04912212000004015,0.019739973851185227,0.002670478810134967,3.785554221784074,0.45802824710648943,sleep
0.4904279083148582,0.26021960431601077,0.03472656299669935,0.014301344974904035,0.002274960593087317,3.5656374877551356,0.43593268741493,sleep
0.4224073685417927,0.27545536055111,0.03882318714730353,0.013991281923806768,0.0024977020266884415,3.9250174991012257,0.4417430086440856,sleep
0.3775388952688159,0.33059151772306183,0.050291604131952,0.01847471867790825,0.0033602005475230246,4.115574557726818,0.4729635299725515,sleep
0.4212578577078011,0.3221357135080431,0.03740688686179379,0.016294086448345388,0.002577054499691689,3.797133049579038,0.45810335672446784,sleep
0.41000367345641636,0.3125940246739125,0.03492190699961862,0.01858669296082643,0.0028198665303977456,3.8604840435204726,0.4581929331229756,sleep
0.5501329230553129,0.1992833247257836,0.04619019871338355,0.01603599503733524,0.0025952909320990855,3.2116296155192128,0.43258903399969867,sleep
0.5171518001576706,0.19890108377868923,0.04938561787265903,0.016795086127393957,0.002647277046459746,3.533167362907228,0.43858944802928235,sleep
0.4471701752279416,0.21098376658780357,0.04324324879652468,0.015008813482290061,0.0022063995874326264,3.7405165422213407,0.4315921936037267,sleep
0.4290270696912014,0.21541226304407418,0.06576645282885536,0.01957495145399447,0.002994433426753445,3.982187891253417,0.4640300716677304,sleep
0.4671857356919001,0.23454965116001872,0.04534135190796203,0.014176524365698131,0.001832749282610854,3.597389528515031,0.4380082586680548,sleep
0.4403991826007903,0.2562738693744539,0.04547472888795348,0.013723836104128303,0.0020886978340806835,3.525750300322097,0.4404960428072908,sleep
0.5192779645936945,0.2060443753755984,0.03738724453230752,0.014680939325839441,0.002460697976265134,3.1944058161084676,0.427450251014828,sleep
0.49918045094214025,0.21301145276379935,0.025704033925635902,0.01070225447601195,0.001895887214063596,3.2234246657830954,0.4073475582601538,anesthesia
0.4859046543438733,0.20683494986144055,0.014515872963861544,0.007107307106295238,0.0013093495194300745,3.1835605761421415,0.3765299389661185,anesthesia
0.5177610412022544,0.19094703385100997,0.01421159797763161,0.006964909776490111,0.0010610408492555613,3.1324071507258973,0.3741417884954807,anesthesia
0.5577148170843892,0.18349004760760837,0.018758541512525206,0.007918387043146466,0.001208342308084062,2.9344234088892382,0.39590431422940286,anesthesia
0.5999677501871912,0.14599970869672765,0.014527599008300814,0.006907626632234168,0.0008447892172981856,2.795127758368704,0.37697109414336427,anesthesia
0.5500625180922085,0.14958996294043514,0.016550450633461805,0.007110800968788965,0.001026920392479377,2.8929141605598705,0.37586224329763757,anesthesia
0.5792831224662724,0.16259958153746348,0.020727540037431047,0.0077368648042046954,0.0009743992285083894,2.959162510960518,0.3759606986610637,anesthesia
0.5297031861217755,0.1802343393913101,0.01980636845239547,0.007262642840378841,0.00098507866910199,3.0294753958940692,0.38423787808049703,anesthesia
0.5487578464232675,0.16615195361858007,0.017965602722289035,0.007127765784724048,0.0011102410125739875,2.8395501865606216,0.3887491123810186,anesthesia
0.5902828858650186,0.15604306284956004,0.016155173398206903,0.008804603914041637,0.0013862908397524953,2.7326485985947615,0.39210012804551814,anesthesia
0.4839124718676774,0.19050809805640959,0.016245569367118587,0.008217409802256295,0.0009892997606781215,3.1228289953068633,0.3818429422168596,anesthesia
0.4570891093269015,0.20738861085106136,0.01491924932680521,0.007103331522322112,0.0009365179673447422,3.0911704780835096,0.3801355477995113,anesthesia
0.5429848022722669,0.16857492687945466,0.018683453655238453,0.009668346728998153,0.0013498655526031655,2.8856233169829197,0.39100586269265813,anesthesia
0.555404206730627,0.18619115001030362,0.02107212359723897,0.009591676720984025,0.0012848475036584279,3.0295150473195522,0.3965685900243688,anesthesia
0.5767622674043632,0.1504368061679484,0.018802999683126806,0.008959182435111313,0.0010276467927409407,2.9415880475169764,0.38191858650869226,anesthesia
0.5327190862458588,0.1945561212940466,0.01766060875629657,0.009829587555042693,0.0012667122678795696,3.02309847540052,0.39395121473962086,anesthesia
0.630542395826995,0.14536494482392484,0.01332758347951573,0.005929842814260347,0.0008100065704032305,2.617472179712707,0.36685349301589615,anesthesia
0.6160025399772182,0.1555692107531883,0.01267807652798756,0.005743855743675528,0.0008281536692553731,2.673393573447692,0.3707326638557612,anesthesia
0.5228071167787129,0.1965747639867219,0.020624314769203945,0.006691465377336247,0.0011301135289322217,2.91373975454261,0.39182242597404704,anesthesia
0.605224207664566,0.14980100385099848,0.013484650324522512,0.00605874921973871,0.000866023911445508,2.6142804128017234,0.37400686890746293,anesthesia
0.5767043120547606,0.16024695043947143,0.014175110523479785,0.006349690449727061,0.0009147375911186212,2.857139625312194,0.3720667788312426,anesthesia
0.5763647983568309,0.174299206969019,0.018668515422455168,0.008693812867568837,0.0015117741256752701,2.806938836421238,0.392510341397476,anesthesia
0.640269100410812,0.1351963363207894,0.01725608392362076,0.007915191002893444,0.00137200535232474,2.6478592158943064,0.37871277710132306,anesthesia
0.6856928549460075,0.13842158944836067,0.019872354648066897,0.00760953164139152,0.0009966187908113404,2.4817528882854303,0.3651434368820565,anesthesia
0.6202641346274909,0.14868582649921255,0.018555974646224244,0.006150006905949523,0.0009619055052551156,2.7030641600411567,0.37408282126419834,anesthesia
0.5369975218395094,0.17626593283618014,0.018231066682258313,0.006659707310581236,0.000974935375573691,3.0062780781036498,0.38095617787102115,anesthesia
0.5715449368445719,0.16456361040499162,0.01258877295732193,0.006024211694273494,0.0007944291787147456,2.8608039052641785,0.37834168525267775,anesthesia
0.5858521902544589,0.16589338911426207,0.016517002811355257,0.007003337267641154,0.001051645844464041,2.7407257000129013,0.3900804969791707,anesthesia
0.5424816574934325,0.16978591899768794,0.013189226058083939,0.006717578048589124,0.0009621105015507834,2.989431339594619,0.37375180246950906,anesthesia
0.5726218933765408,0.17634642575058906,0.011340124585534888,0.006869811204613377,0.0010270219213444612,2.8737441149947447,0.3772015239020646,anesthesia
0.5589999479419314,0.1605482306235015,0.014727410540630653,0.008521413748933662,0.0010170588592836637,2.945756676321434,0.3824837875431194,anesthesia
0.5212905389917398,0.2115765509793715,0.024467192859748937,0.00994931174100851,0.001419035938897196,3.057280175118113,0.4171943815977003,anesthesia
0.637194388717307,0.14315777476810568,0.021254084783934455,0.0069373164895831455,0.001279060635617948,2.630981896916248,0.3837670176305689,anesthesia
0.594037371313299,0.19508234438895808,0.02413407918445199,0.00914582120815373,0.0013626557637290183,2.813178518918585,0.39725261096586895,anesthesia
0.5782795362120724,0.17918583056804516,0.02380210695333492,0.009634845026711919,0.0011740616722641156,2.8860026337744356,0.3981942413522284,anesthesia
0.6364435651365845,0.14872831973141512,0.02011724145653008,0.008264599046429743,0.0010191449352380598,2.645891488792486,0.3799850215753405,anesthesia
0.6209748560503588,0.16681237796744766,0.015691122307071426,0.006637314126599982,0.0008601303326847055,2.7035449274634895,0.3789406261225168,anesthesia
0.5891282409720978,0.1540696811248768,0.017704938281000258,0.0075374012259013246,0.0009901445841935357,2.8956769749093514,0.37947570683357545,anesthesia
0.5607719296216592,0.1771148830210848,0.020784286384468453,0.009288460729138838,0.0011836014715534374,2.9785590336533345,0.39169215975725097,anesthesia
0.5359898975066084,0.19609348195077353,0.015904303702968244,0.00681473073235272,0.0009170485526372233,2.9200989727031845,0.3831502834514027,anesthesia
0.5870294832278969,0.1705479454384541,0.016013833319219153,0.007614484534757547,0.0008864888639325155,2.7572604616794716,0.3854287771901591,anesthesia
0.660605227522409,0.12742255482413292,0.012129854493467335,0.005455712459804438,0.0008035573747813478,2.60212212087842,0.35827847526741713,anesthesia
0.6129679171038938,0.16487456305251116,0.011814276667927953,0.006532949218848791,0.0009108949436939061,2.7213887814670543,0.37398122113471516,anesthesia
0.5795551812295091,0.17674096809769885,0.017453280612364754,0.008107567460162333,0.0010331452244004369,2.8086678233694773,0.3805934490120792,anesthesia
0.5734966098251927,0.1656674781851937,0.014097349829691023,0.006467050156112153,0.0009198633836996165,2.818065112902004,0.3771714000106131,anesthesia
0.5446214338923925,0.17628024229647898,0.012934662301252304,0.006572558858279112,0.0010948357639916032,2.9300775905263863,0.3763093498805625,anesthesia
0.5392724591575196,0.1993293732250268,0.014009623237072496,0.005601923546431261,0.0011687649558849566,2.969529365486447,0.3764122201467559,anesthesia
0.503641591851505,0.2215793599489906,0.016548069552675314,0.0075724594396284275,0.0014059489513903087,3.097073743764994,0.39541092727666705,anesthesia
0.5578711330324341,0.17095892843384522,0.012479009941938287,0.006128745113676363,0.0010263504715945313,2.904272108607081,0.3689556648804793,anesthesia
0.6086300961482436,0.15197866963352977,0.014187052250251962,0.006281728931478945,0.000868087036924018,2.717247168030664,0.3657381006072565,anesthesia
0.6363549167480871,0.14153766783583008,0.018579734060506364,0.0064980754915189495,0.0008765099149286994,2.718901174454192,0.36806680565527594,anesthesia
0.6321128772569757,0.15162271195950808,0.01703953790593137,0.006512824374909677,0.0008511312398718908,2.7224996693920707,0.37180604319625304,anesthesia
0.5894670104934604,0.16966638254001237,0.01581064555759827,0.008262414064048124,0.0011916711170085862,2.7276696273442287,0.384953262981337,anesthesia
0.6590128391618844,0.13115032377315586,0.016433874613818632,0.009199238777766355,0.001349706832286497,2.6856927131229216,0.3730804481217506,anesthesia
0.6240068180429746,0.13414711907772733,0.019831108579706273,0.0071012577893643505,0.001219676372550357,2.7462997703532026,0.37860752279251053,anesthesia
0.6118046096795055,0.15107253980102003,0.01460922232872067,0.007046262201533062,0.0009617983262429199,2.6639343256275625,0.3823340692673994,anesthesia
0.5881022299660026,0.16211173786476699,0.013535728690553101,0.008975127127217193,0.0012481452835286409,2.897370295462709,0.38590745013140343,anesthesia
0.5291798402661355,0.18680261264109338,0.015161883644797565,0.008862619927797862,0.0012218392538422827,2.929067147596688,0.38955473288394205,anesthesia
0.4726288322564657,0.22196988946374985,0.014468171432175292,0.007355179566410875,0.001065371105323753,2.9354800677310897,0.38845233026335624,anesthesia
0.6164818813074882,0.12998426462094634,0.018329826923151486,0.006606160181878893,0.000991236669082675,2.6969239878932694,0.3721460782068478,anesthesia
0.5650991773961335,0.17100274651310962,0.025171654938115014,0.008393921376859173,0.0012551025794749144,3.013234447749173,0.3957607427293297,anesthesia
0.48164169162985165,0.2167517832836733,0.018225897850036372,0.007635090029019318,0.0012127537185541632,3.270944752514906,0.38892010156830226,anesthesia
0.6064031499342302,0.14998048601777092,0.013163034555715075,0.005100792843289346,0.000825403514126715,2.7203631384496805,0.37075488295222975,anesthesia
0.6239649271806765,0.11948801368519914,0.01254076458747616,0.005573931410563054,0.000785144942826481,2.5846659015825217,0.3624237091822083,anesthesia
0.5736170552082862,0.16906529336951448,0.015305486409731575,0.007275041609077367,0.001022947902432744,2.860775606401615,0.38172477942245553,anesthesia
0.5275052186581936,0.16929445405484506,0.01986288005473404,0.007944845357433183,0.0013284561249659315,3.1174576059551837,0.38425052537436954,anesthesia
0.5379592116056761,0.1665551425947221,0.0163694654564978,0.006705980765265605,0.0011231310422862785,2.992715772445956,0.37722443814899337,anesthesia
0.480674666048174,0.2275113441076311,0.023963583094809327,0.009974687928385762,0.0016171814074787986,3.317035325991693,0.41311824957671545,anesthesia
0.5040670696408514,0.2110794192329207,0.018258558715342956,0.007943195682783288,0.0010455305460171642,3.1116747647034253,0.3958395062514186,anesthesia
0.550951951193711,0.17545549642628003,0.018019337970633018,0.006380303062047531,0.0009569712097837327,2.9990647421624215,0.3746890487858163,anesthesia
0.5363593912761493,0.1812089257606036,0.02646789678170218,0.007009491198075116,0.001113505559717619,3.027159416124205,0.39686013937707476,anesthesia
0.6074097016614161,0.13116163441949075,0.02536881637195704,0.007057773889003433,0.0010451783749202167,2.7635935901257294,0.3819037773252758,anesthesia
0.6395816386564663,0.1362625755358701,0.02154985911234057,0.007826715801679035,0.001206861223509829,2.7436538643391817,0.3717223470575151,anesthesia
0.5811092058086618,0.1625394764135446,0.01536094823896171,0.006129734795492434,0.0009915133049153138,2.683385563966103,0.37301197072502085,anesthesia
0.5459062555127262,0.1460322490626566,0.019693074431694532,0.006059371118164338,0.0008337123404697377,2.898910330598599,0.37066987981644367,anesthesia
0.528673589402647,0.17698000158254382,0.020806087806857703,0.006842634551168006,0.0010516771809951622,2.9933415554426106,0.38769607092206604,anesthesia
0.5655023415685869,0.19054406411050823,0.01900444795688346,0.006856244172918015,0.001334552539915839,2.8284339654611803,0.4004103589785519,anesthesia
0.5055697747812793,0.17850370325966577,0.01840656349208973,0.006328647226233163,0.0010691959128081435,3.1446245652784635,0.3834627238880315,anesthesia
0.436550235763184,0.2139737698036432,0.027842314767877064,0.007033565510048497,0.0009268657669347606,3.386749918343156,0.3895415089413012,anesthesia
0.4945659804961603,0.20752719126437236,0.02191385008669357,0.006892881624543394,0.0008440978944222614,3.201111237418941,0.3982133384033713,anesthesia
0.5947922161727649,0.19575675121356775,0.015201923373774568,0.007462065507966233,0.0011502297317777647,2.7712750654465426,0.3850417333894204,anesthesia
0.6116130736794217,0.16317076538219052,0.012334752591586645,0.005465709060601503,0.0009785699834665188,2.7176391941294376,0.3676919694785316,anesthesia
0.5606083903990454,0.1770758815175383,0.017958616285792945,0.007475798326176671,0.0011159183226796309,2.8908938562982356,0.39174420086954476,anesthesia
0.5437250231527243,0.1652072010998174,0.017271633267800672,0.00687596365418081,0.0009321588971707912,2.967580531889209,0.3874527302788612,anesthesia
0.5485123869240552,0.1630101204938668,0.01383079696919725,0.007007611398216331,0.0008833342763892617,2.954015799459748,0.37816963614157934,anesthesia
0.5725909505529689,0.15608359873024463,0.01678517962977044,0.0069346487332827295,0.001012978775550654,2.9756039406774146,0.3786271205728492,anesthesia
0.5153010288012905,0.21010073510633365,0.020398984329906736,0.007837429148751018,0.0012356414768214985,3.0406469241564804,0.4059869554655169,anesthesia
0.4881930576619256,0.21762420135346366,0.023317668672580023,0.009189166600173538,0.0011516651044074099,3.1918881343875105,0.4062807341832539,anesthesia
0.5277162673292607,0.18694158994890195,0.030623034773157008,0.009400053513788455,0.0014154144970847638,3.3079958998499754,0.4010825429942089,anesthesia
0.5432724275090225,0.17724337701169918,0.02937804608579815,0.009187243154381733,0.001080254292445352,3.1530010973429663,0.4060222940740198,anesthesia
0.5258505463239698,0.20943874022109465,0.020947880636223427,0.0074732502770301,0.0013585673358857276,3.1174934837423076,0.40947702208616804,anesthesia
0.5852673361860944,0.17364373797285648,0.01813749660632438,0.006525703483253767,0.0009912160461808745,2.9718236284372725,0.38431346543915457,anesthesia
0.5737159541859856,0.17129148570825592,0.014906904832871663,0.006016467279233929,0.0010063375140583566,2.7448880683283017,0.3811133079726271,anesthesia
0.5580137994360983,0.16833681271540202,0.01138362154375446,0.005091206926390514,0.0008863313440762524,2.8222489791001415,0.3782972396612054,anesthesia
0.4903209462940359,0.20243180514320042,0.01989678225989458,0.006196252885100036,0.001077723887101175,3.170780647520395,0.39485391677507214,anesthesia
0.5526032926449946,0.1466077243116382,0.017096561667244152,0.005518898535171655,0.0009067141120254022,2.844088413822955,0.3725239724315533,anesthesia
0.5899924058436222,0.13601298159103645,0.019404708368835896,0.008715114117599511,0.001110504106961417,2.827938394369834,0.3778331617600566,anesthesia
0.5533403422584294,0.1627937539895462,0.018906617445922043,0.008754522923699045,0.0009893526018688351,3.02096542513073,0.38702159545474885,anesthesia
0.58018298828302,0.16433269444987722,0.01439675315665378,0.004908966012930411,0.0008759557271659177,2.8814193331901268,0.37836932267267925,anesthesia
0.5166983911041015,0.17603214874218057,0.015657353087048645,0.0052313127033477,0.0009635735738102932,3.0199732964452193,0.37500933025966515,anesthesia
0.5799758178050506,0.1642386338518883,0.015149254622811683,0.0071001720151487166,0.001061290192404675,2.8342563112670742,0.38195112828043476,anesthesia
0.5139377250915119,0.19248525626117072,0.020826230906872686,0.009327665546728174,0.0014326251487994759,3.151020045355073,0.3929124688518192,anesthesia
0.5501407412036201,0.20236499422623333,0.013744317466989316,0.008228776400162155,0.001205399520016375,2.975622706578231,0.389637875934887,anesthesia
0.5857817836851935,0.17845255301102333,0.01801981149060672,0.0065951411634556315,0.0009819705691981905,2.9187075033852357,0.3810640183587404,anesthesia
0.6274258607213881,0.15489007848779113,0.022199982785009842,0.008366099893465621,0.0010629127905430185,2.8714266747506683,0.3811230223852225,anesthesia
0.610897764615546,0.1472673295827598,0.017806199006743424,0.00831115379004805,0.001080105175125172,2.879028462963843,0.37427950674957944,anesthesia
0.5111807006214114,0.1877593134214351,0.015501034458326587,0.00561185293143574,0.0008051240116867739,3.0405722861406455,0.3755799766773127,anesthesia
0.5281494749572969,0.17985101434028425,0.01986749855373282,0.006853502062253962,0.001144432438267609,3.1007899924754705,0.3887890533353255,anesthesia
0.511746451398051,0.20880638190136386,0.019706779898639216,0.0068053187267384995,0.0011356861240324379,2.996031080336548,0.3996814718667623,anesthesia
0.5401714054630418,0.18653370612952785,0.016966391997069844,0.005876393861637074,0.0008342810593073099,2.92252313669859,0.3846130980046976,anesthesia
0.5450043241937046,0.21136814706965362,0.013469592006047882,0.005404312735377148,0.0008509461806154554,2.9177629312301656,0.3923543705260445,anesthesia
0.5237165233589404,0.20065317378383093,0.014906308961547553,0.00574818839255456,0.001097537382670833,3.102400696650592,0.3783483454597161,anesthesia
0.5097369672227932,0.21838754736076085,0.020689491196726147,0.00835859534869868,0.001506342075799139,3.082940078587903,0.4033221818423154,anesthesia
0.5107751225767987,0.17882279716202953,0.024516587024384154,0.011292639876104283,0.0015316337611572324,3.1803697581618655,0.3996482483985551,anesthesia
0.4991679582392155,0.20193202175207806,0.016031645170335573,0.007216991791739351,0.001184978651259368,3.1407420075128427,0.3863063120548065,anesthesia
0.47481393586368503,0.23155654854776897,0.017170171314890993,0.00783866429461597,0.0011531749296076347,3.2009215159298376,0.3935620370826393,anesthesia
0.5218488249958151,0.15911855467756023,0.020026246869701027,0.0071263029876172165,0.0009538608553095768,3.038339777800239,0.3817315996941181,anesthesia
0.5083342282957691,0.18504402701135453,0.014163441686976495,0.005866499655534175,0.00087083827611656,2.9798658442970294,0.3856432836025191,anesthesia
0.05433504099451712,0.08680689272400789,0.2344452261975187,0.4127530990096255,0.08132160001161023,15.496440879025132,0.7294547220309816,awake
0.03574013281496788,0.08826170147594375,0.2630916921328174,0.3952011540529682,0.09196776561012443,15.731693486713553,0.7244475090896165,awake
0.04678877529489656,0.08612008112946472,0.2487577646938462,0.4107619246175971,0.07267637142173343,15.217004538638662,0.7197208010782076,awake
0.04989431724217831,0.086354972978965,0.21939790751406493,0.4200562642853916,0.09314752219395438,16.32691292942545,0.7342599701630368,awake
0.03717660733689513,0.09100956372522663,0.2515281623486414,0.3815257877758477,0.10924795136616011,16.130975063428263,0.7290937145676719,awake
0.03515121250403946,0.08652238056066636,0.24020727525285815,0.4033242554540024,0.09030688922902472,15.975316727497312,0.7247081085039879,awake
0.03876074085036587,0.07809698739023994,0.25533777690493203,0.40163102168956133,0.0947301450069547,16.098776648861104,0.7245536040243268,awake
0.048396285354221656,0.0842973160345832,0.2643539755978225,0.37600981428656577,0.09585862784083826,15.77822157567156,0.7263247922149828,awake
0.0740871579487558,0.0639511616639313,0.23601637288629965,0.39518681595045846,0.09322797048540159,15.425948570759378,0.7281954009381957,awake
0.06092264408956306,0.08568862944916626,0.2161205880324606,0.4002264581343507,0.09227223636574096,15.432448415463355,0.7283174899242773,awake
0.049002867863208815,0.0871699505225885,0.24262523969774963,0.38956720028862674,0.08869976210129799,15.645131301964861,0.7238574573436021,awake
0.04405369766445165,0.06038520095159166,0.2396712118537725,0.4427427252189726,0.09681015816819638,16.3978541368659,0.7290534176967666,awake
0.035026778311638904,0.07629047706064337,0.23678573898893565,0.437006927188508,0.08946566847487727,16.16897920155512,0.7266678817252789,awake
0.04201253232420499,0.0557957551529856,0.23697890948909792,0.4425093669290412,0.09676609509415961,16.76534319570471,0.7280411669575587,awake
0.04435239627628462,0.07966035371872551,0.23578316879412167,0.4224416460808496,0.07989095269872411,15.926164439116882,0.7229277529544432,awake
0.04072155505222707,0.08273502067851543,0.2287457086618648,0.42068545405081553,0.09721472326334017,16.6314526330028,0.7327730638253305,awake
0.03831800209590724,0.09317139158495281,0.2426602547041098,0.3867846717163406,0.10962861997243747,16.56627627058395,0.7327212446316578,awake
0.05749950025683052,0.09798490183826167,0.20501833647779433,0.402798697297918,0.09629436530896034,15.703917447233342,0.7335593952487444,awake
0.05908093623797637,0.09054890418929533,0.24944270499164245,0.36294099883703,0.0901456380418267,15.086844114132829,0.7250324674150784,awake
0.037036849685805284,0.07655131977835683,0.25506011659246597,0.40278236560591507,0.08038800627009518,15.859708709464549,0.7201337536750971,awake
0.026496841016076696,0.08236016345759789,0.2704934046788006,0.4067838318660512,0.07687050801094675,15.904116811398398,0.7129269549777421,awake
0.03819559866724824,0.08486024742673771,0.1882906069438646,0.457199924278894,0.09372195684855407,16.62534430896286,0.7319806815953724,awake
0.03502605155557021,0.10381566455383763,0.1701426691449586,0.4539541385966999,0.10285205642750467,16.901839912237016,0.7415237434991607,awake
0.03902841228142331,0.10475660350641809,0.2233936378197785,0.4178137250688393,0.0915776240694486,16.016444941543728,0.7278115796380376,awake
0.03849067109930035,0.09848558119312403,0.2325129467999255,0.4159755948985842,0.09500463689847652,16.2014242158831,0.7323976030219738,awake
0.04840684467106807,0.08742363763491658,0.22932995065777473,0.3998773092384355,0.1058424276119843,15.986677111136649,0.736057557145887,awake
0.0390891207359859,0.07723534086041245,0.2669437336463859,0.4049097953368513,0.08420542421403641,15.793861012535514,0.7199493544823538,awake
0.04887893699973684,0.07476313690006464,0.24435133683725507,0.39910912880473626,0.10212666082913847,16.06597579833026,0.7301922289661117,awake
0.04930094193467768,0.07257963799798664,0.22182567541806186,0.4348780883828688,0.09834473071869212,16.488027733804483,0.7337326287116368,awake
0.048642883366123324,0.08442998936383476,0.19345666388547492,0.44978905285435794,0.08885688746530836,16.353910900010252,0.7365878615162416,awake
0.05255127835768215,0.08781211783399501,0.22838953478080526,0.41990310657029756,0.09041470384525474,16.047169302694503,0.7339126834921516,awake
0.05404330461602881,0.08080340707068144,0.2774329485122024,0.39284244527766526,0.07567188439456805,15.330169032586195,0.7189055574997928,awake
0.04160639716382512,0.10669669984073366,0.23999445453939247,0.39715027510956336,0.08620400797229848,15.712505739403673,0.7261489251128627,awake
0.048509749533178353,0.09655500655916151,0.20515331716105417,0.4424890742267305,0.07966992917072953,16.011406325314287,0.732303754655489,awake
0.03701310680527924,0.07039721063678943,0.2308290100495963,0.44767735787163376,0.08927114037962819,16.32674924284648,0.7289352208789244,awake
0.03820572372547544,0.07943179342233761,0.23467120330584482,0.44809807410485764,0.08054560223729207,15.787256610233122,0.724976673178475,awake
0.04380392882197859,0.08851932202559067,0.2097644628126752,0.43873540867684335,0.08030998595310415,15.756462988431052,0.7278080659360561,awake
0.04344190893842686,0.08229963259811761,0.23693406334802064,0.41363219194214473,0.0901598432481771,16.02066976699092,0.7303575420204996,awake
0.048472583614301915,0.09783599126648752,0.2115504670267215,0.4255912919237366,0.08014368124229522,15.840505448902686,0.728408043161746,awake
0.04422552286922347,0.1054563910263344,0.21249433771465667,0.39937580774945736,0.09045225091896805,15.492419071492824,0.7291406281463848,awake
0.04658301514019233,0.10144910769968302,0.24276501074946635,0.3792082466282826,0.09366320718430952,15.482385328852267,0.7295455129465139,awake
0.0481331814296057,0.08594273262415887,0.2779116893343597,0.3706419945252818,0.09422353054397929,15.564659377409777,0.7223783198385976,awake
0.05283059299084511,0.07638642982349601,0.26494041334469337,0.3899802120400868,0.08432296756031993,15.52910049395795,0.7218553424597488,awake
0.043433126526461995,0.08945757932733354,0.2536953696471305,0.3910485185316648,0.09032843946750202,15.71803534911035,0.7261357157672931,awake
0.03745145201818509,0.07843576745043172,0.2892953317679288,0.3929276503929139,0.07800420832876521,15.025664469725236,0.7099142991306214,awake
0.032406034138969315,0.0640464620936147,0.3253152129475085,0.3927714654820118,0.07909297590012175,15.460842625389882,0.7037260325001281,awake
0.03973749448812952,0.05636054905111675,0.26763917612649585,0.4053727433934734,0.09960792296047796,16.150642903888162,0.7213034841659135,awake
0.0404710832997091,0.09267587293814918,0.20206768436642497,0.4314249292243964,0.1008441578699972,16.463270205113005,0.736418436036363,awake
0.04651747375005402,0.0797746254528101,0.2322568065509201,0.4344022693570722,0.08322552458478118,15.926119037656099,0.7301154234830218,awake
0.04429619649821422,0.06946522452608238,0.231946033592032,0.4358841754223754,0.08670757994177389,15.964428987575955,0.72690903876344,awake
0.053439982070205096,0.08368334723567036,0.23000961820009488,0.3930385555027498,0.09248258993702471,15.704246782313884,0.7292465411080422,awake
0.05166284226260927,0.08436864351766941,0.22646989014729701,0.43753794112608513,0.07653234456943957,15.871959877870882,0.7282141580278826,awake
0.039420509586026956,0.09768213687442151,0.24400838217500084,0.4298562211712639,0.07639518035186273,15.962697055958118,0.7236891961124335,awake
0.043915268774381656,0.07379349322690645,0.2521343473166094,0.4044355933436185,0.08662851725966939,16.265288253542213,0.7237983337022291,awake
0.04458628180411049,0.08113819458278733,0.25572880523278235,0.40408488518309255,0.08861245023154528,16.279898135118206,0.7233709257919605,awake
0.04330126143121788,0.09125144106053303,0.2564492333829381,0.41861528896185746,0.07782222955211317,15.790598180257652,0.7234161193932239,awake
0.043777167371046054,0.08144445657018815,0.24845637482485683,0.43220490451005267,0.07614227900444243,15.743183432910893,0.7222735126950144,awake
0.03548169411053525,0.0872507120056426,0.24692527493782152,0.3974896085522885,0.08985724168509943,15.92215916798354,0.7237622116685827,awake
0.048821820649951254,0.09024824104872746,0.19917030290408944,0.4379054956258924,0.08320852446645403,15.880090849675257,0.7318092390010106,awake
0.08617093070275507,0.0902134011138735,0.2273955453536793,0.3632889092632169,0.08696303378641605,14.846089802125704,0.7300069221634004,awake
0.06114044594618435,0.09866495116821848,0.24527453386428705,0.35897382063370226,0.10114838329705622,15.303490654845806,0.7299558442051353,awake
0.046446040733155364,0.10085506381216842,0.24214683242903276,0.3588942676048498,0.10617315765047745,15.712760104534356,0.7279886356888644,awake
0.06138076033257435,0.12259387439177805,0.2082783336429258,0.36178571869798476,0.09903532709893918,14.998310360043837,0.7317789411462453,awake
0.07040546366411729,0.09342211214650407,0.24371992548975618,0.36220553910956194,0.08611320017759481,14.634015291112577,0.7218351090815949,awake
0.07499075462908253,0.09067713749980214,0.2038479492624312,0.3993885353850767,0.0876265511683351,15.389064460936249,0.733456801777294,awake
0.06752114355113507,0.1001765209697068,0.21037800527593836,0.39577991354209463,0.09198565284377196,15.51497379312423,0.7323770285132614,awake
0.04034280496921382,0.09200441345960585,0.21648451649711603,0.40621269867972903,0.1090229182121943,16.458545503885258,0.7342945526923065,awake
0.0591008260297116,0.08719305901102996,0.2302959124246556,0.3880574484687576,0.1155254010439001,16.098326505779085,0.7336811194955013,awake
0.06138591530155075,0.0848351417794829,0.28654242169755473,0.3480387887474546,0.10196700701864209,15.10155565291583,0.7193316556117568,awake
0.07265996523318637,0.09589298754408883,0.2506336150506156,0.3610294103870874,0.09897982019475525,15.070548657200494,0.7268425624799629,awake
0.06362169041317274,0.08492425383584525,0.2680964398043349,0.3451943048455465,0.10392402449508054,15.434537857042834,0.7254610779142407,awake
0.047288674110538935,0.10145872788066757,0.22780885449983593,0.3665079497931369,0.10805590053329693,15.885393472377151,0.7332946196357765,awake
0.05985781473318161,0.12096576663031565,0.22353839457208188,0.35524109253266245,0.09958392109561474,15.517184316370372,0.7326347413339145,awake
0.05766956078461228,0.12377793809899724,0.21695024166171253,0.355199583609528,0.08982358086619861,15.118607796094109,0.7268407823647648,awake
0.057572057442616245,0.10385423846898963,0.2572892311371628,0.33566899728864336,0.09346769752673756,15.196674356054109,0.7229614279784123,awake
0.0822985040133456,0.11444146016125539,0.2625635159448915,0.3223888962453086,0.08683495018141706,14.430338568607775,0.7196966426311489,awake
0.06968969329416286,0.10266925998398761,0.27588728467826823,0.3342940150273136,0.10482562336817806,15.261704178195428,0.7251225536295559,awake
0.06531829932702962,0.09415448574724652,0.23386283574937794,0.3594377297372074,0.1163718720491042,15.767924207609559,0.7354242007668899,awake
0.05560789900173515,0.08043018339925558,0.26199223559817053,0.35208151303051805,0.10865766394475963,15.582108860965453,0.7266368127874182,awake
0.043565790808324296,0.08295075456351331,0.2891623537358959,0.35094316444515816,0.08817600771854892,15.053529553812597,0.7112976703302379,awake
0.0621119835240896,0.14134890843893363,0.22309747429573668,0.33539221238709466,0.08914002914680351,14.345916489780217,0.7232274419404123,awake
0.058070442651415186,0.0982433132927584,0.23586404666785818,0.36193536490322314,0.1147664410624427,15.901678480765128,0.7348138698475988,awake
0.07712950259824515,0.08584871304644522,0.2260969045732915,0.3649810381614799,0.10730943651079136,15.633396444403928,0.731845638160788,awake
0.08096820462843471,0.10774058252071934,0.22517552704314434,0.3343417936747719,0.10208813439256349,14.804142855936018,0.7327051826292003,awake
0.0710443051052894,0.10170366766416038,0.24772201402432686,0.32679187126830755,0.11000305387924186,15.328183392000893,0.7299195013305194,awake
0.07824874147363402,0.09059920511141947,0.25148787037153164,0.3542939108115397,0.09680620393409516,15.205198901257138,0.7259033540661237,awake
0.05805849519800512,0.09475902825744614,0.2701785858518774,0.34235248902343085,0.08678172202300617,14.764015480684627,0.7191078340522469,awake
0.04866518844106491,0.10000788488024481,0.27794102878146487,0.35187364141391264,0.07611687517081547,14.799421733461378,0.7130415473808666,awake
0.060822442269681504,0.10568835105743145,0.23203257106165284,0.3663083894392566,0.08708109122106328,15.0797384746883,0.723833357572031,awake
0.05917299550708575,0.09387314584193275,0.2448715281795423,0.35001949770347873,0.0965177216111461,15.187383098325203,0.7227241401582636,awake
0.057891015776365656,0.10888207155466449,0.2228041366884807,0.37815060499444314,0.09238822659436617,14.929406096770691,0.7280903833102237,awake
0.06380522829910908,0.10333132505176522,0.22220517445098958,0.3945362405927629,0.0860308358391883,15.137381679154819,0.7311776039943715,awake
0.06994259634701702,0.0907904808936638,0.23621554749437165,0.36397500510261294,0.0856055193651241,15.088086103016835,0.7266279484463464,awake
0.06357261507769572,0.10931277554833942,0.21842825078616956,0.3580050109423445,0.0983704778882737,15.398836672706233,0.733793603576299,awake
0.05530603377865076,0.10871020582322176,0.22413011509217862,0.35182499405537904,0.1082637354534257,15.405370764271028,0.7299890721042798,awake
0.047699483706956494,0.09918968862015815,0.26591729501842726,0.360848309095002,0.09014691071532209,14.818455786250679,0.7195661122536865,awake
0.07682771312875264,0.11174884769079142,0.25660781742008165,0.3267257571753546,0.08295447535972565,14.221377056938762,0.7191019645451358,awake
0.06747322967368735,0.09634805984735763,0.24066285721794528,0.3647011318447537,0.08493352373391606,14.966044476720404,0.7278413067130921,awake
0.05937734606108065,0.10429458628461251,0.22324688838349757,0.374265023608223,0.09282331967794302,15.014553004904968,0.7309401209532961,awake
0.05879909839416443,0.10112019850599308,0.22630202741850838,0.3661171524986559,0.09776203969342152,15.332473178956457,0.7318275056886537,awake
0.07378345435042889,0.09072770286438539,0.2598488805284851,0.3448552335494897,0.09093091736627597,14.894719418378608,0.7255610817629987,awake
0.05596307765559838,0.11282372138454559,0.22588248294552574,0.3709712292129118,0.09198067875757879,15.004367820924985,0.728396857200386,awake
0.04683997120034443,0.10334435338515896,0.21386554467633923,0.3875776437791699,0.11032080383240465,16.093160355202848,0.7386048213270839,awake
0.04882228849808986,0.1016406935603175,0.23659206019219356,0.3638988772820199,0.11168708946092915,15.94831001452644,0.737016365805328,awake
0.038418227354134506,0.0897789529536551,0.26354234118462416,0.36918386082533683,0.1074644351841204,15.944304038454524,0.7289936905054237,awake
0.04337863490533513,0.10642462862937549,0.24320543312292653,0.3722559749793621,0.09662495922971744,15.556307828274692,0.7272021008464735,awake
0.04462521940564634,0.08245922232779994,0.2696780992886241,0.37612467859001614,0.08611145169524712,15.497632637025745,0.7201189412270916,awake
0.0634382641267166,0.1107629524297274,0.24118041563446266,0.36223417002316527,0.09527483366643003,15.146157371079271,0.7305558483456461,awake
0.06027088483518812,0.09207369695341423,0.2421251965614496,0.3700143188747882,0.08770521185216386,15.28343123793472,0.729944888439033,awake
0.05826121171050062,0.11522650630274958,0.23589274314699485,0.34386114250111793,0.09236397933296936,15.01073227352656,0.7275463843294672,awake
0.06622883183068384,0.10737760262979426,0.24516231372254052,0.3415487985736821,0.09134673732420452,14.614126085881214,0.7257283002460456,awake
0.06708796318032458,0.11174752725106607,0.2054115189999602,0.36158762018217594,0.10743848731817623,15.28994225675829,0.733713846344552,awake
0.06296001287722011,0.09882371114269435,0.24471704451612167,0.3572971168706068,0.0947839155738107,15.208681075555763,0.7257496655484353,awake
0.06779675117824278,0.08928421113541153,0.19528198340093963,0.4088114615924907,0.09119507194278605,15.540408568432218,0.7350164896332021,awake
0.07101672559373735,0.10183944626403227,0.20382897509505515,0.37115258155283537,0.08561789388758753,14.928146398926769,0.7305941030840293,awake
0.07054430320168792,0.10395177188835973,0.1855376438692913,0.4067936622537866,0.09090676980388855,15.19501636901221,0.7340531034577042,awake
0.0633839306076795,0.11743329612878027,0.19666726366055368,0.400191067869556,0.09111415770544035,15.378940207164115,0.7361420586014895,awake
0.0711249343716295,0.12011507257223601,0.23602299901618204,0.3322422020375681,0.0888557411928973,14.492129256195689,0.7239884363325381,awake
0.48916770193950243,0.21691911215349408,0.0468858759097048,0.018144413010834696,0.002822952568839779,3.513467981095016,0.44622010624702424,sleep
0.4756425758137322,0.23048358439679378,0.04705287875482805,0.017941570478318583,0.0031115862127877487,3.669043489938568,0.4505832614589359,sleep
0.43015898512483824,0.25352398698123474,0.04889926557019017,0.016500332232797166,0.0027123081933144192,3.7026842753957485,0.4560594771240588,sleep
0.4283123171957046,0.26899951930442584,0.0499847488706442,0.018821532852507747,0.0031315731631295085,3.865647585151286,0.4586920087072501,sleep
0.49705910443931434,0.21576954760995534,0.048063498062700334,0.0194445455064341,0.00256342749973237,3.5909894525288304,0.44317353699039175,sleep
0.4300145268538032,0.24874296834880877,0.0459274203874963,0.014994244358188063,0.0022322983619033616,3.676986623563854,0.4468718085378398,sleep
0.47656000292626705,0.2394290633010334,0.042853383706028564,0.01526622661844898,0.0024918130672720563,3.550994243697463,0.4471315749143781,sleep
0.4210618709210434,0.26189130614535544,0.04350377606495418,0.01822042798007178,0.0028142152264671316,3.8547552341846103,0.450906736924587,sleep
0.5043734130787709,0.2090316494448192,0.034791375821613894,0.01669301261245392,0.0027709485106530755,3.5418704075904857,0.43460096086489874,sleep
0.4495594465637801,0.22413437708884504,0.04729392509949914,0.0138843286114894,0.002891484984934023,3.727173958107684,0.44448314651921095,sleep
0.39804328917561543,0.2725056412734118,0.044981179463187165,0.013191494801746322,0.0022092304313704103,3.8365185834525573,0.44271280992193496,sleep
0.4663266551049177,0.24992028266372632,0.03719349307620396,0.0157421410390176,0.002381948669104592,3.69595053428454,0.4407217862440909,sleep
0.5014230010052356,0.20246352927474784,0.039841844732296225,0.014813284099207005,0.0021841342568605267,3.544544899448312,0.42873398008777347,sleep
0.5298695277489496,0.18829524612564516,0.045699448556310404,0.01622882359557989,0.0026915003334787263,3.4063385872533942,0.43333306360725393,sleep
0.4843252080044656,0.2436448426863323,0.035010030892099586,0.0121302067840309,0.0023318727852037788,3.4557611279195717,0.4366491138348869,sleep
0.4338468706545718,0.29087004793340115,0.04760717056339364,0.019135558634557234,0.002626972816679564,3.902676477876355,0.46871592827688124,sleep
0.5208249674995278,0.211779778714919,0.050405199360484244,0.018498330307320905,0.0031945580888756374,3.6338508814986716,0.44383147444777843,sleep
0.4344950408187574,0.24137041916988358,0.05702821990669476,0.02071430158110469,0.0038066886639736945,3.963548718999769,0.46310318775535164,sleep
0.49560059185227495,0.19864195633645917,0.04836057153881815,0.01611496629440882,0.003095526091494288,3.5269599856047127,0.44048208832216806,sleep
0.4444352571860358,0.24638900141867145,0.03674739294198521,0.015660833355339,0.0032671838090669878,3.68888872999156,0.4410699834456508,sleep
0.42631449357688267,0.2821545724433374,0.040933655445606267,0.018717878432205164,0.003290511100292597,3.8497267175896788,0.46163467818135734,sleep
0.4783822611237852,0.24278276201773577,0.03093210280700419,0.011975015671631816,0.0022048832923114423,3.483240225917091,0.4331103309894448,sleep
0.4610210976076191,0.24410858901085725,0.03251186736125941,0.010932423587948653,0.0023092514936367825,3.541440257837507,0.425430782768312,sleep
0.48018980031792485,0.19893963678533158,0.04392592732980858,0.016795674559389105,0.0024163190836609875,3.7495033248371072,0.432826327111358,sleep
0.4713267454277305,0.2269865158819191,0.05572793307482993,0.0166704218195244,0.0021354951451204953,3.749218299008621,0.45363383787948064,sleep
0.4620835033013382,0.2599115325580949,0.05427815438164542,0.015136914290822598,0.0023841888114766465,3.638015590609146,0.4603942434873041,sleep
0.4213784848641714,0.27271454678777207,0.03607048799813559,0.01497246022293715,0.002605780266249294,3.7388246437660135,0.4523567644693324,sleep
0.45254243530940536,0.25572805718751823,0.035655018793512655,0.01383012355463239,0.002472908533653139,3.505000139582532,0.4455209446993476,sleep
0.5406281348238126,0.1996936186365691,0.03448406307203551,0.012067859737085197,0.001956461121474812,3.2052807291341194,0.4246044035555466,sleep
0.46185531849675804,0.2269375389291677,0.03211715674632325,0.014013626043865501,0.002497363650308038,3.4879968938322112,0.42997859360033724,sleep
0.38519509970774496,0.32421813388077575,0.054240497200141784,0.02177678477182586,0.003105352922206297,4.195387617618931,0.4776078257452605,sleep
0.4090800015879162,0.24607750931902672,0.05119054918828446,0.01960855067466188,0.0026965189140125173,4.120363190611995,0.454862792241632,sleep
0.452183408810756,0.22478902739690307,0.04012758360657727,0.01417488689520775,0.0026369593186784867,3.7023902655830327,0.4363990882848149,sleep
0.4828568321895141,0.20561869134290667,0.05813638855756072,0.018591148542738616,0.003258748613024825,3.7383056326143285,0.44975574658496936,sleep
0.4941528347317097,0.21423321137524742,0.06464671918092774,0.019162976451578217,0.003466675690400891,3.6593347071928726,0.4556315798308232,sleep
0.4815645419682524,0.21254001953388574,0.04115028640647469,0.01229694131089738,0.002424112017951201,3.5718698022349398,0.4260508827253125,sleep
0.44503019609501016,0.26174589477260213,0.04861170463253016,0.014277584264751867,0.002535826059538494,3.7750083273492296,0.45266830642076455,sleep
0.47446626253595586,0.23216303213908465,0.04830350874500468,0.017774951584143505,0.0026038485225483646,3.69414504412585,0.4509749424080929,sleep
0.4450448953977235,0.2571507940060881,0.04412592492918471,0.01688928204006688,0.0024493049970746215,3.8692155513216857,0.45357464905070555,sleep
0.4118905472121274,0.28431835092815516,0.05725333407039267,0.0149573798029189,0.0031549089169907473,4.047698371417512,0.4663417610076893,sleep
0.4519322882776439,0.2521010473761695,0.06239139364267984,0.021623364863154793,0.0035127411552316862,4.040765527113801,0.47045812324310504,sleep
0.46630504031081127,0.2453474762974482,0.04640303547190748,0.017482201978753095,0.0036526383795025823,3.7910638804804355,0.44769500064563267,sleep
0.45418115047709345,0.2633794377654452,0.041843006518424854,0.01644258846028743,0.003203403659234046,3.7647459208763125,0.4528495258678581,sleep
0.4362055262797828,0.27781780387118593,0.043763494406908764,0.014396004645516932,0.0024123209840935644,3.7664254613886152,0.4577124182238945,sleep
0.4947469704554836,0.25916753228038014,0.03684429524449257,0.01582724541035136,0.0026211022995940745,3.542376729771827,0.4461686642575009,sleep
0.5247889708121328,0.21137230043963304,0.035055965954756844,0.011817992627088837,0.002369851042645408,3.2826408963942466,0.4200687865989086,sleep
0.38234127232655984,0.31323279685896455,0.051384607735868906,0.014364279280289511,0.0024228655745567617,3.8146531551654657,0.4572521083006145,sleep
0.39091607213872903,0.27779528209089094,0.053147102469582555,0.015776540451771744,0.002888121446604573,3.908303091626995,0.4600670854568085,sleep
0.42463695055179834,0.277910799882898,0.04255231345948524,0.012175833835391404,0.0023330251025248127,3.8289856128241198,0.4497263329325586,sleep
0.4573843854546435,0.23912269384312163,0.044505159949165436,0.01232815355612102,0.0019957432202313214,3.6538109854911847,0.4473524661734599,sleep
0.5738594700966902,0.17405373232388335,0.03530629063054449,0.013673960502224136,0.0021379674594473445,3.2208602128734793,0.41745492748290647,sleep
0.5024153772985887,0.22445344193544645,0.03581685232168469,0.016184210715041378,0.002664615019110087,3.4497521834981084,0.4346040815318278,sleep
0.41544888913256256,0.2620731850990571,0.03799730098696866,0.016381971840099027,0.002727804589215734,3.759109769515519,0.4397580678520431,sleep
0.40783456299753584,0.27462463164450585,0.048596847818538076,0.01754318775230222,0.0029331512491610943,3.9436862517578533,0.4579129866605483,sleep
0.34660354045061853,0.3460972738901264,0.04864577045577078,0.018764394844400706,0.0027778608543787375,4.184483005570989,0.473363345130242,sleep
0.3511643894825564,0.32861796621076506,0.042591149766828436,0.01852865465776332,0.0026129673352823972,4.119629963366621,0.46239314695392664,sleep
0.39916297327550376,0.26248748020095847,0.04239169370498709,0.022367111265217746,0.00314373906030567,4.0375395085862875,0.4505647467622962,sleep
0.4206746592338305,0.23815238767500904,0.04898353932518707,0.015018731794765273,0.0021835994381140507,3.7453762929572116,0.4472157410868083,sleep
0.4284095604849854,0.271846098447098,0.04294057648401817,0.014823183533143547,0.002605898258167986,3.7000889310029392,0.46083991024032855,sleep
0.40528388099240087,0.2664501995284035,0.06161189966452215,0.01706725744079053,0.0034328094447607744,4.110897237136583,0.4655704677797205,sleep
0.37618331331975974,0.2686289372617223,0.06020902744085456,0.01789054753648697,0.003519273186180394,4.077138634795052,0.4667724263688798,sleep
0.43065183133820906,0.24553333235843972,0.04638992222765949,0.01464247188147298,0.002735916673566733,3.823028647131077,0.45030618064020783,sleep
0.44503576748128915,0.25862090189734477,0.05054228006865513,0.01711859363850315,0.0031814123240171905,3.8696413748897975,0.45799932219617273,sleep
0.45832121705848194,0.23815447594482764,0.04637431712752085,0.01634221190394557,0.002707346826799727,3.698822377628657,0.4482637303846987,sleep
0.43237262240979535,0.23848017434832422,0.04413913112816077,0.015545820858854961,0.0029953164795477796,3.6857180310736313,0.4421046639701252,sleep
0.4608416588992755,0.2367276653284887,0.05368328180250439,0.017896165645214727,0.003018299184814205,3.6730317982315714,0.45923326456645575,sleep
0.516733053279479,0.20801876688723037,0.05263222294596968,0.015861102024381114,0.002710455996944988,3.5260093903021152,0.4450538293400233,sleep
0.4693283569164892,0.2322422215268839,0.04888962872507774,0.014522113755518257,0.0019407170609165299,3.702564743678475,0.44653422690816785,sleep
0.4125012752705911,0.27035685174742763,0.05729730520533563,0.015399597433206668,0.0022673082387604394,3.914816723298719,0.4642030122094869,sleep
0.4982010279711804,0.2115264921169676,0.04586472105030958,0.012635347148534145,0.002052096608369917,3.4977363084809654,0.43325866117424167,sleep
0.5540808278127284,0.1668069052973561,0.034137321959808696,0.013099844685431919,0.002650768687008951,3.233504676802408,0.41568911402645004,sleep
0.40043340551815754,0.2860318652867202,0.055124123772018495,0.01901963864700264,0.0037787236748644563,3.8736179906885,0.46745933157123687,sleep
0.43373839645147005,0.25031790293562806,0.04249839397645747,0.011548051105541269,0.0022973484309865683,3.717596640744258,0.4463523423594465,sleep
0.46836986931969193,0.25955110846852375,0.04719137102164133,0.014156438228944482,0.0022774401502482647,3.479622556209165,0.4498284237716189,sleep
0.4524657225521261,0.22584076489928503,0.06262313774758708,0.01660157860348529,0.0024176512808243987,3.7847008683317864,0.45375408638584325,sleep
0.4662516332075708,0.25155134542537005,0.04124160445180341,0.015183899435129763,0.0030480395463210797,3.748911610994472,0.44058412849805834,sleep
0.508581028148591,0.1962462251532028,0.03095453899895309,0.011449424090652116,0.002058561336145852,3.4166730201859394,0.41513646056805487,sleep
0.5301439332439263,0.19683228782795542,0.0315721007397094,0.011889117348726719,0.001979862935719923,3.3789502563487464,0.41820205583953124,sleep
0.4477147670812416,0.26584629984064706,0.038550387594097825,0.015636569176565848,0.0027278145564052386,3.68536235944908,0.448375996621746,sleep
0.4715088364800119,0.24060583050456175,0.05384971693999839,0.018468200111353316,0.0036092052189044183,3.7443066022008837,0.4578045720407782,sleep
0.4749746846476074,0.2316161569902946,0.04579526196921179,0.014716707733420176,0.0027281020567350715,3.6034496925309276,0.44629040017376276,sleep
0.43649545703008696,0.23393571833806015,0.04093356557378832,0.015172969603876992,0.00248070433387352,3.6576712441848764,0.43915779012171774,sleep
0.39120225953547433,0.28029386425282765,0.04833599018123485,0.016175523097236168,0.002799509315456756,3.8768600548801455,0.45581841710709786,sleep
0.4854915074873921,0.2508130627366305,0.04972664533748281,0.014051195896920055,0.0023454726371422846,3.5414059201859303,0.4492637596578841,sleep
0.5161838842101704,0.21911201232173283,0.041945689221888856,0.013530780590165237,0.0025505078145259884,3.434781566835916,0.43843232651458675,sleep
0.38688458970622874,0.2738293678922393,0.04964512729221239,0.016211516553797857,0.0026027057912846644,4.089174920836597,0.4566892945854664,sleep
0.34595366452949494,0.28570338784742216,0.04348918782062377,0.019143544687179184,0.002683908138397867,4.120346354572707,0.4486981722405839,sleep
0.4133589572223756,0.2656672005464384,0.04753869997530535,0.015185513436402264,0.00286961360540814,3.8221741604762847,0.45164048173144344,sleep
0.4084515384883355,0.24584960106403092,0.05751364768560647,0.014941137524600351,0.0033424839356830734,3.860985367341808,0.460491040708768,sleep
0.4948840454791853,0.22833787061214983,0.044354557378545524,0.015551128288342597,0.0033450153097610465,3.593389162762325,0.449368416234887,sleep
0.5123952143496648,0.20141672710992253,0.04153574878118735,0.01863527858604676,0.0031439026942303838,3.5888475527620955,0.4418368152448007,sleep
0.4656215991919504,0.263335299195644,0.03694494117348576,0.01574681779819349,0.0027477902943651433,3.647465122943487,0.444239695739573,sleep
0.50843840390278,0.2204307894660541,0.035572851029414786,0.011500058750449127,0.002078729157708811,3.462063875273609,0.42303964491615076,sleep
0.494390854198299,0.22240917204177224,0.051945595300355106,0.014838495618161978,0.002366443353257488,3.645570114409399,0.444189450425133,sleep
0.4923099444707915,0.19655999975500105,0.05332782422728783,0.01475160149064614,0.0027223115845526743,3.6278901131473136,0.4386381799662015,sleep
0.45757264540902576,0.26070056779055156,0.044884313880993544,0.015747317727657365,0.0024739706293352647,3.7547173822760773,0.4503412039883625,sleep
0.509389247174811,0.2081698545731088,0.04333198857203904,0.013875459742224124,0.0021590732529040593,3.6280207407038594,0.43523120534467613,sleep
0.5462099574951973,0.17818629275652875,0.0469576037703171,0.013777465365551527,0.0024106645452365736,3.3601588948138645,0.4307659639796956,sleep
0.4995731144688033,0.21280597034568455,0.0428089173022375,0.014933678360372345,0.0026989128368021314,3.444746902369413,0.4380839723192928,sleep
0.47049945715859137,0.22141489965802008,0.04349720944716229,0.01289206975742902,0.0022439782399432634,3.5898242490613264,0.44254205776879135,sleep
0.4881110139195914,0.2188825529239743,0.04369193099391113,0.013058009242412955,0.0020084511118065454,3.556439865250207,0.43853679849499205,sleep
0.5080930319586351,0.2120027192358985,0.059631653134852206,0.015090928398088453,0.002282692306147298,3.601279180982516,0.44368416857547194,sleep
0.4209917266272116,0.2649349337762044,0.05390436797098442,0.012249822222368536,0.002057654403061024,3.748331463495419,0.4479454763382775,sleep
0.3369649703324967,0.31782296836357077,0.05369204585913979,0.01419016193807271,0.0027431261457427037,4.174212026635443,0.45560582386206216,sleep
0.420952016519162,0.26405607418329397,0.03809855799471738,0.012123986072122969,0.002100921219296383,3.524643634825276,0.442063969563045,sleep
0.5057226618601016,0.20163491483520227,0.032686400440050674,0.012378931253680722,0.002174689071085203,3.3620308950711038,0.42261842345650213,sleep
0.49922496864151433,0.19985866375176117,0.03515802054185665,0.01390923378231411,0.002077751426722289,3.432922856926744,0.41924795384899816,sleep
0.44532899424753747,0.24335421225812684,0.0449618394347955,0.013259152573827992,0.0021764763130359215,3.632604870535523,0.44061546642589056,sleep
0.4747160303649318,0.22367016575454018,0.0513977089402271,0.017265696234592308,0.0027886117139681323,3.664993577611161,0.4457228126169333,sleep
0.4794037782236415,0.20893905485737796,0.036014163938076604,0.015046614599755141,0.0021919457876666674,3.5110012698061164,0.42562036891917066,sleep
0.3983241290052479,0.2711812565538827,0.0582913164296561,0.01663053414044154,0.0030423282493022364,4.049260422078663,0.4578496657994456,sleep
0.40835394099797234,0.3016508228997034,0.04491356572939176,0.012113295829565556,0.0024822385563300128,3.7992975681905925,0.4544729869195007,sleep
0.4979601584992235,0.26266770184930427,0.0372874884969922,0.01309563448673868,0.002825637568149124,3.4602742995877778,0.44000159644123593,sleep
0.47438693006368365,0.25925307277446497,0.04896939300092052,0.012269826805637178,0.0027831498651432313,3.5335335741803333,0.4522654200472933,sleep
0.40919328141471656,0.29197201953760726,0.043834628140327174,0.012564089102803894,0.002647502427112397,3.7666723439452388,0.4567045361011955,sleep
0.49504619338236944,0.21859430600373098,0.04626860789994452,0.0143396773372513,0.0027418079251533547,3.655158568545919,0.43887333192318373,sleep
0.4589331672434154,0.22369605014923247,0.03715761581566206,0.012595184633331948,0.0026640864867883765,3.6058009871112287,0.4315123061290382,sleep
0.43665566471386624,0.24791606946876668,0.04114843905962616,0.016520523104202805,0.0029928934785671403,3.7128505602095663,0.4457110634704215,sleep
0.5553128839900193,0.19439208230642957,0.01742239049968041,0.007306698234778998,0.001224390577015059,2.950021871315919,0.38921010967141034,anesthesia
0.5602087634163682,0.20390252046698734,0.02041180210674983,0.006766687596058602,0.0011962288258426717,2.889234755273579,0.39276254495651747,anesthesia
0.5138624030722311,0.23507251824015155,0.023652207826003347,0.008707572976081808,0.0013305741819364912,3.044857736738682,0.41263147442525366,anesthesia
0.5161726449286724,0.21354243578041368,0.022689208236739252,0.007445659831952388,0.0012561259419347074,3.043380942675274,0.40226696408622253,anesthesia
0.5386751791031734,0.19143878344730098,0.019234063514082227,0.006709310329186803,0.001135754211577081,2.8922348261723014,0.39589140549137253,anesthesia
0.5556612951447167,0.17881988759564235,0.01297031068868583,0.005666434631799097,0.0009888202838832353,2.8597799882754895,0.3819139379178691,anesthesia
0.545141703701693,0.21036889405632653,0.016444236907489793,0.007425512178417971,0.0012782845804635745,2.9105099664813694,0.39806624109261457,anesthesia
0.4591232062434079,0.23185614025618295,0.01573391423995196,0.006895737787827812,0.0011391693032780504,3.1958087026298445,0.39193472828984843,anesthesia
0.521561373778645,0.19706489321251805,0.014117581826373488,0.005168361064696144,0.0008731037926164883,2.9563027750656063,0.3784298831904605,anesthesia
0.6137962848689158,0.17482530309136413,0.014750780651845902,0.005353794395547754,0.0008009127463038199,2.4736522010950597,0.3753401966278005,anesthesia
0.675495691716238,0.12983651731491913,0.020016387314186965,0.006546409887471077,0.0011717440979598394,2.516605032216646,0.36835720457297577,anesthesia
0.6124999221079906,0.1699704152968089,0.026745126887961688,0.00718629469134613,0.0013208340760403458,2.736529284412335,0.3971108820780741,anesthesia
0.549616479947321,0.17237538743363257,0.021057374080931956,0.0067640223016325164,0.0010091904088004105,2.994068009433645,0.39096476227336824,anesthesia
0.6296839919927031,0.11918061100936699,0.01588756078839442,0.006806712269635341,0.0008749655829167009,2.6473435376388714,0.36703926119696517,anesthesia
0.6370726588429092,0.1447745182727808,0.017973576451299704,0.0074603212389875535,0.0010779135670725807,2.6278741702558697,0.38017207591443736,anesthesia
0.5064610135589349,0.2569882456739804,0.022178677906721928,0.010333140584974539,0.001702236717283114,3.2145791094573424,0.4182738587298747,anesthesia
0.4777846550338086,0.24144632501515254,0.021550785947573745,0.008269184306388015,0.001548474227325246,3.22193271085051,0.41212937208054956,anesthesia
0.47754869470383743,0.2017136260341907,0.016961216363286995,0.00595886310662514,0.0011120693992459354,3.0670893729308073,0.38750476572401643,anesthesia
0.6128848651103695,0.12972658266711598,0.013121703685697738,0.0046404837048657855,0.0007969090869219464,2.7259627514027827,0.3604218993328676,anesthesia
0.5085570661797806,0.18703580844267204,0.01923912795422595,0.005480630355647857,0.0011654447314800075,3.031275685448516,0.3873726148070155,anesthesia
0.5759088053252394,0.1659220737381973,0.02090869598178987,0.006215275898705997,0.0011567721768660107,2.9066690386346523,0.38756276407258,anesthesia
0.567855694873766,0.19171492792198455,0.02375552506588436,0.008650170080880124,0.0013727836136680647,2.949327893813636,0.40216008350092236,anesthesia
0.6104524383308425,0.16876215746861328,0.020655053792261232,0.008026267792348026,0.0014895371763544427,2.7540471661289088,0.3932488645698704,anesthesia
0.6347238079352301,0.13621704010061375,0.022592971469200154,0.009724367715571468,0.0016572131779650067,2.8450698609243723,0.38622974453288533,anesthesia
0.6162479773896622,0.14182272603993412,0.019790360958048227,0.007471051848880386,0.001159938861679037,2.772976160909434,0.3793325392962848,anesthesia
0.5079533941143278,0.1954391167356813,0.026713256250377924,0.006594940948742544,0.0013041456166162802,3.0599271507869816,0.4025017778669949,anesthesia
0.5925414900157144,0.15817550551886383,0.017701029271951444,0.007723872530164216,0.0012508550391011712,2.7783341557783943,0.3847973808180088,anesthesia
0.5698919936647929,0.17118293080022837,0.020364755070936658,0.007935290301801363,0.0012072775897411573,2.917149766645866,0.3919464534405188,anesthesia
0.6130213970083968,0.1380373846946539,0.017881011026391523,0.006073596954007497,0.0010675078924090415,2.8704104708951537,0.3691194363756316,anesthesia
0.48866787253237887,0.22030621280465923,0.020951503836291904,0.007633991447712471,0.0015991670929145657,3.171965322746184,0.4109113109491419,anesthesia
0.5583526255094898,0.20687894237026233,0.015409558033800402,0.008616538847900838,0.0013779010160603568,2.87224066705825,0.3986982287576712,anesthesia
0.54098357656072,0.20941868691750906,0.015578207029802251,0.007988268426699394,0.0011264952012780304,2.9293313468560886,0.3988197358995699,anesthesia
0.5099390712131147,0.22044105103036257,0.01682765231522771,0.006418179940445368,0.0010741549053808815,3.0171625192943745,0.4018918560505844,anesthesia
0.525486385212304,0.19369813579421488,0.020451454513373296,0.006854282617701273,0.001182196842138929,2.981720959415759,0.3952068907765631,anesthesia
0.5350437206296013,0.19623501967884066,0.02216626477097338,0.008837515880818004,0.0014127659967024663,2.9877183949107837,0.4000364227720059,anesthesia
0.5724160556035855,0.17696409117160306,0.021857046890922157,0.008806369144462622,0.0015734844561178598,2.9466471431718215,0.40079113690048557,anesthesia
0.6533192300953259,0.11142076918493043,0.01199836208044986,0.0057786794221265725,0.0010076937986837962,2.6895732524816753,0.35767284354846374,anesthesia
0.5862774312800519,0.1585431744512127,0.016131129834945936,0.006250952775343249,0.0008949433987976227,2.7418194118307984,0.385561917237413,anesthesia
0.5947423291116902,0.15371022761600794,0.01990500123641841,0.005333790325526893,0.0009305050951819254,2.841398889749417,0.37919081240475794,anesthesia
0.567874984321338,0.19416060042112168,0.02123036754947445,0.006350281432023424,0.0010369003867108024,2.9598110064176892,0.3978947991688566,anesthesia
0.5999864707308528,0.1403795935274658,0.015317015456439874,0.00522410203802291,0.0008645978926676921,2.865622258769188,0.37079948084717207,anesthesia
0.5728524090120242,0.18145408637167296,0.012029621550600167,0.004847648268051596,0.0009566272090052435,2.840982939483195,0.37972858430693757,anesthesia
0.632239873490341,0.14740152970062115,0.017411418595390946,0.006314718939727176,0.0011560348631272914,2.5827066826922325,0.376954313397337,anesthesia
0.6405658933326667,0.13509732861477644,0.02009597937918378,0.005427880758483045,0.0009226802255614673,2.64175835811284,0.3721003417015934,anesthesia
0.618026144312097,0.14548208855814704,0.015164803809418327,0.0055807764267508395,0.0009668225551813208,2.7161623581106316,0.3702802628776995,anesthesia
0.6379601806031052,0.14131561622342206,0.017845288882816578,0.006576974638780873,0.0010346037031741554,2.574018363143588,0.37637385496475245,anesthesia
0.5843280627000357,0.20170854868155544,0.016705284944563394,0.006183792418548482,0.0011396459710105915,2.730685605425689,0.38842326829224716,anesthesia
0.526095198780402,0.20875322422424397,0.01949172344125918,0.008480849148843946,0.001512613440773583,3.0039014439179303,0.40484419064499305,anesthesia
0.5957477096379177,0.16612680677993694,0.018276506414339404,0.0064368420500168656,0.001192552632500525,2.771774938656072,0.388832195323629,anesthesia
0.5738432295332723,0.1615328680291139,0.014709999114166079,0.004910405927130687,0.0009630486464693242,2.819564698914381,0.3818045271938335,anesthesia
0.5325304030458072,0.21388313729166183,0.023199955806126795,0.006708289276893798,0.0013469733217440884,2.8807472290331555,0.40991236065277614,anesthesia
0.5272963875193303,0.1931449838010538,0.021218212590910418,0.0070958588874322145,0.0012574037949786853,3.02607967452785,0.3909329760776418,anesthesia
0.5064772433455409,0.18135257348246278,0.018772505606140917,0.006175338084836455,0.0009923025731304266,3.078211205550526,0.3806579183525996,anesthesia
0.5358898906524193,0.1790436811545172,0.019166335944805764,0.006446165202233864,0.0009515121237946531,2.8673589355801874,0.38378579659215184,anesthesia
0.5448737746785902,0.1819917479746029,0.018620251125752454,0.007147194227776984,0.0009760962939539034,2.8786892238843262,0.3820779985409407,anesthesia
0.49386747151499105,0.20798699274847582,0.024885685506321666,0.007846490526766147,0.0014613517095339974,3.1992198674747145,0.40653823033169584,anesthesia
0.47322438652797916,0.2361254724093303,0.020210921778939784,0.0070573411744094695,0.0011481143642338694,3.263283029953722,0.40704934426539896,anesthesia
0.4451051681919965,0.22225270946848893,0.01808262406562599,0.007739131605181859,0.0011141501112701627,3.299677780805407,0.3853925945011445,anesthesia
0.4557849018907192,0.24096239340738299,0.03694063862869547,0.009156706644202092,0.0016528469252949122,3.4636778914063795,0.41839662357240465,anesthesia
0.5052158051338302,0.21053696333135097,0.01831013556047672,0.0068482525379093785,0.0009049967430912482,3.1487802209002607,0.3915444726061756,anesthesia
0.5270268312467611,0.1839606859085723,0.010688623501854162,0.004520872176870301,0.0005699960723425223,3.01438422839241,0.3617040325919375,anesthesia
0.5273255785633987,0.21462226203376278,0.01668756931572532,0.006692367430765871,0.0009321442976515941,3.0937782664334685,0.3908880672799788,anesthesia
0.5774404699997833,0.16277907753773754,0.015228088930072093,0.005469499044319624,0.0006475942693408226,2.8640417239758973,0.3746468168210188,anesthesia
0.5320638145981198,0.17352295629278933,0.018000957791484955,0.005839507456701141,0.0006794460298370027,3.0119608705719667,0.3804394492401636,anesthesia
0.5449185626510106,0.1665835904050102,0.016692301034388464,0.005778443408263179,0.0007827266443340506,2.9403690844106416,0.378997017649673,anesthesia
0.6286031738448691,0.1396615671077676,0.015109866534361064,0.005363995897625893,0.000711562293355713,2.562949551735611,0.3718907479873478,anesthesia
0.5772713054229011,0.17825278849650075,0.018056387707228033,0.005494763256349653,0.0007926677299109796,2.8063610908880765,0.3846713449534313,anesthesia
0.6164851100167968,0.17657355926956275,0.018096093311894386,0.0060587387923903835,0.0009739154392103276,2.7145899473785047,0.3817918922986193,anesthesia
0.5890427875982832,0.16483513606831834,0.011633803404208491,0.005403214664461202,0.0007009562218508005,2.7855879019804575,0.3715660069499286,anesthesia
0.5350133107273753,0.1994240643065547,0.015529587383200805,0.005237807217474123,0.000683885410867097,2.9296832927178578,0.3832622020032066,anesthesia
0.5838110408562203,0.1780547673159375,0.017662117676469188,0.006818670168173417,0.0009778002453524647,2.8995499575418022,0.3810230350484155,anesthesia
0.5542358645373059,0.17624196461160466,0.019019135940870822,0.006354248336077915,0.0008547654187578724,2.973757318358323,0.3855794288164611,anesthesia
0.6279579703347264,0.11778863537221879,0.017374846402690266,0.004784254906730605,0.0006743790354749278,2.677027055118442,0.3620731252093142,anesthesia
0.5798644581398658,0.14606723620336984,0.010004733655969877,0.003976828027570311,0.00047692215220778583,2.8059379664869444,0.3558718528501439,anesthesia
0.5255914595108694,0.17348432621046236,0.012598913756172307,0.005795259394400006,0.000610847961640743,2.982959047026755,0.36988951088702754,anesthesia
0.576997775574385,0.17335480018733546,0.014534520675720296,0.005386395361594275,0.0007568946673831671,2.8765103327758963,0.370724491593095,anesthesia
0.6654532559734508,0.13123898895848618,0.011017983899645752,0.004111272501871087,0.0004968329908050077,2.5545503915134398,0.35014028836506544,anesthesia
0.6364989585377148,0.1488580380264172,0.013728666071734758,0.005427431767101105,0.0006301172572833973,2.5333244406744675,0.36660455484844656,anesthesia
0.5157663998505236,0.21370366831220272,0.01703280422074166,0.00660791862380274,0.0008746166621770453,2.917323767537361,0.3926383082249459,anesthesia
0.5321717687048453,0.19369349753169166,0.017134085715217608,0.006326954734966479,0.0008950056535916358,2.874847108586862,0.39188852758034487,anesthesia
0.5515897860806322,0.17597987367794338,0.015959932164665337,0.005256681854566205,0.000649463053839565,2.8125319050045645,0.38164323630113584,anesthesia
0.543084131386257,0.16456409554402693,0.01518497691674347,0.00484978688450992,0.0006006183800898765,2.916658442910159,0.37248548349666183,anesthesia
0.6055462632222519,0.11465365092142611,0.011638568257233762,0.004508252527838295,0.0005136450604459625,2.770433412158447,0.34878678941082697,anesthesia
0.5868223114648854,0.14401808602485727,0.010860388647596319,0.004170357428412978,0.0004812877525534881,2.755420052637961,0.36149818659528765,anesthesia
0.6105357495040382,0.12936595583098506,0.009778611088582979,0.004245799611171446,0.000616323128677881,2.7250539518419594,0.3553401065934544,anesthesia
0.5538734603066321,0.19200287871958457,0.014814195279956562,0.006256401805141827,0.0010642843310514967,2.8439836763569435,0.38574793129978086,anesthesia
0.5701086222142687,0.1689030827561152,0.016802137030500708,0.006213499668556951,0.0007733161613232913,2.826747998363031,0.38265907828963663,anesthesia
0.6068100530802394,0.13560883588434838,0.014990817177115392,0.006170172001780186,0.0008436295466858842,2.746991172081902,0.37187586642433756,anesthesia
0.5803619682787715,0.1529310601893298,0.019659544386743454,0.006138020939526286,0.0009685401622495466,2.862248384453449,0.3720282024190047,anesthesia
0.5587701434678906,0.19950820683870527,0.01815800583251635,0.006894795845939561,0.0008759675237398866,2.9621061168852605,0.3882550805780133,anesthesia
0.6538178690947353,0.14038201820839274,0.017877546924657824,0.006389675151918222,0.0007665720164749348,2.568040207299052,0.3740534331618301,anesthesia
0.6177162442166072,0.1439691730376962,0.015920214923994064,0.005734781898477137,0.000836945180624404,2.6648531993434212,0.3760700453965551,anesthesia
0.589864836810317,0.14640203095605947,0.01569927923544897,0.005857747534324302,0.0007172548846800039,2.813918496313587,0.37298698376748846,anesthesia
0.5660504856641796,0.16301018402247414,0.012946958293135576,0.004368477087097504,0.0005771511641886154,2.818054279392856,0.36786702125922827,anesthesia
0.5406732410941107,0.2086164693638667,0.029021373929036996,0.008541592180815866,0.0010646550805511797,2.9525675484026053,0.409808229158778,anesthesia
0.5998149054362231,0.1471938101915845,0.02235816219884581,0.006415819485553972,0.0006955163536154871,2.7976714460149075,0.38257487051279976,anesthesia
0.5054178282879119,0.19128811066419768,0.030343454651167716,0.008477716345284379,0.0009733154392761309,3.230940381301231,0.4012601961967672,anesthesia
0.5627051975079437,0.19736026961534311,0.017135784156551256,0.006624048361242179,0.0010036444992687797,2.8649702604165452,0.38756555001886134,anesthesia
0.6250408085345821,0.14664473657217264,0.014221442491412847,0.005884165543038171,0.0008412717229197293,2.6871163184485414,0.36887562723836537,anesthesia
0.6446283721406166,0.1379818898661717,0.015316438364522051,0.005892562364480381,0.0006430869405235313,2.7077540385067733,0.3629512428070905,anesthesia
0.5862505592723668,0.1549370350832722,0.015391752485464458,0.00459720856359264,0.0005992885971446677,2.8145324513954426,0.3721106633644403,anesthesia
0.5556815971608066,0.15758064679998224,0.011366157212951889,0.004882663175213505,0.0006160901663553623,2.950654191189313,0.3608893916778415,anesthesia
0.5547706459531289,0.18132941411455786,0.014899305821618311,0.006239128869063061,0.000760087214987852,2.9758137576275905,0.3745909424594795,anesthesia
0.5372852407428362,0.19028979051525485,0.01891626510494339,0.007740451702035957,0.0009202842481404637,3.0549840411930114,0.39035750515435896,anesthesia
0.6377041586510417,0.14482123101426309,0.013950039735788197,0.0054225573065343705,0.0007535076009972445,2.578308710578142,0.3763372204276933,anesthesia
0.5768678509772277,0.17515459367527214,0.01711739926949906,0.0057928050237831905,0.0007462965619995292,2.784189805886678,0.39101393494780795,anesthesia
0.5031637081040023,0.19787828600577448,0.016280306879380823,0.006042048445416862,0.0009194673570901919,3.065724878051781,0.37764429370692415,anesthesia
0.5071839208567077,0.23313991459652628,0.016044915850338775,0.00680092026695964,0.0009408441351374864,3.001409330469738,0.3932662936236076,anesthesia
0.5050190882047948,0.21191983444125417,0.016006955402947963,0.007222486466797113,0.0007302636442520621,3.106789057465193,0.3911389844157846,anesthesia
0.5387702822577444,0.1782934943226619,0.016102036473475707,0.006075250609445248,0.0007979943517269997,2.977752732440485,0.38208337865851405,anesthesia
0.599154933485379,0.14707468055509057,0.013943124472747991,0.00476659656420336,0.0006194327978858023,2.7326244147293326,0.3753835148685706,anesthesia
0.5970288126911547,0.14088240585390713,0.013450219372340057,0.004746136695039507,0.0005527713013110474,2.806008707534934,0.3695008886608949,anesthesia
0.5519987399576378,0.16111342908150658,0.01658119110233244,0.005463257860359404,0.0007623982939077074,2.8982865023170707,0.37667095484369706,anesthesia
0.5813835334784518,0.14039491523774394,0.01779055290574304,0.005900002701641357,0.0007038189329272542,2.8604876934179795,0.36463369652711164,anesthesia
0.5789175888731908,0.163157860701435,0.016605816828132145,0.0058969232972524415,0.0008185132993040683,2.8525589776884277,0.3716942950975412,anesthesia
0.5402839612563949,0.16468657775819312,0.013401268648230436,0.004351326133715561,0.0005643799934310535,2.933958597516722,0.3644615753923964,anesthesia
0.609370480180667,0.12200834303758051,0.013420662542598013,0.003934445440878381,0.0005430433047190038,2.758055085406307,0.36004323093400503,anesthesia
0.641249047563192,0.1286490059823231,0.01903365779693156,0.006359786359804567,0.000733111451577118,2.6390696926293593,0.3791430310646026,anesthesia
0.06551191360989306,0.07699031571035282,0.23944866820479047,0.4109825458972768,0.08616305402782379,15.573630371410346,0.7310530755710773,awake
0.056256577903661495,0.08512451692286951,0.2228097778306424,0.41463651951446706,0.09705245736941172,16.0756581509539,0.7384262356721922,awake
0.0532898955887127,0.0941774329491497,0.25828804746834677,0.3361417793812623,0.10549634288113983,15.629303764474248,0.721239654474835,awake
0.06198228549748103,0.0986889877653722,0.2131935575402217,0.39110557547629715,0.1058900317665352,16.167081247794062,0.7383311598652835,awake
0.05318962081442673,0.09189985020733145,0.21016804676634945,0.40009543079043636,0.11000910715855958,16.569587789331514,0.7411928080401552,awake
0.07110949931578255,0.0902935815698666,0.16640512865665508,0.40977633723631146,0.1193877249153787,16.54565816408259,0.7468122929313372,awake
0.059128224464579715,0.06272722041284755,0.15303371658765955,0.48614593237472464,0.10427160571769084,17.206880857262423,0.741339547053112,awake
0.07319732625258192,0.09818026277561503,0.18273902416712584,0.4222732514285571,0.09354883205778505,15.674088558311874,0.7405240994310303,awake
0.054673047962442274,0.07910197000004453,0.2375894202148137,0.3852558351513157,0.11463643582002302,16.064487019690088,0.7367196262608966,awake
0.06031084564133469,0.08160636581127478,0.22492578997328622,0.3875788902781873,0.11022971623615307,15.976190351560966,0.7380045994069783,awake
0.06427142634813174,0.08548014677270184,0.1931682910312185,0.40505669262414223,0.1271684581840569,16.959715970657008,0.746806567945022,awake
0.0612865197295563,0.07929763784135627,0.21406608850057618,0.38966556534193925,0.11085284853786576,16.288147924624074,0.7391284622231864,awake
0.07830988155096746,0.08557227102579744,0.18949657376048054,0.4169335877384889,0.08604067478282892,15.340703152991837,0.7335140275779094,awake
0.09591129639867163,0.07903557860299125,0.1833237907882103,0.4114518945302553,0.1026206174449118,16.067332188589933,0.7408603706238872,awake
0.08945912566578633,0.08939975597670054,0.179409411915326,0.4060026297919609,0.1049872931466233,15.983276052520049,0.742337415273748,awake
0.0769126672950776,0.07929968739750168,0.2127005133907953,0.40596565430499026,0.0957457494967392,15.868875581573807,0.7373491954140922,awake
0.07082852073684902,0.06827002815416051,0.1908081163112532,0.4288455317389145,0.10646916280984989,16.348574928403572,0.738767394929863,awake
0.06369520360740347,0.06875251204730323,0.21903688688748477,0.3941927974482717,0.10946228103509496,16.01257968769784,0.7341381347477108,awake
0.07754202793746537,0.06351285759523669,0.21797442717416163,0.38356823883053476,0.12294144377642262,16.481272577819862,0.7384430374200588,awake
0.09764649796524144,0.0947385549318928,0.17024803311225656,0.37866079275287395,0.11667060373401975,15.883444642728419,0.7406469460702977,awake
0.07932439511151963,0.08046097971123743,0.18808029703643714,0.4240467468781115,0.10827623876397048,16.31737824112331,0.7424489865260377,awake
0.07337962649285434,0.080859311189407,0.18569845225898368,0.4378705534456119,0.10199186900668497,16.15482977636836,0.7432722322665983,awake
0.05244164639530649,0.08328124653738847,0.22044662245174346,0.4072782455871639,0.11308974423416383,16.44011087822986,0.7412423717694849,awake
0.05838863062861191,0.09647198034881764,0.21062172394289597,0.3926272099562595,0.12373978701370299,16.48148490864906,0.742674215228877,awake
0.051450499947261016,0.10816387353850064,0.24284514201815022,0.38372397528824886,0.08470962628976356,15.278167450958568,0.723932584511035,awake
0.05895259785298665,0.0840677487845045,0.27452963673640723,0.34514207535436514,0.09006142618877584,14.925276328137764,0.7205026739082517,awake
0.058546631338329914,0.09800843558962435,0.21303994521845873,0.38324783780379573,0.0970931089373614,15.841976537722477,0.7338730926393485,awake
0.05962334772316748,0.08340627688972531,0.23034037475370048,0.3914114074904177,0.0969715614003713,15.925152877837167,0.7356968708062478,awake
0.05636591378230192,0.07723167321489736,0.23503197813631035,0.405952032613005,0.10025885179412203,16.20592903384474,0.7308007151024404,awake
0.051467343071291825,0.10020033831861637,0.23657647229565415,0.3879361239249007,0.09343341691237221,15.815521809302128,0.7277783815186059,awake
0.06161801871036111,0.104804860978547,0.18248692274063444,0.3957908102234389,0.10163448674361929,15.844432988248753,0.7346269667032599,awake
0.07062550652517273,0.11945166454116547,0.18105285591563058,0.3929084881882558,0.1107439593244297,16.089132474901017,0.7448469338719172,awake
0.0483951984505579,0.10423206273051241,0.17693807403585637,0.435334949454805,0.10516934258632195,16.741664309555837,0.7457380043608716,awake
0.05674283863041578,0.08426158416500494,0.21928865727068972,0.3842520949535359,0.11213300391892218,16.23133856932374,0.7378530058503793,awake
0.05057315964967808,0.1112875703970567,0.20393806766254516,0.37796435755094615,0.10946852151987689,15.963385863750638,0.7368337546342507,awake
0.0508518924092949,0.0960334018590356,0.1801949469977974,0.4190271906435162,0.11892004382828888,16.88000886801417,0.7405757645504988,awake
0.061618107984092424,0.08370844083709549,0.190970245666546,0.4640543809439055,0.10413433829056996,16.784213345391322,0.74027449482289,awake
0.06150092749206641,0.07836022888632403,0.24214748413924003,0.41036586853453294,0.09596942959100101,15.989865575728876,0.7310141549221588,awake
0.054419927111638434,0.09183058919044854,0.2480965660432818,0.3701311093051388,0.10156251252396695,15.763237529174262,0.7328807517490247,awake
0.0651704863492988,0.07856081204907407,0.2399033509052099,0.3746323352805085,0.10966812015397337,15.839736437673485,0.7344951506714802,awake
0.06682849328551012,0.0870105483421208,0.21420486916554765,0.38842088798876356,0.10553546332504438,15.844196787787386,0.739430047768483,awake
0.06004043867722456,0.08556507640857886,0.20360236241886684,0.38829265184945405,0.106875086952075,16.13875805572023,0.7385436254177472,awake
0.06816582312508092,0.09675748689847607,0.18840992862075365,0.39083616005862765,0.10612361454472426,16.125344253693562,0.7363829992314965,awake
0.055704701092257135,0.10170426548957438,0.19298727419978925,0.4197905681471871,0.10411499526108613,16.389607718885784,0.742149752053007,awake
0.04840390172637399,0.09586840261109764,0.20471168942134038,0.435742608869089,0.09496236666861707,16.180087101531733,0.7388425928271165,awake
0.05548782636509171,0.08828099696148148,0.15000699814123994,0.47633484611649474,0.105453255232039,16.831758364817684,0.7452409460146192,awake
0.10609087708550037,0.09136399522853701,0.16375924423593843,0.3887438115103255,0.1069754768350744,15.201429491395327,0.7371989767857156,awake
0.08608676458786123,0.07951863938681909,0.18467687787916276,0.4103299321028545,0.10423097256982541,15.810320056892664,0.7355602811441299,awake
0.049389228611582216,0.06961767008316293,0.19879535189316566,0.4494640754987658,0.10110672381151332,16.601648014312435,0.7338884942985748,awake
0.07370678376526892,0.0672345886545304,0.20002949724431496,0.4417436984546815,0.09618114925688412,16.1000276781075,0.7364595965412076,awake
0.07359461252064861,0.08439568051302025,0.20681522508687109,0.41454565314530806,0.10544704481872068,16.19009686066327,0.7434079251678235,awake
0.06472113547824063,0.115839586342295,0.19225031514951077,0.40248595963380057,0.09429471485169542,15.344681393521736,0.7385871080062111,awake
0.07973894571852998,0.08084938726700146,0.22863822553456875,0.39436386343631974,0.08530866973467466,14.918090694529056,0.727203401281099,awake
0.05504222124017486,0.08461372488812072,0.2218756445294926,0.4287764880036658,0.09294736938271375,15.725389626950129,0.7337825609823801,awake
0.05619872477239994,0.09788428216714393,0.2483511661293485,0.3889612560922229,0.08770794216112358,15.444716084484137,0.7284644130311114,awake
0.06559669536181077,0.09473804518343973,0.2263227556260603,0.396725129154368,0.08228726229788377,15.222396763633181,0.7283984783612716,awake
0.06979509596921561,0.07350527638589857,0.2514870441156425,0.37240687708881476,0.08750521234479948,15.111526269978185,0.7157968274056463,awake
0.057096609479529534,0.0753555755166177,0.2735506885481983,0.35456094941176286,0.11308529343574256,15.73415429954023,0.7262977294393153,awake
0.07473837353429591,0.06334214917742331,0.19951386801659846,0.42505547858690174,0.11189487864596384,16.416797399601744,0.7429546473797889,awake
0.05243231832148028,0.10500531536076901,0.17998552049837338,0.4423105450026676,0.10638129689490473,16.47977601025418,0.7385697483030187,awake
0.039525765447415866,0.09711265071535702,0.2100657264158166,0.4237452629777869,0.10294753423034449,16.283885632651874,0.7359404524693257,awake
0.04060262484413533,0.0647163161369818,0.1869212619721739,0.48355724498256264,0.1079609431401297,17.1850591743968,0.7395419080503705,awake
0.06512370485460693,0.06166127785741555,0.18194033203443233,0.4650875077539459,0.09873514681069559,16.78581984859329,0.7400869013508411,awake
0.059391393508954234,0.07396586322649011,0.20468111709810516,0.4287473623373403,0.10278113648748574,16.512875288051955,0.7380887989673832,awake
0.06362956143890879,0.0699083466652879,0.19115885614388006,0.43561541281243527,0.10093609143928373,16.532236689436658,0.7368745539993616,awake
0.05770880427430809,0.07073098018344771,0.20700654780529706,0.44416118037000324,0.08777095067924873,16.332454290906743,0.7346571784311008,awake
0.07269577985311741,0.07834478475267331,0.1931709348784927,0.43823520788564874,0.09283079344556627,16.080466777954197,0.7395348513133659,awake
0.057825777790063516,0.0831633014336643,0.18406131211680035,0.4384236404521084,0.09888567059758169,16.437510939217834,0.7435666833649824,awake
0.05451172608551169,0.06907472602648577,0.18350767203921203,0.4727575551810591,0.09824789180350325,17.030975089677106,0.7377918727696329,awake
0.06159469516194257,0.0808143758974863,0.17706747551905833,0.4580421719814546,0.10225750302167293,16.398736525824525,0.7436730169373438,awake
0.06748958564160604,0.10171170534486122,0.18956666717366177,0.4147910092873986,0.09677977691620522,15.69518304889335,0.7358625989741907,awake
0.05881919125632154,0.1113877509125584,0.18707889052617546,0.4241858791600353,0.09751319869031341,16.032943555696747,0.7400028073069266,awake
0.050978801066896076,0.08506280944079851,0.21051609302974386,0.4239387312974713,0.10385875926269755,16.43578258393792,0.739260534797694,awake
0.0697993599805049,0.07519300121417616,0.19811772538624084,0.4445277535211034,0.09312755345377051,16.397708414932655,0.7389278229902989,awake
0.0721465861533946,0.06020915933117118,0.175313336420626,0.48521524844183617,0.09652932162439058,17.023202548007077,0.7378464258714295,awake
0.06848998786615758,0.06628418677847439,0.19707395803576427,0.451036801320218,0.08240861420256446,16.382640213937798,0.7285224104575735,awake
0.03722671785672956,0.06711766456713458,0.22228178452792316,0.4526443921228269,0.09982954368080722,16.91403844131446,0.7288525172296536,awake
0.047000506657951156,0.04905233985702309,0.21147451085932226,0.48372338119791725,0.10376971355277731,17.44973730617482,0.733448845400607,awake
0.06686331742173957,0.07005606281929384,0.17643065442395733,0.46631957643194705,0.09382092868596105,16.41695395161351,0.7394685243820165,awake
0.04546726725919804,0.08808087841919818,0.2036677039976984,0.42977155472037104,0.11208312126225498,16.649821900816022,0.7419407300750654,awake
0.05485171401056184,0.0731902015205298,0.205739823146753,0.44572991393069156,0.10585533514741646,16.468509869452955,0.7388908354211116,awake
0.07938914180715642,0.08219406521179089,0.20647482307040618,0.40955452710682644,0.09872517393232574,15.562713319396,0.7344509498122479,awake
0.05941292357364042,0.08282113070404043,0.21426552594556925,0.4305045266855428,0.08984794726585678,15.891153192809234,0.733216526067703,awake
0.044009379300119875,0.09234151437450468,0.19600199987475886,0.43497786328073773,0.10051823452340382,16.490026215711236,0.73672295734777,awake
0.07318670221174034,0.08037058370336639,0.1830663947564593,0.42345489653130564,0.10548493676139305,16.181262795249037,0.7393328198836905,awake
0.07292961176571182,0.07055427132546128,0.2275094321988788,0.4071052145269209,0.09825431091817825,15.798258935241437,0.7324595279628829,awake
0.04860289982617515,0.06975846701699955,0.22512805911306963,0.42574220279101466,0.10279309227476584,16.709504740969805,0.7359036511476742,awake
0.04547066550119669,0.08655075871759399,0.19525265198283845,0.4286572940213606,0.11104820019636277,16.715400989245467,0.7411305344673009,awake
0.04141424847471136,0.09293853027232703,0.20348212233754137,0.44384287712307857,0.09161765402685518,16.56758437906234,0.7353144728482003,awake
0.04704916490860625,0.0807052492118458,0.1914975357409809,0.4531654351936693,0.10931237095741402,16.915218853924728,0.7419034795024202,awake
0.056016684412337994,0.11306205006443917,0.17567305248395124,0.4136783304508016,0.10576783106772294,16.17467780980011,0.7430413010142882,awake
0.04989134728422034,0.07606997485082401,0.2283557179161588,0.3951839986198022,0.11782302051143026,16.559944948864505,0.7363136200111802,awake
0.04251398872747428,0.08706033406542195,0.20327233356094282,0.4209379772734568,0.1301213691205149,16.996194201172685,0.7434797816806336,awake
0.05744685792091252,0.1077915994219582,0.16253695089790077,0.4285755232446139,0.11754671382120721,16.621485012621203,0.7445099618129118,awake
0.062173368296418695,0.10622866606737137,0.1529040422754478,0.4136758714365682,0.13761922890972955,16.849894896078876,0.750318583212338,awake
0.05269206904562724,0.1070125535775266,0.15176547105016183,0.4529512408573954,0.12042698342600627,16.904995258214182,0.7499755188075167,awake
0.07008579077242921,0.0856663913946373,0.14557777368960778,0.4832341190031969,0.10384159227521032,16.746102343183043,0.7458148626178481,awake
0.051428573669877485,0.06759401426418114,0.22735484065908113,0.43897135717653096,0.09809495407042446,16.57098767276643,0.7378238076033153,awake
0.05793810783216393,0.07638581631713076,0.18519995488233001,0.4403882862882199,0.11315494444660726,16.80622682052719,0.745792577806753,awake
0.06440950471671414,0.09224065064874419,0.15564731946291077,0.4618190719492445,0.10294586089996402,16.853258468191456,0.7452246886438055,awake
0.052429483184502884,0.08614005411309027,0.212426672854927,0.4115605409417325,0.10897333802654928,16.29364224275567,0.7411377638597771,awake
0.04986937216039514,0.09422152026542699,0.20289179611653274,0.4133339149758167,0.10579735998200036,15.936333563394141,0.7374831734399264,awake
0.04655442589499245,0.08353148555477426,0.20165438821108114,0.4534555335875991,0.10706299180732647,16.846296694343998,0.7411206544406777,awake
0.06572690984275624,0.08286783592726162,0.19918375242863684,0.42894198557270236,0.0970469384117538,16.193225793330846,0.7411590210056671,awake
0.05873365542477988,0.11745192511622174,0.19263073952848375,0.3908771166600747,0.09647434925693128,15.835061171243236,0.7357964694145004,awake
0.049607315618140725,0.11291237610071805,0.15692427520528407,0.4257647310491855,0.11499284410813766,16.539598407907324,0.7419629656192154,awake
0.06743437347735176,0.08714829796726856,0.16442852481221795,0.41916062053589187,0.10893306905959955,16.604758496125932,0.7433596936916667,awake
0.05455700805092345,0.10026979482171676,0.20363994194986113,0.4002497571415868,0.11937187958418741,16.478927935383744,0.7439533956395927,awake
0.047452304551671064,0.06809707249318292,0.220514999140479,0.4440743111953184,0.10598946035032125,16.645981092078134,0.7385311653659817,awake
0.04464846700102323,0.0738209840883215,0.189983548264726,0.4574889925888336,0.10643072571928255,16.927607531369105,0.742635800540032,awake
0.05375145169499801,0.09980471969184704,0.14560714346207201,0.46273938823397215,0.11318196663024528,17.027495295577225,0.7491981816268417,awake
0.05068521304265078,0.11396223853682547,0.1561249173490825,0.43014033873537294,0.11738666107259695,16.647605205907663,0.7495199260824169,awake
0.06612509924701894,0.10339995908089038,0.15167561990857859,0.45298590593408167,0.10102240510973802,16.266817544084006,0.7451512053011614,awake
0.07071285795635907,0.07523387517362902,0.1699683509830653,0.4601869823076055,0.09477842249236346,16.332503109967217,0.7407201260672206,awake
0.04746081939873859,0.1075089081151954,0.18070079161324787,0.4402398891918043,0.10502188258860685,16.633557546152492,0.7387882749167771,awake
0.04620261625251553,0.09764411421508404,0.22003461794450033,0.41165256419817775,0.10511059454499755,16.281548995045462,0.7383656351623183,awake
0.06183217139911622,0.08287380471378858,0.20071592521157453,0.4330775445852439,0.11060078531611409,16.5862530414576,0.7443862814612038,awake
0.06947806033880553,0.08139103056850569,0.2491425253047485,0.380922451361436,0.10725931215915126,15.80066360268083,0.7338887452941115,awake
0.3784274935001895,0.3052327119627008,0.041710491998129526,0.019251821846929598,0.002868996327315133,4.059100415068983,0.4635478340146079,sleep
0.46256462633947715,0.23578843514420905,0.04311527315059252,0.017131741839503584,0.0024244563615678327,3.6297858829632235,0.4504695805744143,sleep
0.4619078505202025,0.2422447689351207,0.045249035894167296,0.016634572762102232,0.002606614680383374,3.719768783507072,0.4420908500086812,sleep
0.5014722821157068,0.20799141470176752,0.03866531088471455,0.016857790275258442,0.003219846060041175,3.64132277393401,0.43269678421636615,sleep
0.5724661759935534,0.16295465833801953,0.0360419581843444,0.015133207701905451,0.00264334612298044,3.2788820838384845,0.41984878533869024,sleep
0.5363903320672045,0.2048877856104527,0.03529100162045423,0.014416551694631434,0.0022908008430350983,3.3608445578709514,0.4312250246065964,sleep
0.4730857218093261,0.23214782538647621,0.03755077847808294,0.013000976207204525,0.002165794284914613,3.5235806028351173,0.4303680578434278,sleep
0.4356078031266482,0.2497485182202787,0.03274331249283798,0.013222919458049558,0.002588497857654842,3.6285050386894993,0.4298089169993384,sleep
0.5790323474424075,0.17221222785792076,0.02666661562688707,0.013418818070025724,0.0027008065289150533,3.149290885760489,0.40099028737125203,sleep
0.5350759110796259,0.19203730122259624,0.030748955225300613,0.013913747100985936,0.0020183958824188833,3.377984073683358,0.4136638883304916,sleep
0.49826176714304193,0.20020309858313926,0.030232868592520397,0.015171265802214893,0.0022187381067524507,3.5404639355390164,0.4118596145651083,sleep
0.43417068770542716,0.23729342513754834,0.04131825258077388,0.017414824469485307,0.0031881388125446497,3.769432421462544,0.44138068494905314,sleep
0.5571966015439572,0.19331426130031887,0.03889900323944372,0.01728767130125467,0.0035070538564505598,3.4647995445117066,0.4254589549075883,sleep
0.5454767272966722,0.20713746195925126,0.03380314463569568,0.017154122893914183,0.0037847276201089294,3.436995557603543,0.42671617750047314,sleep
0.46079549209161824,0.25915504188090926,0.03573491038972274,0.01234336505990465,0.0023138450925183005,3.6122668445916686,0.4374266411831407,sleep
0.43322911580906814,0.26862536756800276,0.04278598020476923,0.014751016038380653,0.0025298303890594707,3.8179011955244997,0.44979356800970577,sleep
0.5518253149321474,0.20035412252914772,0.035342104367045414,0.014213516208120681,0.0026588974119100923,3.2511949351425873,0.42895996311307866,sleep
0.5524583123190484,0.20070419397883663,0.03546503840741834,0.013499581224770825,0.002290029183116314,3.289253870754741,0.41981265308227234,sleep
0.45830503682069507,0.24052423008018903,0.03990679298185726,0.017902474606585558,0.0024816648368475016,3.7227421065620394,0.437769189198987,sleep
0.3575915419475508,0.3223622041480783,0.04256169780846968,0.016628605251222135,0.0029209694799229367,4.0010609849888725,0.4562602656073717,sleep
0.4324976669526995,0.27652667068741354,0.04182589711534438,0.01688994818056116,0.003451854483946693,3.789906240216066,0.4572976678872436,sleep
0.5039767832608378,0.21680497217806471,0.04440704389110763,0.018407310715265343,0.0032991004890781765,3.5442233428058727,0.4468662977821233,sleep
0.48470407800664095,0.230079303764329,0.0410567883648843,0.015359341387629526,0.0028250372863700777,3.4334166053341497,0.4400437509116299,sleep
0.4579005101585685,0.23623929730834367,0.05351898519440962,0.015321055510284754,0.0025036133306024803,3.836390847182187,0.45095885047433487,sleep
0.470433012452239,0.23688288871609414,0.048665608655507314,0.014887322443200145,0.0022052991190494547,3.745515407109864,0.44735152058537136,sleep
0.511172549643851,0.21534260523120122,0.041801454454388584,0.015770748818176968,0.0026607029268060044,3.58064185286006,0.4402032180662585,sleep
0.5057007639877389,0.22805761997456708,0.040930331592727076,0.016639632310657956,0.0025556577455547454,3.4089230736353864,0.4388747219509591,sleep
0.5308246794575938,0.18890848642144895,0.032000426438472916,0.014335649182965003,0.0024840922597097297,3.3046326498898635,0.42150435794842034,sleep
0.5553869773882795,0.15408714242039456,0.03922874157328764,0.012565059056950231,0.0020411435872627662,3.3023820502534535,0.41770217018043143,sleep
0.5025506476984182,0.21812333925139502,0.03526925115104227,0.012089808358057244,0.0021855201253552286,3.3367084222538095,0.43105786293809795,sleep
0.44713309511163324,0.253660853399008,0.061194979584682556,0.01763184301715778,0.0027904769537598372,3.719148346518449,0.4618076462096371,sleep
0.5341797232283919,0.2136883487171078,0.04834583895876519,0.01413714139976759,0.0028427427774060363,3.3356047785236864,0.43578039962832493,sleep
0.5118825944226549,0.21663576614606647,0.03864068930015936,0.011096614772863422,0.0022046192681114815,3.2880500329732127,0.4305741897935311,sleep
0.45664540259925435,0.2525442516809338,0.03759671147151719,0.013170194578144865,0.0023758825751062237,3.6268461284015716,0.44582351651793495,sleep
0.49273487274208266,0.2146683157990572,0.04591337427415018,0.015946825493596356,0.0027859053826440167,3.66236592846903,0.4437778235212647,sleep
0.4830321477946046,0.24750678986769376,0.0359065076663774,0.015405527940932754,0.0022262518119352207,3.5663811792758198,0.43901764741892824,sleep
0.4763538664124933,0.2394778596768899,0.026784973027333524,0.012084251315806767,0.0025020353972861242,3.4907171649023647,0.4300186935101066,sleep
0.44234955220978495,0.2305898723721111,0.03614554323025177,0.015309361970493105,0.0033433786133556633,3.580531544023154,0.4383140812742177,sleep
0.48574043468222294,0.20015642845155865,0.0413147580761491,0.015465912619682897,0.003039430323116966,3.5541809029293443,0.43521636167072036,sleep
0.44194366117374323,0.23853257350128276,0.04988962782007904,0.018980157969243985,0.0029379876802544283,3.8267602044287807,0.45366954476714166,sleep
0.46262177361143214,0.23351006075398703,0.03677251584895845,0.01564561184421999,0.0025094704144205293,3.6496218518768977,0.4295365699160437,sleep
0.47736574608839016,0.2160177857182469,0.03150906617102269,0.018284081502500105,0.00309849214240402,3.591897798777885,0.4333418549117756,sleep
0.5138663124998554,0.2193851098773661,0.03706690789505092,0.016989913350393522,0.002521508688353068,3.3969078948342704,0.43707025096687885,sleep
0.5557833811104251,0.1908947296626124,0.049201075034936335,0.01606248922289683,0.0029830966735523443,3.3278164236835646,0.4280430622667218,sleep
0.5066219189881792,0.23368580830449473,0.051825355581524485,0.021034944735027098,0.003109383863818741,3.6010483900135877,0.4487550432245944,sleep
0.45293697652812764,0.26542359452483727,0.03842348619192253,0.017041247199403125,0.0022699176429920205,3.6202627396522082,0.4483765362502758,sleep
0.40115596033733175,0.2716256179583114,0.0367447632947855,0.014125265804002609,0.0023688454727592884,3.94146211649753,0.43877392137699733,sleep
0.40548093123446927,0.2751193686247564,0.05922377707937893,0.015405084347489937,0.0024574213041359174,3.8560522965892416,0.46689554617272794,sleep
0.45216726585472405,0.2319044346302355,0.04881758832030276,0.01702348459655083,0.003514928904520956,3.7428147279828248,0.45338335756020864,sleep
0.4520314526524647,0.22615130951178763,0.04735921706623706,0.02063259219721253,0.003168937151859774,3.721906899836897,0.4566889674894106,sleep
0.4739669634960115,0.236709978172331,0.05155694513723132,0.018721410091170496,0.002605112993706,3.591556452651379,0.45327857266839067,sleep
0.4486736265371987,0.25711863055603684,0.03569191527170955,0.01759591518117852,0.00281691695412414,3.693806776438798,0.4480460803900099,sleep
0.45387723065215546,0.2506349166922473,0.05000736785033346,0.020313609441049093,0.003749057635151427,3.88566967407576,0.46522292014485994,sleep
0.458039773699875,0.24303176676512686,0.05473292900148333,0.019177722921732993,0.003618657267010832,3.8729750363752924,0.46220750323605914,sleep
0.4851451832278437,0.23406622119637294,0.04055256695441612,0.016690596741698423,0.0028569727244269457,3.547769336528133,0.44862677813646634,sleep
0.5227615233097338,0.21038434550186821,0.029764677505223908,0.014871570929369209,0.00196629760904233,3.2799281040579076,0.42879435282778666,sleep
0.5317006524733447,0.1918666763664234,0.041035051230706374,0.01496541859093912,0.0022792617671520835,3.4047192867893035,0.4290697065186592,sleep
0.4742623573423031,0.22903912579212296,0.04196543390902775,0.01494287690431963,0.002500437571920204,3.616537246971554,0.4433268632814232,sleep
0.42090779288273716,0.2764966468345641,0.029488196664569675,0.014888881548051295,0.0023553232362694214,3.642118457302617,0.4460899616922857,sleep
0.48883531732330043,0.18560575067675042,0.028504253275955953,0.011006233883444058,0.0025265946906147933,3.439539642157514,0.40341655062099385,sleep
0.48984559434026764,0.20696521211579894,0.03544303292586241,0.014206287219709294,0.0030832873261841783,3.46661862343694,0.43189217070193925,sleep
0.5114310600571303,0.19622688677085315,0.03561900708033102,0.015212706152823649,0.0029221473356560125,3.3962998870360326,0.43279331924728165,sleep
0.49141066956256463,0.20369175050062466,0.04502753863541779,0.012712849680249307,0.0027292481682868307,3.456344277327272,0.4341395964028206,sleep
0.6032257614530804,0.1640530238541146,0.030909877067338845,0.010751146258415407,0.0022699696206721753,2.982633261620898,0.4046621953988572,sleep
0.5802467681127963,0.16929563106824813,0.04093975586218346,0.013315311366195737,0.0028494391793651096,3.247891032853547,0.4221409632030955,sleep
0.45737176242419675,0.2469019406903155,0.06486171651489846,0.019203625900152035,0.0031532011244071604,3.8413205111582918,0.4649656348330925,sleep
0.5028957997399786,0.22804624613744104,0.033760383879324285,0.01516757551423067,0.0023918079046263184,3.471059639755971,0.43428630821497394,sleep
0.5184470228800612,0.20294471385096752,0.029090400991826287,0.01441787882790873,0.0026023303793163153,3.2879181603884864,0.4266176857876383,sleep
0.44952011713577567,0.2264948253786742,0.03221362156190116,0.012645890846531197,0.0024215877888623515,3.3330154533700784,0.4221989002277097,sleep
0.48972521303002314,0.19767252113579947,0.035145654729498876,0.011642392009666516,0.0020726265426361766,3.294739552810073,0.41755729815401343,sleep
0.5213810468514873,0.16574979610396443,0.036146384200370585,0.010707370796230051,0.0018010126388246545,3.206712328881368,0.4193451281386032,sleep
0.5313905867211732,0.16020420903916183,0.033717829135433496,0.009162198483012756,0.0016271600657964819,3.2593270857475662,0.40858855206639494,sleep
0.4520328132635413,0.24977236586363838,0.043660268319676135,0.014067805434123858,0.002668868302962385,3.722801068915843,0.44836093964050694,sleep
0.4621540760646854,0.23223635065225176,0.03349246124437332,0.013618710457682206,0.00257086728871655,3.596332207910163,0.43626619039636594,sleep
0.47884890639010413,0.21908582091843773,0.02384399247404294,0.011910080721542454,0.0023337069172744045,3.373619974364433,0.4143367894006932,sleep
0.45192341701378713,0.251138707817145,0.02733551321131861,0.013151962688376784,0.0023060530037523168,3.461603337645403,0.42091318037110603,sleep
0.46710521731484095,0.2542717873144953,0.028703946844933936,0.015076961032114361,0.0025892780924765785,3.455942962039698,0.42844812174018293,sleep
0.46829536880603356,0.21296917349165462,0.02302288484646026,0.01141608004285166,0.001987440381138676,3.4345083634600253,0.40924038448803696,sleep
0.47258347037446197,0.22424261525660377,0.04153298136450864,0.011474160774396738,0.0026133397912554454,3.526272404245719,0.4383415060554318,sleep
0.5058240974999352,0.22690379349863643,0.03866716634198338,0.011755100610389433,0.002272173341826928,3.3066555327947054,0.4309446783115753,sleep
0.5897425367951042,0.17514666031274878,0.02256856440058248,0.010951434394796669,0.0019266079664693341,2.9662089382180805,0.3999028889171166,sleep
0.5169967396421826,0.21342201028647123,0.028902920501381164,0.013338996138968376,0.002471298650077888,3.3703220552778532,0.4212001401034811,sleep
0.47853773726119886,0.20926980379417157,0.03624187019462194,0.014344379407889515,0.002123487294309486,3.485336556825821,0.43057617477047416,sleep
0.5074328927257201,0.19836550316310952,0.03729471968530451,0.01310192090913902,0.0020595565342160127,3.3834201234507226,0.42391506767551335,sleep
0.5330391208559658,0.1870886870767721,0.03014054618756175,0.01252937617481143,0.0024700829109530753,3.373668293052432,0.41925711210774563,sleep
0.4676000011148925,0.24648432987651303,0.024026656683145638,0.012694595244306469,0.0020498456301710406,3.463617384237828,0.42224323019581517,sleep
0.4858991322492771,0.21084920230778298,0.02695837306832892,0.01035487148189074,0.0016220803055273956,3.4382384824693495,0.4131268399445703,sleep
0.47594853378902796,0.22619926838821627,0.033965099548957114,0.010533443772310788,0.001806212784137197,3.5272909908629098,0.42784474355033575,sleep
0.4681156922471921,0.22841526450172905,0.04103568294262291,0.014802150987916507,0.0030741211715671936,3.6050715485260647,0.43707982933099293,sleep
0.5173223197055776,0.21955733726536017,0.031180188742696437,0.017395357963349796,0.003328208467342576,3.4895172500494125,0.4309291296409354,sleep
0.4790926877759351,0.24035202387060423,0.042334530685247285,0.01401358296991647,0.002901834434888671,3.5559120932755293,0.43978168879365265,sleep
0.5019365939888695,0.2096240244145899,0.04137378010773331,0.010960549609865766,0.0022735629180207955,3.4841890528515136,0.42897192603159234,sleep
0.4724315608949451,0.2455134341410892,0.03451597282888385,0.01129913584195051,0.002218064491678651,3.6798971800200344,0.4317583183995912,sleep
0.4749752208823961,0.2528407390614762,0.03327854544268068,0.010645324963219094,0.0020769234161311417,3.4311782681550893,0.43712125296468207,sleep
0.40437483742236463,0.27010572880709177,0.04384260287703927,0.014000901788541872,0.002807082843316293,3.72912064383649,0.45054036046582036,sleep
0.5147263489683946,0.2122473604410397,0.030970861528674457,0.012698335600741068,0.0021808155947484155,3.2786911057290666,0.426119714918764,sleep
0.5334840474929355,0.19012003347430503,0.02702348237345882,0.012043738863344929,0.00226318204758011,3.1184583625794327,0.4124611072200929,sleep
0.5080256547627763,0.23300826441347278,0.03436438519891893,0.01418359505733467,0.0020260476679508205,3.3731197395495194,0.42913943532268495,sleep
0.5063309747500896,0.2318660376690026,0.028155069302834873,0.012631023543365167,0.0024472905398231506,3.3539195312954213,0.42150607015170694,sleep
0.5208428859923373,0.1972860017690808,0.028555348733999154,0.011118619314107955,0.0024467123275517936,3.302113986855971,0.41155941584934674,sleep
0.48864976133465393,0.2194216788323892,0.024766728739748195,0.011296876724322372,0.0023504660188228433,3.403044936342713,0.4170523637035016,sleep
0.5154441546410214,0.18688554664949888,0.03313169084613365,0.012741417522379124,0.0025872362192799485,3.341157065484487,0.4150184163420905,sleep
0.42084230210998685,0.2581025841541363,0.03495940290651246,0.014121468582300801,0.0019785130313054065,3.5204023170347805,0.42845678868626774,sleep
0.4462847206233005,0.23313381835421484,0.04399919620466059,0.015628294828034437,0.0025517104409142743,3.614866186164115,0.442572538237332,sleep
0.431766054096612,0.22399852795277161,0.047622505679517424,0.013317454770746301,0.002316894970656236,3.58502574632855,0.43815097274527365,sleep
0.4771005749121885,0.23306617617504652,0.02868796810903431,0.010983258142937411,0.0022554015598819574,3.3468417054056636,0.42636384782609116,sleep
0.5433217847293768,0.20360371776621347,0.027504909002587653,0.00985827334707732,0.0016382289583222662,3.161511744063162,0.4086804657827738,sleep
0.5584223659971932,0.1881031977221359,0.031577971887993626,0.011272591794046185,0.002244058658345247,3.139197732608056,0.4211471063912545,sleep
0.5346727839258254,0.18641453601713195,0.028233623301893603,0.010804197404912326,0.0026233525402374783,3.1016373939689657,0.4163199938270847,sleep
0.474850402529989,0.23272247516429306,0.030950047668560174,0.013604830976035561,0.002671695640332096,3.522736606348842,0.4324662126813519,sleep
0.5137568466185336,0.1850815671010408,0.03173134786550004,0.010396616173933997,0.001821546952672509,3.247133760261845,0.4059968461323665,sleep
0.5209752832844688,0.17932936339282038,0.038809498548224776,0.011963577338652,0.0021682733942132173,3.0966220611828534,0.4098802489628895,sleep
0.4963412779859553,0.24944569450122403,0.03499044710694816,0.014691298644213216,0.0032929317183669846,3.236740108738561,0.432992463387121,sleep
0.46404215660653536,0.28954040829874805,0.027226826412601098,0.01341983047336399,0.002474864546140224,3.479797838418774,0.4398929842170915,sleep
0.5143351870559301,0.21985600551529924,0.02730312749599623,0.010240152713023754,0.001619001867121174,3.1850649381939826,0.42204080327440335,sleep
0.5291117544367913,0.18272449307132752,0.026417083181867675,0.010832462394521842,0.0018954337477621404,3.195059318086624,0.40686274889374563,sleep
0.5390313101887774,0.18284950407118292,0.032582115752717196,0.015726507132024066,0.0028595423577486316,3.2410211407541047,0.42151501467852065,sleep
0.5140965846911535,0.2309355629752087,0.03512577339890148,0.016261554984778034,0.002464254073541527,3.3029299783335753,0.43693641561931684,sleep
0.4881613749776347,0.2112357174488566,0.023785809432799204,0.009899537392916224,0.0012335805497369916,3.170070710510061,0.4015422044579161,anesthesia
0.5265613341645071,0.19857223763158774,0.02017392345726271,0.008592227883308014,0.0013211683043496544,2.9829739928140477,0.3996598583845217,anesthesia
0.5663512337597818,0.14577327753876798,0.019508206847355384,0.007472554898623829,0.001232216632991111,2.9006070790958636,0.3793579613109128,anesthesia
0.5747878745101808,0.1510177416379141,0.017558516120233868,0.007032817398802262,0.0007116651143719059,2.730513697079339,0.38063851501265683,anesthesia
0.5917985024365311,0.16648368164157468,0.01729132543932705,0.007830543071165314,0.0009501418059850139,2.682857021329832,0.37962287272791106,anesthesia
0.632244677437588,0.14726338848099435,0.016943687196186618,0.006989113399871892,0.000951500460374981,2.707081833655484,0.37057306358759495,anesthesia
0.58543674758864,0.14935518878371842,0.013446383864640575,0.00613644131342779,0.0008289978278601664,2.882634857275764,0.3662824384299169,anesthesia
0.59381623545293,0.15810210110426368,0.017245200406681243,0.006243666153282821,0.0008650108432975075,2.7843073027799896,0.3838213155427304,anesthesia
0.6134962998805595,0.1596115923131346,0.024206809630732247,0.007835373079388088,0.0010361163043443116,2.7718403436877543,0.39009907039416214,anesthesia
0.5932553094177591,0.1617779183474844,0.018311746876732975,0.007510357003865435,0.0009854897691970786,2.8671324411513344,0.38085143705970415,anesthesia
0.5845082251838094,0.140155218834622,0.01984724037709248,0.007515960455136991,0.0010983520781525688,2.925536503727454,0.3773445003465331,anesthesia
0.5069046293083709,0.216604106292563,0.018473973779506922,0.006027792701665685,0.0010751071213910717,2.9924072945124838,0.3885140172420652,anesthesia
0.46571749993768163,0.2418587147290345,0.015565045923869874,0.006739444199618226,0.0012200687901382662,3.1483057409792012,0.38811613468073664,anesthesia
0.47988749886546544,0.24584776610274983,0.01551328202437817,0.005466208960715435,0.0011455147288778134,3.037544208530796,0.39637465923098913,anesthesia
0.5272547016917528,0.18427789751045645,0.014338144280772572,0.006466203727378561,0.0010272694395994707,3.0370739475964137,0.382690238337496,anesthesia
0.5132759448211905,0.19558729796828883,0.023313539548818943,0.00822053996513545,0.0012199279285149028,3.1583215243300096,0.40256390663200914,anesthesia
0.5268786671568296,0.20009810153242416,0.02147810534032217,0.007089712061785073,0.0009721389305445023,3.047885703714578,0.39648966279308334,anesthesia
0.534993687852733,0.18178103842175192,0.020165947512941734,0.005050445398997235,0.0009196366735227111,2.880365033797399,0.38617805692159135,anesthesia
0.6466376761304492,0.1607785661617423,0.01991004848072399,0.006827778798783174,0.0011221297744092643,2.5605112925566718,0.3803640272166463,anesthesia
0.4801271512076786,0.2385261432048404,0.018129220412267978,0.008856934581710557,0.0010630969781399568,3.1076526151038055,0.4018360547372369,anesthesia
0.4456169074339305,0.24339181608444124,0.012350693679670422,0.006848766034209172,0.0007802683636572004,3.2242306268103547,0.38315687675447163,anesthesia
0.514680015868334,0.20204791844166523,0.02089525010320674,0.008105450958068024,0.0010047089050731837,3.090217422553588,0.3908033935589092,anesthesia
0.5453302014474938,0.17090621922336127,0.016251124250289878,0.005617099642737894,0.0008113356306099815,2.9240477529657265,0.3776913214192788,anesthesia
0.6101722181785427,0.16483827251599575,0.012826103207829008,0.005308232686883927,0.000863032521303271,2.7199586208677915,0.3733394595054134,anesthesia
0.5007735440356547,0.22946281979358438,0.019230545674398067,0.007002937139963189,0.0011199436708828488,2.99549558074591,0.4083339303244679,anesthesia
0.5515134682060925,0.17979907611043866,0.02318520079386863,0.008706633174301417,0.001444437248595806,2.9397268742908738,0.39959826723726066,anesthesia
0.6725515357268333,0.12065632790044752,0.014448423976812752,0.005104352896443425,0.0009172023083042146,2.5156836825161277,0.35983627649540884,anesthesia
0.6494865381229835,0.14931853917137827,0.020886410764467813,0.00894274742463689,0.0012998295568023921,2.601508367834954,0.37612183488815076,anesthesia
0.5949078382905045,0.13373037578000668,0.01633085147664736,0.008324139815258785,0.0010941277990307728,2.9718167352653775,0.3660254449744134,anesthesia
0.5351202486560918,0.19658659057089206,0.013895519794321425,0.0056755379621646175,0.0008598467535344489,3.051429476884554,0.37513051968672634,anesthesia
0.46681697886944695,0.23943204314438968,0.01963168091805499,0.007001759661889547,0.0011505417001923524,3.1756167342801587,0.40020011506858105,anesthesia
0.5819085520341439,0.16049905103232298,0.03182884916569211,0.010714249459169002,0.0012434477351280834,2.855339006088158,0.402627304551275,anesthesia
0.6210727752745824,0.15474782375417107,0.028189431379573818,0.008645039798101665,0.0009838623504033457,2.807408140703279,0.38856372293547203,anesthesia
0.5950437693518983,0.16011343344087992,0.016864033818034543,0.006857202642993237,0.0010126169003163723,2.8261505041242665,0.37906666859332405,anesthesia
0.5895618057694426,0.17718787832137348,0.019576601784023616,0.006661895642766923,0.0010095042284341566,2.7511757734861955,0.3836642301825655,anesthesia
0.5676565367150994,0.16268289594175983,0.023406975663948875,0.006657857199598819,0.0012688216182077275,2.8059653043554746,0.38831453822757084,anesthesia
0.6507695664120466,0.11440853993537586,0.01275420837611565,0.0056149089738650165,0.0008427085834103336,2.644740962507895,0.3527430654422701,anesthesia
0.5750864534029768,0.1602346888043262,0.022219043071508456,0.006722287494133078,0.0010609099428906565,2.757318031273817,0.38798604081022814,anesthesia
0.5300336258655652,0.18446110820453918,0.019605936268195547,0.006811377270264646,0.0008938190577164493,2.8486431189567165,0.39411747766873617,anesthesia
0.5608910013813527,0.1745590085907852,0.017906481301489682,0.007091619275632971,0.0011416049311253344,2.8795428549751,0.38869682049688203,anesthesia
0.5606550556678523,0.1880538289993255,0.019573338962238344,0.007253929689704533,0.001076997296834115,2.953320329501462,0.3926251178628539,anesthesia
0.6254823214129318,0.13848833267702687,0.016769370157742103,0.006800685743997466,0.0009684350221246981,2.754762803562842,0.37685252091043636,anesthesia
0.5740857918138604,0.15955229515059402,0.020778470748014397,0.007813056447856799,0.0011526694281896977,2.9481708603978145,0.3839188805761108,anesthesia
0.5677309578051564,0.1745127056838934,0.021093659258549214,0.00775937819510358,0.001064436006485771,3.009560068747226,0.3875055912166543,anesthesia
0.5525768911154053,0.19012139490461147,0.013501701868191305,0.007889773744863545,0.0007708105168260042,2.7623218246408396,0.3876235167767713,anesthesia
0.5307880611363437,0.18124309966059507,0.0188499293492956,0.008040288675978597,0.0009281978344469529,2.8559583912728472,0.3891612064644133,anesthesia
0.5826812926863153,0.14254711557448982,0.016626896270583596,0.006343699329165915,0.0008230452763006012,2.8936836951605334,0.3649936183563884,anesthesia
0.6203184226155141,0.12288259934737585,0.018319046877230953,0.005787853173545427,0.0007974979850518675,2.7222331968301026,0.36732090229306785,anesthesia
0.636483845177709,0.14756733764374466,0.017858694312085553,0.007062234799060657,0.0010578353646318688,2.5068250277668396,0.37486140917971156,anesthesia
0.5559107129747469,0.17388705248701034,0.01641052048656295,0.007386093409063813,0.00128884943843109,2.852357637245433,0.37783786449110834,anesthesia
0.5136489869506677,0.183768720564915,0.016354277679539515,0.006056524477426129,0.0009024953523768233,2.977251310965007,0.37283535228084136,anesthesia
0.5818454415170133,0.15774046641392253,0.018482338270804803,0.006893418999850254,0.000849757381452803,2.938807994951777,0.3737117791168213,anesthesia
0.5760241693837386,0.15978457372732782,0.021391825552744208,0.0068767120267697645,0.0009491562869909986,2.8587761712297377,0.39125206239248395,anesthesia
0.61174291971867,0.12394984792382824,0.015171744991151424,0.006710615530135092,0.000770585474427482,2.730158117371146,0.3740202484509034,anesthesia
0.5506012102270297,0.18694532666782337,0.028324497010101354,0.008789854600286374,0.0012285142819159214,3.0109152388514517,0.40197537714484194,anesthesia
0.5570470995894343,0.17400525544545914,0.02600396248077605,0.00883865309725326,0.0010755507509009551,2.9293353669692213,0.3977169450037252,anesthesia
0.5330610467027886,0.1615321057245571,0.02478383617618284,0.008187171559023456,0.0011319823349090995,3.131196756111845,0.3884901813377063,anesthesia
0.5739350025403346,0.17934802632406496,0.017217707721646075,0.007544940607909146,0.0010849569676787442,2.9549584473210437,0.38413625726916234,anesthesia
0.5996302726799949,0.16231634235399464,0.018188746439350905,0.00606646566170077,0.0009036138068534943,2.7537677325515255,0.38271592832661044,anesthesia
0.5023485674616652,0.21008255618266442,0.017572037239587775,0.007316127287922323,0.0011218412486187243,3.1218198278913256,0.389680677723796,anesthesia
0.549272052924357,0.17247123418931998,0.019082168696841182,0.006822042648009743,0.0009477842053361135,2.9338321016257063,0.38589776027226286,anesthesia
0.5741111051468625,0.168181590790212,0.021272982985829792,0.006967529711251591,0.00113781878573379,2.741695550644986,0.3968270986349772,anesthesia
0.5126164818587493,0.19690902595840792,0.02279285758307369,0.009710805550416495,0.0013984124067348749,2.9388826023962413,0.4051362686811782,anesthesia
0.5630335443535815,0.18796197041947257,0.021918878327480785,0.009677861153689005,0.0016092470657190334,3.008792780133432,0.3953948668665619,anesthesia
0.5756206893701022,0.17138671396547325,0.021056211045572655,0.00787772403253273,0.0013585434647104167,2.9061070435291874,0.38848616475349323,anesthesia
0.5668435193879505,0.16540731884139045,0.021239936717734092,0.008531783645672806,0.0011421334258458113,2.9034007263404424,0.38988069939763226,anesthesia
0.5858688825792232,0.16258586451629475,0.022617789003509692,0.008414778779377012,0.0011590353165799264,2.870916286966457,0.3912521270834178,anesthesia
0.56198625449766,0.18497374340370798,0.01795999794009613,0.008302303284077639,0.0011251678569308156,2.8691491290957694,0.39781968132088386,anesthesia
0.5684413162513321,0.17460682553524606,0.016159607738239618,0.007320097432556029,0.0010141484197676185,2.8942018003321666,0.3874514477319434,anesthesia
0.5860670914057079,0.15984510314330305,0.01600421717147161,0.0064782585644468545,0.0009964540070079805,2.9139952785107917,0.3771363419286944,anesthesia
0.5940511339022639,0.15746729477280347,0.016879535065603985,0.0060697143329595795,0.0008459622730557736,2.818374481879385,0.3815148704025537,anesthesia
0.6699455620299397,0.0966924227675353,0.013072432718183556,0.004945213788923303,0.0007482705272338861,2.595941760314225,0.35100153199713496,anesthesia
0.5940517534237055,0.1516834677799622,0.017386952330605627,0.005973701498733186,0.0008844831946693844,2.87429538749694,0.37557055919430676,anesthesia
0.5290919781692526,0.18529760373626666,0.030645051372622113,0.007013163210089377,0.001085250785905871,3.191355698015937,0.403422661097366,anesthesia
0.5871096654153319,0.15570441916252178,0.025695403840268173,0.007500590390360075,0.0010883673802171115,2.8786251813542605,0.39456882897439743,anesthesia
0.5967436920686066,0.15868397131083375,0.019808909747691283,0.007402686240074441,0.0009250545521041432,2.7903479227840027,0.3889135708508847,anesthesia
0.5597265682662689,0.1718585471758799,0.01999339690226365,0.007345353713325564,0.0010796266812873076,2.8322133633380315,0.39006989993232183,anesthesia
0.5403731505539014,0.1750599922393296,0.022834143436808195,0.0074215646114344875,0.0010265205150328744,3.0668734638293595,0.39410120243398994,anesthesia
0.5135908647762009,0.20630616847773428,0.024351998657822074,0.008273525530741893,0.0012397613908718868,3.1921331203611727,0.4066102203158723,anesthesia
0.5504613059936356,0.16362260813907833,0.02366085306729182,0.009608111680317255,0.0015299790689712249,3.062936077922144,0.39683287027124947,anesthesia
0.543777526367789,0.1866820183909395,0.020803440822627632,0.007471908070429086,0.0010291428966321234,3.0290952087610346,0.4011834697878215,anesthesia
0.5373102914433401,0.18426747557103562,0.016231397806865836,0.006595822095747154,0.001138699776414364,2.921783821650206,0.391392144460199,anesthesia
0.5857015531298606,0.15588785040774483,0.01992846841460057,0.007620380589735536,0.0011966023589694656,2.8897940880904534,0.3881716008160793,anesthesia
0.5293048336015777,0.18470837558690362,0.022248814031908894,0.008464346601375279,0.0011656887027696127,3.03629202693865,0.39626739301990827,anesthesia
0.48318811184726473,0.2375980158783464,0.019662045671213272,0.008754491942259503,0.0013094921403987798,3.241629023329068,0.39980938495593,anesthesia
0.47823820492448843,0.2040701108210946,0.02039245755556707,0.007919452034705824,0.0012339994581341727,3.2113389933939875,0.39147988928158944,anesthesia
0.4807579730685207,0.20040480483498244,0.02004994501392773,0.006625310910876844,0.0009200482921661486,3.1101583154217614,0.39011133301806583,anesthesia
0.5343216942498146,0.18486591899064658,0.019095438405242787,0.006175897273189718,0.0009740506082356609,2.9765450776460938,0.3903161935287466,anesthesia
0.5766871451427882,0.1642353030512945,0.019366528677324888,0.006148508206103193,0.001108706423853481,2.850791998720798,0.3851957430927637,anesthesia
0.5061255715866596,0.2058788944515727,0.01813935038380675,0.007929757943607101,0.0012811872222249065,3.150479594958285,0.3935495774197755,anesthesia
0.5316398430858216,0.1890061921978553,0.017977511509810543,0.00738763030671301,0.0011573539003863927,3.0312120032328425,0.386264908633783,anesthesia
0.5096513690768862,0.2000233129267885,0.018933992284258305,0.007695992832286519,0.0011269444285215019,3.0851741582818106,0.3976173780546584,anesthesia
0.5078198750619835,0.20157350119110018,0.02445928594762979,0.008333708775452118,0.0012964554642335743,3.195013081513915,0.3984433670097459,anesthesia
0.5292945787651476,0.20519238634192435,0.016419699233383638,0.0068187652441436646,0.0011438936366782958,2.9619995740078724,0.3883194322080579,anesthesia
0.4992305007006401,0.2118120784960532,0.015731623624175736,0.006768342197297458,0.001171026524124673,3.0852705050507847,0.38584389910435973,anesthesia
0.5855134119516554,0.17287261630452486,0.022992712324189445,0.007374339513676772,0.001161046400035727,2.828180879661562,0.39490369201139425,anesthesia
0.5953184436452386,0.15201673523433049,0.01546896180262436,0.005025700336362302,0.0009823832903321685,2.883514793373737,0.37009797501281155,anesthesia
0.606455509554634,0.14858990365942462,0.01305553967469098,0.005910585392392598,0.001021764211917311,2.77493056770096,0.36788991147508343,anesthesia
0.5331342494484231,0.2061736169865028,0.024251004464665493,0.0068182188497928654,0.001121107264348917,2.962209957177268,0.40040778115162223,anesthesia
0.4997613788649041,0.20697079839577184,0.02325900681084314,0.006105392385646577,0.0011135649716791903,3.075170488999371,0.40180547400757144,anesthesia
0.5417480948400064,0.17807250198581726,0.01922807537598004,0.0064651494812797,0.0011836151286141502,3.128559940238247,0.3872721013806372,anesthesia
0.5494578010688523,0.1676269511291862,0.01818421116883673,0.00617775195881864,0.0009148190107629926,3.1024102306697228,0.38197145041587327,anesthesia
0.574001378118735,0.1562600113087236,0.016708080090786767,0.005784035469988105,0.000900719265188571,2.9216405440350615,0.37321200354773376,anesthesia
0.5763475284606326,0.19061987086910434,0.01959076684472444,0.008550954094478768,0.0012857355158893728,2.855539733216247,0.39324457442996824,anesthesia
0.47484040795566523,0.22349604938393294,0.021148275685946013,0.008911489891455942,0.0012146225635394096,3.1585892630133996,0.399194272810328,anesthesia
0.5406431215342524,0.19546814452035416,0.0177223669719114,0.007779732678851255,0.001089685618338994,3.035962167121694,0.3905577854413517,anesthesia
0.5174381491554384,0.1973059928186341,0.020521997167946518,0.007741194552465726,0.001082316714765465,3.158778438804259,0.3964024163790949,anesthesia
0.5956042981464379,0.152603505067244,0.021239605999602427,0.007573406063285395,0.0009341771153669113,2.808526200779583,0.39191116795241804,anesthesia
0.559166493318219,0.1762327179536464,0.026974827602658583,0.00771506253597359,0.001502570561996666,2.97658206601239,0.40356091057189963,anesthesia
0.5432230328950832,0.17996224443223574,0.028410557671052692,0.009199026951571118,0.0017743444276967248,3.1370032772970835,0.40723509614416575,anesthesia
0.5229515848438845,0.20309192221492386,0.018570892198559796,0.008234022921286537,0.0010372645083448742,2.9733254541609275,0.4013890597376222,anesthesia
0.5448008302165182,0.178557220764627,0.021838851129541197,0.006142820703253251,0.0009837072915647356,2.960302125555362,0.39294148149718183,anesthesia
0.5723094785470816,0.1828776197337604,0.019466248028576678,0.0056253929652198015,0.0008231581273091555,2.8509212736717986,0.3936055435281899,anesthesia
0.6453020572215986,0.1376518315618963,0.016166477069196147,0.004823865125243763,0.0007173550742276755,2.6684239418079865,0.37208909757048647,anesthesia
0.64208900786892,0.13659753237243716,0.01939717114735145,0.006039564383873353,0.0009111117464721285,2.7339391455218016,0.3740345372240444,anesthesia
0.5230723089822235,0.19603197722927088,0.017909777937211116,0.007003219242446073,0.0010853541645988443,3.0946062527864533,0.38887021270197336,anesthesia
0.543807897272596,0.18015883876703873,0.014117867503340497,0.0060159897428750594,0.0009142226447571526,2.8953404931365982,0.3794450254519897,anesthesia
0.542371481775679,0.17988348657501504,0.024358106393833574,0.007134656557111414,0.0011364546016862796,2.997763671348881,0.39161020703781996,anesthesia
0.050048074821874726,0.08781093846498955,0.2124450595560273,0.37495543940756926,0.13179791505109859,16.670722442246024,0.7408044457682139,awake
0.05970509759673858,0.07310073301406292,0.195629938446785,0.42158701894539524,0.13487371776034648,17.265555633002474,0.7518018646599524,awake
0.05480459266802557,0.06842609874131694,0.20342767330627226,0.43933505818880075,0.10140847260864182,16.661127932184563,0.7396324950894576,awake
0.0486069257537382,0.07811091449325065,0.21129071585069203,0.42198471275151384,0.10039392219126887,16.34060038561191,0.736020849893995,awake
0.05210094604771814,0.08988699110590298,0.20864948179589574,0.41242772792507587,0.09994034453850582,16.074022835902625,0.7375205951045682,awake
0.050518965564282876,0.09450153138182674,0.1927760531023696,0.42766654711643093,0.09748055903684139,16.086463545515254,0.7383323294728609,awake
0.06704725632330029,0.10529816655689064,0.20087850475031288,0.37121482624656676,0.11342556956650966,15.712665253954436,0.7382204569230006,awake
0.06214758076763331,0.11463062027326007,0.17565057332924947,0.38698286516237584,0.12553536833575138,16.016314758690946,0.7431336183555043,awake
0.07607668720127769,0.08318160545668296,0.23438196272208175,0.3568712387565385,0.10526688925402924,15.482665050747064,0.7303350436322277,awake
0.07266310888445005,0.0676059760419463,0.25371562238091067,0.3832403619629623,0.10042204833044346,15.581186168336272,0.728336706986513,awake
0.0715640633765233,0.06759305489234493,0.20444994175359402,0.4230269744260321,0.09725682799445336,16.012226848188586,0.7356395432798306,awake
0.05004379548908856,0.08268620611888175,0.23408684855562337,0.3934021571545503,0.10405568817745517,15.953136170050689,0.7314290076806395,awake
0.04460971268244295,0.06844894900564207,0.2747490827106687,0.3748279524129795,0.1056567336492791,15.992337150130806,0.7253866951250725,awake
0.049092398696310206,0.07235483323204558,0.25126955298368386,0.4156213914219548,0.09481866009674361,16.316310224134085,0.7300277944403787,awake
0.050557862462382044,0.08929679432269125,0.2200777313636985,0.3989835086065468,0.10761309845288818,16.27609400168192,0.7365206017285324,awake
0.05803869337586649,0.09270956146910404,0.22929743137207428,0.3881671807976757,0.10315073596834098,15.945658682637076,0.7346866326094097,awake
0.05481064450156666,0.06980358399715829,0.23946577919644235,0.39776451404473545,0.11236818736415703,16.42100391361965,0.7341872108831227,awake
0.05054202954200053,0.07517134249569962,0.2480084610496742,0.3786140741989782,0.1091554874750317,16.25335046114871,0.7317726681334239,awake
0.051780013960207566,0.09662934303945166,0.24244896806999133,0.3883229514268815,0.08952881781991627,15.61304344689779,0.7281367277631466,awake
0.05631370901360426,0.10410731496876596,0.22925645143881843,0.38661806989354136,0.09345506114869659,15.570821504207887,0.7305140128026311,awake
0.05740189985349527,0.08426669678685374,0.19568283380626625,0.41992286996957545,0.11941330086513424,16.86497950134388,0.743872715577328,awake
0.0342161577436586,0.07561360379394749,0.24598647688398767,0.4085002738942614,0.10194133804203993,16.844149158141224,0.7291238381573886,awake
0.04730013936983051,0.08516386072733101,0.22851613778205127,0.4304896958576122,0.08643143718232837,15.987046021307632,0.7326611077571774,awake
0.04609524699218624,0.09677197492007981,0.21861508061591917,0.42712000667801836,0.09143072921573028,16.045256867233874,0.7341841647793743,awake
0.033848874267273295,0.09455304692094854,0.2526042297455854,0.3894181047455119,0.08391287447792842,15.73506174036256,0.7228856542075517,awake
0.050031472844293885,0.0880005553012562,0.22920082438938494,0.39254760392736826,0.09952268609867697,15.918146321644127,0.7316560349747965,awake
0.06780968454416257,0.08622286985623576,0.1883467829726579,0.41342416716996266,0.10900688775281107,16.16577241331554,0.7432939036926475,awake
0.06589073327719255,0.09111489899136843,0.2042661681877198,0.40686481506961675,0.09095365652253216,15.589690053397288,0.7357004115775527,awake
0.06655112115080271,0.07355815356996132,0.23056856148673488,0.3934815818467904,0.10282840554204642,15.623412958339767,0.7340251354045951,awake
0.07055628252489742,0.07301980872319062,0.21624340263165642,0.4088652383618507,0.10213366875298453,15.965860204968669,0.736122524464465,awake
0.04908898116428704,0.06451880280653621,0.27397573775752254,0.3812548264257305,0.10327536373115351,16.07141983989484,0.7229121654542884,awake
0.04330241852391568,0.07374514944507723,0.25284365335762055,0.4037272701870209,0.11650147750568586,16.649987479886672,0.7344948167176543,awake
0.05435394725250767,0.10207156704400218,0.19695298213354487,0.4232903837520776,0.10526258728986079,16.28357775488998,0.7420201054511536,awake
0.06949133875259114,0.0959139752794193,0.19671303339527638,0.4072381662341745,0.09704776339722587,15.564585492209039,0.7377585011539213,awake
0.060546374234007924,0.11098588044312423,0.23205134905356473,0.36798835388587264,0.09843222355678433,15.286633069531828,0.7322040571993934,awake
0.04125677611056456,0.092743075781227,0.24437099018556838,0.3977020459760379,0.09406409185108457,15.971052273295435,0.7292281293613655,awake
0.04565582726640621,0.09534740936432688,0.227237348095847,0.3832030057438842,0.1071095624422724,16.115105342520472,0.7361163189532752,awake
0.05557923047001094,0.10589516382696434,0.20254080576460348,0.401572538133347,0.10739104337543189,16.02102057351493,0.7399284517187446,awake
0.05531304015821379,0.0939987185128858,0.20520093887652435,0.4036022962857376,0.1149137987892759,16.275951602639356,0.7400197675269644,awake
0.05255738639411421,0.09981903347045074,0.24337453125432643,0.34576936262809493,0.11218288717054821,16.09823576671113,0.7293751104194963,awake
0.05968317696118997,0.10482302457493536,0.18911468536484222,0.40261126241777523,0.09434604000231148,16.03622096988046,0.735114330177583,awake
0.05291130797819345,0.07984532922617152,0.18939331191883696,0.4306984724432873,0.12077875364383826,17.009867262138197,0.7445185674109889,awake
0.039244284255726444,0.0963623416091037,0.2327775722689747,0.40011108141999724,0.10831036644847662,16.378798595227448,0.73572020168807,awake
0.05648692104952273,0.10526864497638277,0.2414634705553697,0.356870507448053,0.10874358371785374,15.799154932013517,0.7317015457378936,awake
0.06752756611841922,0.0785680055806726,0.24213555215620744,0.3722649104208324,0.09790880704781921,15.691760162361765,0.7299637302578305,awake
0.059015204140845136,0.07085127694651083,0.24457245070341535,0.38826121249635015,0.1078090006796596,16.15204075490692,0.7307820422383685,awake
0.06708286576029766,0.08769537910526144,0.2186746411087548,0.3946821621379763,0.09946953702644669,15.843613149314669,0.7342539900265159,awake
0.06195100099269221,0.0806842596014189,0.26927981944531576,0.37473840764764366,0.08727299692674982,15.44494627942273,0.7223980786017271,awake
0.04978519007324507,0.0896644562943888,0.21969192250662523,0.41488591861848245,0.09179778041812695,16.30248214130547,0.7353620698872912,awake
0.05031673161560636,0.09026891303800151,0.20588570470388595,0.4163120765975788,0.10635654926930364,16.66944956690636,0.7413091452906834,awake
0.05209723508793194,0.09452721332152333,0.22100852535511545,0.3909118800591834,0.10156519677260878,15.905408293264344,0.7383079782477987,awake
0.05255335390594805,0.0812790259844031,0.22814803562224273,0.3908826976128946,0.11526581017624064,16.309800097732158,0.7373450720475707,awake
0.03812841373771197,0.09356118782159921,0.23016454337287084,0.40087740021361895,0.11143477978236331,16.59470797375793,0.7381153085305269,awake
0.06150260698920167,0.11142767135252446,0.21150249514407665,0.36664489176420734,0.11267256934775975,15.658878404098282,0.738996097005941,awake
0.05999853773838164,0.08510405303637734,0.22078548288025035,0.39788744298328316,0.10798709025197664,15.860568661757043,0.7371968674114637,awake
0.05851834999080088,0.07357140614104216,0.24625753609564907,0.3917320967908754,0.1014205911131677,15.832679849492273,0.7321422205902243,awake
0.07120037007943354,0.0807569020080639,0.28294136987275087,0.3348705502150085,0.0838694829473529,14.673370103917229,0.7161282375770026,awake
0.04741618774254249,0.08419982834512993,0.3062257653307124,0.32780578148374667,0.08242716330835786,14.805068695447908,0.7093719105263273,awake
0.038986895493222935,0.11367018990784652,0.217102149090821,0.37226869047015815,0.09541049445416754,15.523104512822162,0.7296671532272171,awake
0.06183578034690223,0.0650430701369916,0.2378434888553004,0.4079578803236306,0.08312524566808721,15.646386541854666,0.7255878066527952,awake
0.04259976488374456,0.06833762017295614,0.26280476523371527,0.3915557117153638,0.09983956903484188,16.098640194416706,0.7222924863969122,awake
0.04390709167674447,0.07951730456496044,0.25493997316895933,0.4091883316789012,0.08451743862955927,15.695004212502335,0.7204961136732959,awake
0.0480581498532816,0.08559677932595967,0.22921324698123208,0.44475309439792665,0.08374387214314045,15.999884825852996,0.7309655123837323,awake
0.0492186489434912,0.0704157332205136,0.2853899321051497,0.3815072249240608,0.10360042923199496,15.994782613409953,0.7227381789615475,awake
0.04200106906623141,0.10356780197513887,0.27315168825401565,0.3538726425401433,0.09172023351676853,15.264411581224667,0.7230275336784612,awake
0.058105377097390984,0.08565496463291025,0.22236813901249633,0.3762779003483479,0.0938765105109306,15.598012932169983,0.7297989245941794,awake
0.06264108524244133,0.07673142969712592,0.20293916626246233,0.4198347783535743,0.10207342230219996,16.352590204241164,0.7354379345297681,awake
0.06259029309197688,0.09525338880061489,0.27201344176237974,0.3475743741824117,0.09532788479527421,15.286811868977049,0.7253113947871708,awake
0.0626779174353359,0.07406862937027232,0.3218329326762053,0.3362522309723928,0.07270060813085909,14.543311011331609,0.7051451512384882,awake
0.054191929602023466,0.07588941777661308,0.2679590700741452,0.4012292043846074,0.08005808492134571,15.40164978495215,0.7223872192248264,awake
0.04124341338888559,0.09881166973467745,0.22598580750842195,0.4190016132953956,0.09625538848795585,16.383756446943686,0.7343379430219625,awake
0.04732252779442519,0.08596919029259809,0.25455094126415695,0.3764441899072576,0.10272116353638638,16.213656512659067,0.7288007380609346,awake
0.07969651690066358,0.08779657938922308,0.22743167598894876,0.37309577634655133,0.08685837750299677,14.893837825240311,0.7255697683508279,awake
0.07302259226235024,0.0812177201973891,0.1940131810127617,0.41700173482072156,0.09224631572995359,15.504389954818615,0.7297729402495816,awake
0.051544891899261085,0.07576975945866497,0.24714513191516435,0.4086914969705183,0.08262398636531873,15.523940329235192,0.7204438757910825,awake
0.04510379046989134,0.09523082257159979,0.2538520304600642,0.3875516851405945,0.08652090808273183,15.525972637467405,0.7273899967426164,awake
0.04823971513544565,0.06165909103907649,0.24845022804377062,0.42408567160107935,0.0992553907620873,15.928854275662426,0.7277387888924395,awake
0.048738168204616336,0.06959152998112353,0.2518996840184279,0.4018111968637356,0.10569861883188801,16.273103883361387,0.7308382675077999,awake
0.07092598463957236,0.08227239882320507,0.2084292870932158,0.4050111713264657,0.09472730911892285,15.949762144592844,0.7325239812698414,awake
0.0692111837685585,0.09118155798552155,0.26211500348297767,0.35676572344694585,0.08613574567415962,14.754882080990674,0.7221607306320545,awake
0.06688483439479437,0.08729468397319304,0.2858387629547269,0.33848884037376537,0.08534664128610879,14.56951335514217,0.7150321236854776,awake
0.07818810045339505,0.05997986444385533,0.23777626913746835,0.3919615277208335,0.10188590245220255,15.656861224314873,0.7300332333371123,awake
0.06514642678643459,0.07344282917311797,0.2501339029543655,0.3752793180875314,0.08866457098588093,15.463212220145659,0.7229789832637634,awake
0.06513942513998344,0.0818029332751524,0.21880985485609114,0.40858859333759523,0.0875166973899069,15.65006219215726,0.7324247141286507,awake
0.07127773500886497,0.07521634745078229,0.2121000803527372,0.4053183757222962,0.101563527289673,16.03134227354381,0.7371452365461217,awake
0.06284329549165318,0.08105329935034644,0.19595324966073724,0.43888938316950976,0.09094650768619221,16.06633698705231,0.7366480686487142,awake
0.042322155176386475,0.08344739830740376,0.23284440630917458,0.4264624644691606,0.08260726909221767,15.744217676450495,0.7278752502702558,awake
0.05890777988109783,0.08572469900110354,0.21840184831167606,0.39430111691076275,0.08037428280283317,15.31490570352304,0.7254224061360401,awake
0.04897024644288523,0.09145151585736794,0.25836617107488064,0.3680071356653068,0.08297868128735544,15.16340748999789,0.7201700559637473,awake
0.05354817919797277,0.08465832689547496,0.2837720277193234,0.3704987376757027,0.07865416319404228,15.069235624422797,0.7156421844126745,awake
0.059514698349959316,0.0832239444921086,0.22909711564068977,0.3890544453718359,0.10217248198239909,15.758955071087847,0.730935268822643,awake
0.05911742215794089,0.08406132896131592,0.20452390001615775,0.4010982537041434,0.11762716312650989,16.273781463365978,0.7414764275759048,awake
0.0641689402640895,0.09529264573660176,0.19222881031316494,0.4108833217441206,0.10410776012301014,15.838550598658081,0.7365150211904841,awake
0.040733382702476596,0.08487710548620153,0.22896874698693678,0.4153654630131063,0.10621335230340696,16.275976523797354,0.7337015076759723,awake
0.061919773409186835,0.06811252505633551,0.24071028505072892,0.39007706384723473,0.11934530978669652,16.462094353422646,0.7385026150181676,awake
0.05523102412793605,0.05924944973852012,0.20068280932288093,0.45677031684356695,0.09507979977330681,16.531551436979637,0.7341860381689238,awake
0.05969812674661285,0.06333033591911875,0.2246411898593143,0.4275282669478153,0.08025352656283938,15.779839912480467,0.7252361493085729,awake
0.06571199250558062,0.06806064163339741,0.22533234188532805,0.41448142213390415,0.08708567701389185,15.760335860262664,0.7273956702854172,awake
0.07921584435753773,0.10265048925769268,0.17973739185277746,0.4158411339899539,0.09383855010808075,15.37065865186828,0.7363591179886854,awake
0.06021576179744081,0.08574854517889624,0.19445377384471035,0.42862583857755426,0.0920267398261637,15.751219990693269,0.737373539141853,awake
0.05920974684935995,0.06336095323647219,0.2593001723986211,0.40377562299622055,0.09275573224507767,15.60862426385449,0.726585304804961,awake
0.08057957835930564,0.0708516475179885,0.17827138169615117,0.4514687260723079,0.08505604529510694,15.713005945441605,0.7341364897387449,awake
0.05443685383990457,0.06922609184298242,0.20902646936869107,0.4445506276671317,0.0884780692034357,15.694867892562048,0.7315150749312408,awake
0.06389923906026478,0.09544614758634322,0.21632693352918647,0.41443764067274297,0.0832127008718193,15.238653557933807,0.7312831350753212,awake
0.055711428522343204,0.11166621105897856,0.23004149837735055,0.3774845823131437,0.0945950646165342,15.682469962553295,0.7300167650584608,awake
0.05238032178373344,0.09211457955779681,0.2286432444513408,0.39277224954371115,0.0792082253813802,15.425898570547586,0.7256512935015967,awake
0.054955113598751854,0.07660462008321546,0.22034843408279406,0.40892060049936685,0.09636707421440731,16.007665260544123,0.7319390935939696,awake
0.04070932501406452,0.08167633034980915,0.228679576675239,0.4053424015175399,0.10085362951481436,16.230396570686555,0.7280176596774642,awake
0.058509654718789196,0.0986805381429175,0.20850538621915482,0.3746370522860459,0.10783276653856637,15.796384782628243,0.7353774009379999,awake
0.050174240953891766,0.09291247291752207,0.2447189181417937,0.36525560706385923,0.1041249210476924,15.714169655348789,0.730220791079624,awake
0.047261363857318044,0.07871972846986716,0.25277547400548595,0.37815284685401424,0.1045352235700677,16.073365126715327,0.7287881260758713,awake
0.05178867454255112,0.08705338372976343,0.24407035098625962,0.3827804981900993,0.09516746633989472,15.73244609457093,0.7280231760964389,awake
0.04938623697004453,0.11280928242166444,0.22039077524386302,0.39458086700944134,0.09681885769184255,15.971567532878703,0.7341582772321465,awake
0.04549663521734168,0.08718071153726166,0.2292668299372191,0.4088094422225931,0.09796744704167729,16.199938999099498,0.7306397617793636,awake
0.04846953164852425,0.08748172656257747,0.23154793192445983,0.39783467877899026,0.09717629604286994,16.00198012139865,0.7317911428734231,awake
0.04139012084512644,0.06905608033594912,0.23885566852243806,0.4035903255766792,0.10577063109707062,16.6982502225566,0.7307396334839593,awake
0.048838095803838515,0.0941419654198133,0.23833933748292818,0.37325252138920745,0.10045708449404829,15.98352549031359,0.7295074183595561,awake
0.06749629177234288,0.08128892764231875,0.2199275321402236,0.4022449780339434,0.09588005197397684,15.924868167468556,0.7337236315884684,awake
0.47124832035027236,0.2308173645115043,0.055399009697809,0.02001327956859989,0.0025739410909487747,3.733957071692758,0.45497225295830696,sleep
0.46972340420759046,0.24388901581160383,0.041308018453709267,0.019150426790661836,0.0027169528758526668,3.5722700569362544,0.44742458570856497,sleep
0.5620273775823125,0.18134028641117825,0.03845843866223617,0.01392329698090205,0.002236369012945874,3.191155379578969,0.41791928029741426,sleep
0.4347906855471483,0.23755946071946477,0.04781978884861662,0.013185305524295112,0.0020768762375571077,3.810732169124191,0.44220302973270265,sleep
0.4948130693137908,0.216687845422416,0.04666974626349318,0.014737045266400142,0.0019739874617697114,3.5355768358284267,0.4429929735847523,sleep
0.4606876195655472,0.23966795875048139,0.04603644844389526,0.016367552024595243,0.002213791912341322,3.6412807065951895,0.4530473345623,sleep
0.471290887333749,0.21696221712707717,0.04179914357719228,0.015386317874394557,0.002142832824895713,3.652071339813918,0.4418809766524025,sleep
0.4522154760237742,0.24035999540150604,0.04665494776968307,0.015479058705250901,0.002720965811622882,3.713335504422134,0.44752983395494506,sleep
0.5182285989755763,0.21497568398579295,0.04171000199527474,0.011798502012891962,0.0017596197808138448,3.247311412214446,0.4358394378350611,sleep
0.5598217283465616,0.19057930975205772,0.03938532828314284,0.012610915288058005,0.0023556024356731703,3.0772305883274735,0.4267898622602574,sleep
0.504438115206586,0.24568749659568434,0.03344978174760149,0.01344449161525888,0.002600088122325432,3.382771152514913,0.43774114228871736,sleep
0.5651080986511066,0.18293297751423912,0.032118518913827984,0.011087172014156918,0.002006150948181901,3.1476566995853905,0.4140409808794698,sleep
0.4450345646267294,0.24080213968900857,0.04931723231634736,0.01501941934593074,0.002417550598470493,3.8400335535653505,0.4453614695279685,sleep
0.3642964422852137,0.3084422664809918,0.05218549872982603,0.01459025571860623,0.002128578332063874,3.9754692901292104,0.4591090381210751,sleep
0.47331076957442964,0.2354912878020428,0.03823613413118254,0.014048489809798531,0.0020476114571842383,3.452462323262411,0.43321291375224574,sleep
0.4815789447208647,0.19585605571018905,0.03964655924732495,0.015909192826864538,0.0022650613715030016,3.578826473575165,0.4287332765285659,sleep
0.41084031653029923,0.2524444471441326,0.030165528338706636,0.01160464568135346,0.0020208084936933083,3.557888813387837,0.42553488032460013,sleep
0.43122074917243547,0.250276426932212,0.042262432713061564,0.016567648449789064,0.002641243429041845,3.7141770996636034,0.4487727110336262,sleep
0.5091046493517495,0.20632009762298503,0.051361104267225816,0.02109778693165016,0.0029631475973306352,3.6513241329865975,0.45071874717442717,sleep
0.5179349582051089,0.17332971018797713,0.050075979191204045,0.023426501179461514,0.003348907324033766,3.7177938730090188,0.44348213264485165,sleep
0.4742840510719203,0.2167370060494162,0.03750817421450938,0.016519944894922135,0.002712319459681788,3.64293302100437,0.44192337496177464,sleep
0.4699320027020902,0.22216225834011552,0.03971174160404208,0.016644483306212064,0.002782465105149106,3.6485561536447215,0.4371821908873044,sleep
0.40148353386095886,0.30528258212496656,0.03645162815410927,0.0165542893932631,0.0026993460892007137,3.851317032850664,0.4497451903546226,sleep
0.40995637031338084,0.2912757760476834,0.04449728326259197,0.013892094431425066,0.0025743668168743006,3.7811859074522474,0.4521196523636568,sleep
0.43611972799030113,0.28110092876551007,0.050212545681003806,0.012879987999490673,0.002455879123335114,3.7935300471049427,0.4562195141481885,sleep
0.5088718399274508,0.2363863132808336,0.036954804000308,0.013472386201352216,0.0022883495743668057,3.439410843173843,0.436519456553211,sleep
0.49473165549130327,0.1933503906579234,0.02831170256431511,0.014335381442956116,0.002441228936322032,3.487323464888059,0.40979206695125,sleep
0.45302910995247614,0.226302341004445,0.02773945402333794,0.013286231398961767,0.0018449478766211856,3.6341470421814392,0.42212918403545735,sleep
0.5025402989923545,0.21874230886337787,0.03525278721392402,0.016496646478019225,0.0026488681265351634,3.526278658215971,0.4379416130039955,sleep
0.46320482990890555,0.24276729326357124,0.03981953079067669,0.017884579823076712,0.0028638759340787034,3.620820744890546,0.45223252236020206,sleep
0.4064586844627258,0.30756944247860696,0.03925438421830902,0.01867300256176799,0.0029759225712690054,3.8044645353383326,0.4644356598160962,sleep
0.516330214536712,0.19487802810483382,0.039472759017113966,0.015263933648549787,0.0022352665249712957,3.4507836670139724,0.4302012509306937,sleep
0.5181494926689714,0.19060123744583346,0.04830491581967003,0.013422300593735113,0.0021270771136015173,3.491352534719892,0.43330117297912507,sleep
0.39898917914043724,0.29706860730662754,0.045654670075547486,0.012634476342236996,0.0021384772949091246,3.8169987539743286,0.4585559798795755,sleep
0.4311475671932589,0.27671999741516135,0.03813884901515211,0.013220930682540894,0.0027230149163481846,3.5877428469394976,0.44746715521955055,sleep
0.43154583540033237,0.2483148276716899,0.04087335215484133,0.01535172672650421,0.0023109936428461226,3.6936572466298605,0.44063895013869747,sleep
0.39891099217903425,0.2770000894074655,0.040914760168340863,0.016081246036033166,0.003244589613068219,3.8473881296664914,0.44831735016719954,sleep
0.41811229524010973,0.24936226796537692,0.044693260899801496,0.019834577500681155,0.0033447878920003365,3.8581944917089617,0.44929599613494964,sleep
0.46007202381302476,0.267884951670997,0.03785972546613832,0.01656787710041552,0.002198424150435297,3.6152424046906577,0.44891663728643844,sleep
0.4997876612456482,0.23311845845175325,0.04511249731535607,0.014435368902531442,0.0021598577511462184,3.4996186304194654,0.44463690166058406,sleep
0.4253182798861455,0.2962330659391392,0.051310787153276784,0.017912126631081278,0.0028643259640541503,3.8653149586408353,0.4679571627285358,sleep
0.4599692385554476,0.24711895630840147,0.05095317114841549,0.017606908422358354,0.0027938604456680997,3.6336297894182676,0.44901556843787815,sleep
0.5337785625653289,0.20285933907912684,0.045023399877165915,0.013714165580663054,0.00209684757967636,3.3304406129854662,0.4294313666056069,sleep
0.5610289268234138,0.17107787717665746,0.0376886771975751,0.012072327775937393,0.0017428147009709665,3.251848883142547,0.4077475391511795,sleep
0.5258284484637669,0.21042013193933687,0.027055885689113036,0.012924483497317207,0.0017366043570163602,3.2292691343854005,0.4220474679303476,sleep
0.5563967322470358,0.1938227054071484,0.028374070891249673,0.0149390583505034,0.002479780726818406,3.2403189589748598,0.4214810119544455,sleep
0.4734432082774148,0.23795281549065866,0.03731601467924091,0.012611877903393801,0.0020211080340781632,3.6520721967762553,0.4377329757630039,sleep
0.42520212720589246,0.26841920434681055,0.049323152584752984,0.015297811215631679,0.0024908241368741054,3.6636515938457923,0.45925413859160363,sleep
0.477445441389095,0.25750586063996456,0.03699725135636467,0.013382994550775653,0.002139833310766669,3.4788781510882765,0.4406624828794897,sleep
0.47410647603937384,0.2605647847967186,0.03576013427274441,0.016179456585430553,0.001995020283038898,3.6112602659926716,0.44045240433790356,sleep
0.4598876987163874,0.24354933585498442,0.029070009055578484,0.014245440396668174,0.001978106117593532,3.5831642963952874,0.4295257011943437,sleep
0.4517780834944148,0.2441746277540692,0.04085382087047652,0.014069821929934584,0.0021964000450838466,3.5808014234758057,0.44222500507451157,sleep
0.45567651386875274,0.2502070304706639,0.031190825930938512,0.014927761500696479,0.0022893295097795277,3.4630473994219124,0.42570638937629063,sleep
0.4864392560102338,0.23052384459184921,0.03333143025996592,0.01638171534172251,0.0023612931396680176,3.4920466699011996,0.431079200316645,sleep
0.4893888527434925,0.2062418232513832,0.043186618801914885,0.018406718545333347,0.0027770611216549963,3.5922888758817417,0.4407240024191966,sleep
0.4101143733420744,0.265683115690933,0.04297054973382221,0.017335263219300765,0.0027617748800214024,3.8515343472788306,0.44911316877444657,sleep
0.4635856302667685,0.22830541168505147,0.042662643851969044,0.01627685639380226,0.003036757297339391,3.7191595121973915,0.44435259081282086,sleep
0.4736645773396285,0.24129958001948842,0.04287699419592082,0.012287356163076456,0.0021048403252053043,3.539789616890493,0.44146313255628117,sleep
0.5495956928486236,0.19527079957576166,0.03728825314518418,0.012346157690387419,0.0019998692753512917,3.2362256484396137,0.4270059056711966,sleep
0.4276277805928197,0.28797087121401055,0.05571007465543887,0.016796484831598252,0.003376104096021056,3.8410969810889677,0.46858099021720867,sleep
0.5193507088491129,0.23789296839443752,0.04422566536944277,0.014880579803228593,0.0032768697284481386,3.323256163922362,0.44344260061726737,sleep
0.4499275237521852,0.2544566407864175,0.040346980141754,0.01827185067452951,0.003647356245437038,3.731087231273684,0.4557698564262311,sleep
0.5035842083160611,0.20092847591084817,0.04407951294371158,0.01998017137196164,0.003235899328845718,3.6020251391377567,0.44927724306885614,sleep
0.4330247389384615,0.2555859412312499,0.03952123812341274,0.016888968760773577,0.0028762635760032104,3.679300834286728,0.4479291039644163,sleep
0.5529857855939804,0.17817540155197478,0.04929696074000985,0.013575767791917985,0.0025843370193020286,3.243777755984874,0.4244289887357323,sleep
0.5822401898070866,0.16643356272534648,0.05118139993862061,0.015740830374238245,0.002637216019667156,3.2546763657364712,0.4289250667230452,sleep
0.4734654629649644,0.2471926074856289,0.04935166823103999,0.019644031300574766,0.0025232963096993607,3.707660453417206,0.4568994444597878,sleep
0.4560298229999687,0.23865215566967996,0.04563849669535884,0.015665285704451155,0.0024689395980227657,3.6831826930547185,0.4506286166210482,sleep
0.43935369994303636,0.22941568307650742,0.051009335650133776,0.014777679722334177,0.0027293063245629715,3.8303197464013254,0.44996999624832934,sleep
0.3929806405037135,0.28912316484390743,0.042450884653099805,0.014019227873680179,0.0022801985611755424,3.88498740319688,0.44973736179040924,sleep
0.430021456533311,0.24929686271247414,0.034993901980670546,0.0158174117591318,0.00237113979142683,3.818839968652824,0.43076459372211456,sleep
0.5035678296434098,0.22584578928741117,0.047485123714231754,0.018075969276347952,0.0028765529691380685,3.5082706708226006,0.4425892550241799,sleep
0.511018285092643,0.2644767241219174,0.043521866763908935,0.015475048942538747,0.0029725829961585065,3.380123133482958,0.43690026666514375,sleep
0.5098177003597789,0.2074529791898118,0.04377690803240766,0.016688201433331027,0.002864699867918266,3.4921207654547377,0.43538018799776873,sleep
0.3910099556536969,0.2796143716212156,0.053917271270347615,0.02061572365443795,0.003057358353447282,4.058510321625754,0.46777841187873004,sleep
0.44911667336619576,0.25618826151219215,0.051575264699021905,0.017677646205389162,0.00275344726932855,3.789935033837466,0.45055188372660526,sleep
0.4947265602194592,0.21630032399047971,0.028888687231624386,0.013491713413350046,0.002084651307591994,3.4134402285722136,0.42300174461825607,sleep
0.5364089294264021,0.2064664332572197,0.037834007249380214,0.01708521150461731,0.002835957877245097,3.233225532991436,0.43292035042906407,sleep
0.4869452025644591,0.2269758074955874,0.042602277698931594,0.015530047268179942,0.002560240614283042,3.4328691026899607,0.4412361667008678,sleep
0.4833862083430563,0.24293037784270788,0.04471610080942988,0.014620846355548287,0.002458556626031059,3.606886006040983,0.4446934723225929,sleep
0.453822987205743,0.26170712416399233,0.04016958500165392,0.02027900588946978,0.00288894348403593,3.7842719762180703,0.4581833286102331,sleep
0.545221877917732,0.1887912855097417,0.03672418715634025,0.016129394943042646,0.0024049393159492243,3.179969617280796,0.4329297170186845,sleep
0.5327509537412436,0.2159255343342578,0.026577511644535857,0.014053461785132528,0.0025548899864963814,3.1584954720518827,0.42806495335123396,sleep
0.44059437996929,0.2468028371085094,0.03513743686804711,0.015975472117413774,0.00276910726024599,3.648529243693791,0.4402473095358067,sleep
0.49112350701040963,0.2336050000421537,0.04720228702902037,0.018257401197248994,0.0029849425765716424,3.618585935761583,0.4514855527187852,sleep
0.4842458328950134,0.21882388427170887,0.05225466685668426,0.016794874328335516,0.002260204512927255,3.6192454410277057,0.44497904389243204,sleep
0.4385948049295469,0.23676862188235495,0.03950428457301067,0.019972247718521345,0.0026560794369528415,3.7319320965818696,0.4432626580618012,sleep
0.4504540199622156,0.22622349916705817,0.04247671195557787,0.015526278613703504,0.0024116746977835015,3.64095502996419,0.4320071820383822,sleep
0.5384664442365401,0.19549499703050255,0.05136493664880769,0.014148145538117444,0.0025185468576131983,3.3090315130034997,0.43473922884052163,sleep
0.5002689343074423,0.24139886544134254,0.05070386537345247,0.01743431651783698,0.00339612086336562,3.3317870835820678,0.4467787684654347,sleep
0.4757118325452537,0.24695850118079019,0.04142471794446155,0.014279635831110834,0.0028221319378308133,3.5668246064273177,0.4435744336228456,sleep
0.4648874404057534,0.2421749204035832,0.0429156941238443,0.013888495882632142,0.0023825819402342684,3.5682023227829998,0.43852747998111063,sleep
0.45876851348738934,0.23207212022046184,0.04407253446018386,0.01690367131097695,0.0028283855524066535,3.733249481901062,0.4432183173732318,sleep
0.4765446828367421,0.23201080327394089,0.04210076283749374,0.01314947816715588,0.0024104585305949303,3.4853133458759977,0.4405281195473718,sleep
0.5370231828648506,0.20884764246086138,0.034271596580011325,0.013914471386061122,0.0020458224154905696,3.183848888805421,0.4285143659082509,sleep
0.585401401349189,0.1846181691276268,0.03295236133694254,0.011600900800765266,0.001902641025155461,3.089411574422579,0.41690372571131884,sleep
0.5625674043820639,0.1707296385534329,0.024183183595191903,0.012921782208352689,0.0020901627720218336,3.182291536896393,0.40390290391289785,sleep
0.4722682861802519,0.2276333785583777,0.030385617086772683,0.016260014192592816,0.002728281042107051,3.6288765688828715,0.4288876844235443,sleep
0.4649747822324281,0.23934946695669884,0.03445176322954655,0.01572590653366261,0.0028006337639989343,3.6290968315498047,0.4408284114582266,sleep
0.5396354909628716,0.21201808106551476,0.03839464848662814,0.01643154969446466,0.002814881481949972,3.3159464510790433,0.4315297069251651,sleep
0.44662114526424634,0.2663942528434074,0.05549165530195979,0.019216753940308855,0.0033489935997480136,3.816002693894065,0.4651769758932123,sleep
0.421129960979409,0.26981145815710633,0.048815873948852215,0.02012773786830663,0.002959949142147175,3.7045689759415237,0.4621969927878693,sleep
0.4861450686189845,0.2290964692496984,0.03859995285313236,0.016937348033902715,0.0024531016341818434,3.4093039043749522,0.4450675114585416,sleep
0.5013941699410114,0.21525798494276005,0.04048098449909542,0.020078597574072415,0.003076014166334176,3.379485687706866,0.44333675750982554,sleep
0.47659111514086994,0.2403689778590873,0.049533770664471066,0.016988922376227875,0.00285337224010607,3.703515550335836,0.4569779549325784,sleep
0.45031586902189535,0.2398709801553931,0.04892274985019712,0.01777285743670089,0.0028069561368193417,3.7240697095174435,0.4536924838725542,sleep
0.3654823602160928,0.3033236962048859,0.0620220998893486,0.021926742270483367,0.003546275815044811,4.055437619212151,0.4730026460417117,sleep
0.4166841964807434,0.2585534432037117,0.053195378230564076,0.02264539355391245,0.004074351185245178,4.07651128973097,0.4666204177786463,sleep
0.5014957564777929,0.19321542076431708,0.0408441724219113,0.015889079052206215,0.003129976076852123,3.630331519166845,0.4296307770099347,sleep
0.5029382989369279,0.19123960005637997,0.04023738863576344,0.013221856977999793,0.002075394253740871,3.42794284846019,0.4290406759936185,sleep
0.49781472715985514,0.2161886871726992,0.04230082191615055,0.014201864989910766,0.002701509087165448,3.493495894151638,0.44047822874511516,sleep
0.3683664118825906,0.34854921779494547,0.04184860340264947,0.014545761207333726,0.003192169386222484,4.10545032192225,0.46491610492535096,sleep
0.3994328596573315,0.2990299715433102,0.038999044240845986,0.016271400631963105,0.00255876854949181,3.779575851651338,0.4541266085235651,sleep
0.5346397243675528,0.19023333510251234,0.032258136168743096,0.014879465499165748,0.0028240107516209955,3.3670348204518956,0.42049012532765606,sleep
0.5858475303574243,0.16832587371966584,0.034258363402206324,0.01548468977380258,0.002782533549011642,3.2047063175001824,0.4180759090108807,sleep
0.42687935239134583,0.243289775063358,0.058196562740405626,0.018408190107152233,0.0035790302905489174,3.9324332329372336,0.4649608123212654,sleep
0.4651776471049015,0.2398617601003692,0.056807846879377726,0.01938673446712747,0.0038825022653015957,3.8461336863196323,0.4625822095156528,sleep
0.48351658039731005,0.2526199773387844,0.032475684547571076,0.015095834207651142,0.0022030732873252372,3.3368780700021423,0.44199909032814816,sleep
0.5156132544053468,0.19829521593864813,0.017998228242211523,0.008443842422243412,0.0008182719113716286,3.0105378207383806,0.3916243907117697,anesthesia
0.4907794001142006,0.21868617598778972,0.025253275639380447,0.008254994316712014,0.0010227958099537746,3.1894018462398246,0.4072820626909538,anesthesia
0.5490877502087272,0.184195242084423,0.021890041479710208,0.008067178126011876,0.0013547213486181312,3.0111281946936397,0.4037628706437307,anesthesia
0.5193454696987327,0.19489466768380262,0.02070913185156666,0.007382402632430966,0.001199865200221731,3.0297378986688472,0.4003551260695273,anesthesia
0.5837165632300946,0.16425116830850173,0.022493616527713294,0.00811906441554025,0.0012064930502458072,2.8611460706976417,0.39695957569702134,anesthesia
0.4843905528428575,0.20760265630075098,0.02191643897747263,0.0074549207885030505,0.0014475731996808781,3.0873863740175933,0.40433124864694203,anesthesia
0.5764489830027073,0.166934288243824,0.021963433509806937,0.00613451509092132,0.0011137020636002182,2.891913233538447,0.3951166590482923,anesthesia
0.5819418497852197,0.17024313670602492,0.020437089365436385,0.007136733316138728,0.001140121946067868,2.905836163540157,0.38615309667395553,anesthesia
0.6030828479064978,0.15760564487126852,0.02669889036605635,0.007071667237782412,0.0011828091851256526,2.7876779968198764,0.3871414842916313,anesthesia
0.49764108063889767,0.2120951085246744,0.027617636502560335,0.00908285937780493,0.0014027413298592993,3.208633829747998,0.4071158374223417,anesthesia
0.6156166045552459,0.15838480585655418,0.02097515360067374,0.005945281589503234,0.0009842985321859672,2.769726989980513,0.3737902769057958,anesthesia
0.5619291481794992,0.1670732140992137,0.01449975053314589,0.00625462143100757,0.0009130568689592576,2.9066452025392926,0.37710361360176453,anesthesia
0.5763793113730749,0.1892075574136792,0.01648280167578501,0.00653430208298401,0.0010919608711703669,2.840009585581711,0.3907086174986885,anesthesia
0.5026020232962144,0.20561206642940175,0.02150656301772089,0.007614316979495005,0.001049160848410724,3.0911581949764595,0.3965157398686635,anesthesia
0.6242645058564854,0.13718864216753168,0.017037246400455373,0.007142647957614074,0.0009243534833381507,2.764893265638351,0.3739222303006057,anesthesia
0.6187008270811856,0.14449629738256928,0.024558872354336465,0.008613699920160348,0.0012616206191298665,2.703986449709007,0.39283968774414935,anesthesia
0.5041559928740119,0.220822046266226,0.030321673462705492,0.009463268213310132,0.001166742309995534,3.055500584112844,0.4149929506545804,anesthesia
0.5191889876813152,0.17923955494732327,0.0301538689840449,0.0073606491068737385,0.0013661603768373221,3.0930633662981517,0.40306387598662224,anesthesia
0.5153247529803355,0.1843455874928855,0.01997295356092645,0.005803079177369019,0.0008293956811679619,3.1178754758012164,0.3812034941629879,anesthesia
0.5107438545356341,0.21280584125924812,0.023848329695531807,0.007703072536950676,0.0012393540183768207,3.058325706437739,0.40960645575674004,anesthesia
0.5700831309203267,0.16668505723757432,0.02956051645923898,0.007313306701015113,0.0013563630223510407,3.0561880587727157,0.3985279115029542,anesthesia
0.5915206029991193,0.1331640270429218,0.02178976105245773,0.006601372480463709,0.0010859479250506412,2.90773512178954,0.3778467717097712,anesthesia
0.5790114218494525,0.16132050763708755,0.019349120666429465,0.007396617205695986,0.001172392033511885,2.9574986161059433,0.38428732072582905,anesthesia
0.5019680596350157,0.2154069574998946,0.026358540858050557,0.01107116500107389,0.0016360263964421019,3.2030329351411573,0.41324489022543576,anesthesia
0.5000675725364172,0.20675472802595718,0.023967990902214038,0.008217837319343247,0.001258439898650304,3.078332631646184,0.41303976580896806,anesthesia
0.5393655622473842,0.17020941409542303,0.021928375490739806,0.0066519581113297106,0.0008767480566570252,2.9322343571442753,0.3962690697709993,anesthesia
0.5901746921969869,0.14063620411239794,0.022137334078630465,0.007071545203092281,0.001055030204585756,2.913339642724475,0.3790908227674821,anesthesia
0.5413394383968222,0.20800738168164465,0.029707728733001666,0.010523773162957882,0.001534721000892404,3.0620247083049073,0.4170468139230763,anesthesia
0.5174504533711738,0.20542097422380873,0.023514304128015636,0.008021632828683359,0.0012000399081904132,3.1743945736656354,0.39928671663399673,anesthesia
0.5617428384701328,0.166928026467745,0.0204244274990557,0.007657761601043344,0.00101278381245242,2.9598746175583703,0.3870733584892493,anesthesia
0.5296970013226151,0.18568853868197704,0.020829489088004152,0.006947238720464773,0.00127656858494392,3.0455629076186415,0.38881634333439863,anesthesia
0.4933438157736401,0.1955823109871353,0.01811251556754688,0.006619706127089819,0.0013555426830464616,3.1860735744655164,0.3821886967984889,anesthesia
0.5155304165040684,0.1880868822434045,0.020458593919553618,0.007890769655307184,0.001174327574172485,3.109598164473225,0.3925696015975598,anesthesia
0.5531569580921134,0.19585594209659885,0.024430629255795484,0.009237387794581713,0.0015146100791805924,3.05910591174104,0.41141478101742135,anesthesia
0.5488425473248595,0.20755996462018336,0.02491785461551475,0.008909894249524371,0.0012976859615025243,3.0605506499002137,0.4111240247964016,anesthesia
0.5887617717038722,0.16973481021024148,0.023296386970821877,0.008091622750645493,0.0009572274878955067,2.9322428502172437,0.395171359507109,anesthesia
0.5839635418786697,0.16052388480322652,0.017886469009878874,0.007697456955411571,0.0010044004364530806,2.8642160638971235,0.3872158991366248,anesthesia
0.5861248416724971,0.15308159299482588,0.023206445673451013,0.00944981631955098,0.001380255839354788,2.9747200773829023,0.3899743276367933,anesthesia
0.6171315727580226,0.14118258605042744,0.016193378428400837,0.008129811900184707,0.0012806727419530089,2.749629429874221,0.38194177105083127,anesthesia
0.465565921572899,0.2638357298945398,0.019593584098004796,0.008265995371526886,0.0012496355766229892,3.090519298179061,0.402375699648819,anesthesia
0.5469302303918446,0.19176608156430638,0.014397770539160162,0.006775848296055317,0.0009944989225729524,2.864723189630952,0.38997070953044954,anesthesia
0.6262473953814363,0.13233688412714098,0.012499374356188305,0.005320652814353501,0.000631830635648129,2.644662790554769,0.3623011443114469,anesthesia
0.5542859530776466,0.17291965712681115,0.016616240498512232,0.007276981341146525,0.0009364411763482809,2.940948093159675,0.38644948000366225,anesthesia
0.5022175960781872,0.1897823789648866,0.02155863845040815,0.006661301186332904,0.0010147370248489028,3.1243795585549794,0.391627555992865,anesthesia
0.5263637943283136,0.18114617842352426,0.020434244069783992,0.00763940966647566,0.0012809524467941957,3.067805305279262,0.39360432117701094,anesthesia
0.5934166258742715,0.14695949600154665,0.017877408825772805,0.007449309035129847,0.001075439719954751,2.8661402114749466,0.3791761902264541,anesthesia
0.5767666023985099,0.15427837523655816,0.017500169211387813,0.007579631766350599,0.0008995547752310582,2.91229228664557,0.3743661840669579,anesthesia
0.5606977083503741,0.1433007822986167,0.018183351254303093,0.005943712474554182,0.0008374730228775715,2.9172640893989215,0.3672136898299299,anesthesia
0.5891135095997486,0.15004525556758172,0.02070648012058168,0.005656947435247494,0.0010486729713548063,2.7666523062431327,0.3857439555279318,anesthesia
0.5667046425150266,0.185401631634385,0.02257404696057271,0.007293324231685234,0.0013628784083053397,2.90044903699197,0.40253887145465717,anesthesia
0.607050501930736,0.14646580306488713,0.021711154108793495,0.006601889594459661,0.0010288368974684773,2.922159338513527,0.3774715917882085,anesthesia
0.6494321983467917,0.13260568913247087,0.02148932037636941,0.007218281451677451,0.0012806140142472937,2.701319206167787,0.3779804881633801,anesthesia
0.5741218166304858,0.1900246594800304,0.02510720064090284,0.009897348387770807,0.0014383694250172244,2.9016787877695838,0.40451887230297995,anesthesia
0.7017502000399556,0.11286861185493671,0.019622909072596062,0.007725906195977429,0.0012063585731194209,2.616038624703517,0.3532177031297902,anesthesia
0.49218072947485936,0.23275645213417737,0.02632340853101439,0.009901856248856585,0.001737649306696824,3.292723705484256,0.4121877678573417,anesthesia
0.44315354668713675,0.22609765844580454,0.020953181631842403,0.006615729566928842,0.0010817509012918131,3.3160938184031727,0.39236166568435715,anesthesia
0.49080078088767354,0.19818969715509355,0.017134229319349964,0.005390872368270385,0.0007043924707532033,3.1248031024395564,0.37799740648084673,anesthesia
0.5697436002572251,0.172226063750018,0.02164022892185061,0.008566091398109888,0.0013345962704767083,2.999348221909283,0.38436160823105503,anesthesia
0.569402404286546,0.17330813333752804,0.02148560336704835,0.008266030857048969,0.0011167872253865089,3.0198739330602593,0.3889500855789804,anesthesia
0.4852084779054504,0.2240903102746097,0.011034322347055604,0.006788485872281428,0.0009677927875035377,3.0625436044587047,0.38027466778514596,anesthesia
0.48958736523158775,0.23840089073519266,0.01484481163445294,0.006236196259955636,0.000983649463994567,3.0575043666758983,0.3936379173389691,anesthesia
0.4710809317865602,0.256259707365932,0.02011245143943573,0.007496843595124172,0.0011658103470658324,3.134852145329509,0.40647390229043673,anesthesia
0.5117329100160289,0.2233353538923123,0.01766381101214428,0.006891056312738725,0.0009462642789700508,3.1032677556360726,0.39945000524105606,anesthesia
0.5778068370521228,0.1810861971350135,0.01843639209665113,0.005916392442537863,0.0009304203963326396,2.8227760930332284,0.38958062788195685,anesthesia
0.6560506269706788,0.13222262994898273,0.013168938407681536,0.006200095383205686,0.0009607797390664923,2.53545160361152,0.37054082381829406,anesthesia
0.6250921239304894,0.15242264520590035,0.016226984175221525,0.005946118244461109,0.0010274774046460133,2.6747535759888548,0.3790060841740799,anesthesia
0.6178881125766388,0.15697421434235698,0.020463484885308695,0.007594754455265023,0.0010979303194426785,2.647846458848538,0.38331787492328784,anesthesia
0.6370739927168657,0.14621011929110558,0.01667652002480758,0.006382208083568324,0.0010789104998089006,2.7145978744588497,0.3697412364132539,anesthesia
0.5793636523492945,0.1394002180447554,0.012040244286641077,0.004974086533919926,0.0007926355137630244,2.9227044945827405,0.35438483828649137,anesthesia
0.5432782695360775,0.1647852431040313,0.01457355226517081,0.005469318331942088,0.0008108319842972731,2.919959273427505,0.37484090192041786,anesthesia
0.5441715633681034,0.17144376480439563,0.013881681800648187,0.006316030052881376,0.0008665846318895522,2.8565832807957627,0.3851168838530996,anesthesia
0.5280443195340828,0.18335159691636674,0.011907641804809658,0.00627449866710682,0.0008957696232318275,3.084149717095148,0.36738945031117065,anesthesia
0.5295213695423991,0.1999202019330527,0.02022702511818813,0.008191220365128291,0.001052642430792033,3.1566943784038157,0.3940063217199563,anesthesia
0.5726850891631707,0.15428785137519566,0.01862399105049488,0.007481349290835825,0.0009053582909479377,3.003068654177991,0.3762238299699575,anesthesia
0.520629972886714,0.20709074122923612,0.01566064831606406,0.010117025167408597,0.0014761947875772765,3.133626646827079,0.39910567685134607,anesthesia
0.616395722614606,0.14798946482819247,0.016951573061267298,0.007335054506365422,0.0010924949524474638,2.908431565919365,0.37660839952574693,anesthesia
0.6362097194394337,0.13510278685794744,0.021894203786201657,0.007383866624308179,0.0009649049795075428,2.748962935461208,0.3803537134759968,anesthesia
0.5120955587616054,0.20830033338882703,0.024755075996466078,0.010118343918756299,0.0013914610254384344,3.0530996962379264,0.4095783187238158,anesthesia
0.5201626408062088,0.19680836681493938,0.017903537035948887,0.00844969984705848,0.0011394259736872917,3.0394521831475587,0.3996654981176617,anesthesia
0.5901870745133597,0.18197575042446404,0.014009668270692548,0.006300825662064563,0.0010101735523893238,2.7562000625523457,0.3912762280147396,anesthesia
0.5101700136720709,0.22530711599058606,0.017451872727782782,0.006749702070020534,0.0011293952602366361,3.0532642815970576,0.3938045389431878,anesthesia
0.5038367983271549,0.2016111382163293,0.019413145475475815,0.006125274693582951,0.0010573854575972627,3.0499449859546868,0.390513784035067,anesthesia
0.5670106466409868,0.1985239088522407,0.013911237714599525,0.006745312398329406,0.0011446999883341958,2.837697964637294,0.38809246139716463,anesthesia
0.5243083772572309,0.20625070803346085,0.015301921814474612,0.006592571495759008,0.001030249080676667,3.0054718149105373,0.387179417451864,anesthesia
0.5522673803157544,0.17798881834596772,0.020331208022300973,0.006830794931015995,0.0010745391307165478,2.8599322173664876,0.39258709889218407,anesthesia
0.6019735615586588,0.17233849678180863,0.0162895018803677,0.007803042462365275,0.0012005914632476217,2.7478116788158515,0.3862495835329572,anesthesia
0.5342967135524815,0.18001253172437065,0.014944120532924305,0.007234502642495241,0.0010068707103200482,2.9650995427297735,0.383340366543814,anesthesia
0.6061194954485177,0.14677297699419334,0.014344143601170527,0.007069099249435343,0.000991121866655729,2.6762028045050856,0.37179099771501095,anesthesia
0.635430614404887,0.14093107529680654,0.010724548160555618,0.00590156206066452,0.0009262659422570419,2.5962379354904255,0.3631154227865194,anesthesia
0.6095620131443485,0.149153234729375,0.013411782447417385,0.005690948584609199,0.0007866298892621984,2.7513329507507853,0.37017476279255956,anesthesia
0.5648449947346026,0.16733540655694962,0.01969836759961324,0.007221220640040804,0.000982576251175391,2.936625950827027,0.38694930129119287,anesthesia
0.6085044723957459,0.1555803681602563,0.02169035720652854,0.008370199701806694,0.0011005201394903817,2.8363577399668487,0.3931335905426815,anesthesia
0.5766644597137651,0.18232180419772867,0.01640892316303726,0.006284639225211636,0.0009102017547732895,2.851830559721726,0.3885630614772172,anesthesia
0.432812466248119,0.2647461980611069,0.028676004543048122,0.008427676203585631,0.0012477035642812105,3.3711985909258844,0.42398626265276446,anesthesia
0.5509967306084842,0.16338439396004434,0.01371771414171711,0.006335454146753539,0.0008506862848951153,2.947760824284551,0.37743318066444187,anesthesia
0.5898794847812624,0.15913267702680994,0.01391463187072962,0.006237179321993431,0.000888843314302527,2.848908530248318,0.3773442645301773,anesthesia
0.5267300527478355,0.20440374938110129,0.0175735386147229,0.005541717991712821,0.0009641605690630564,2.9489384014246434,0.3975433720506118,anesthesia
0.5392205516187218,0.18004632208480656,0.014901041210943475,0.0062417592579037656,0.0009674087916267628,2.9258562079280734,0.38041607661277577,anesthesia
0.5529112637317365,0.1768875531931305,0.01774933784085427,0.008118367243960216,0.0010462133503696747,3.0583729299542988,0.37919367138892063,anesthesia
0.5785872007206332,0.15003853016055302,0.013721491710475882,0.006250363473766399,0.0008266140196635684,2.8784557103416413,0.3743398183816615,anesthesia
0.6186638516866452,0.145963515322896,0.01506601916557119,0.006011629564764284,0.0007494621691490688,2.636306397330623,0.38009447870685903,anesthesia
0.5918353985524114,0.1624826412483936,0.017818870180302593,0.007830591804414104,0.001032246880946988,2.7633924184673493,0.3906116112789633,anesthesia
0.5958219474434095,0.15464046653481897,0.016839737931595,0.007291105260656014,0.0007906659065885986,2.7988590656064853,0.3833145590706521,anesthesia
0.5737010687969795,0.17177434876760844,0.016284060086166934,0.007827035476772477,0.0009168898037680277,2.823836188485505,0.39167161960795854,anesthesia
0.5602883795062068,0.1786573436458722,0.01733297986741095,0.006700076926443513,0.000981217075291463,2.834080973479432,0.3886409000608828,anesthesia
0.6135072737852075,0.14203297239585733,0.015212307677979446,0.007502486281664049,0.0010157381367423097,2.783763352215616,0.37849155455112554,anesthesia
0.6126996734768609,0.14795384493247773,0.015412252157041204,0.0066636214475019355,0.000907349846117017,2.8042849935629164,0.37253953994442174,anesthesia
0.5767516197153749,0.1622013654370499,0.01870938177286849,0.008183009977796285,0.0011225741037419164,3.0107735404830516,0.3805755473282678,anesthesia
0.5871488492913838,0.1727013804993325,0.01924979450787548,0.007809907106041313,0.0011445527210216311,2.8992203928128943,0.38471167429643943,anesthesia
0.5122263038073576,0.20619130147915837,0.015500603066769522,0.00805672987909197,0.0011471704990479977,3.0666644659136026,0.38809711893533727,anesthesia
0.5120703188785491,0.18475784137150808,0.017517084238140853,0.006927487048728982,0.001251997553688993,3.0673235174196374,0.39043868281429017,anesthesia
0.5945559812281095,0.16181529685289733,0.016119451898611515,0.0055465563177175044,0.000871826215387537,2.7230201762903734,0.38574335719671493,anesthesia
0.5545261614967011,0.19402988841016414,0.015347603187030252,0.005865215572422258,0.0008053042203601268,2.7605601919257268,0.39158589082232603,anesthesia
0.54347233611238,0.18175875599000213,0.018062339259623743,0.00647415955470392,0.0009299575760008584,2.9054275959362683,0.38927871398585306,anesthesia
0.5175192874231168,0.20214663901822535,0.019110530355566584,0.006682936482823228,0.001105866151931393,2.9368527790960766,0.3958104494368429,anesthesia
0.5763221533734822,0.18312992194747535,0.014033229599638914,0.0060562414004772325,0.0009266980679828562,2.8389003396560004,0.38302360367847166,anesthesia
0.5311414375287543,0.21094782196245956,0.016870933306628335,0.006480628126727019,0.0010349536713431698,3.0507948662465743,0.39551896050885466,anesthesia
0.5159434333126369,0.22318622757800494,0.020776122869102073,0.007500167399267393,0.0013093409661026208,2.9762223153418863,0.404778176359347,anesthesia
0.06023439797852093,0.07232837289312165,0.27802930150208016,0.36039125051510856,0.10909941585477241,15.656639382047269,0.7241413642641712,awake
0.051660818344009804,0.10124787548697856,0.239168948059681,0.3837936255837094,0.11844980169807158,15.916023307333644,0.7357788897223825,awake
0.06500697223654815,0.11962516109959863,0.18632551156230387,0.38790818015648587,0.10646365929330498,15.408778058318305,0.7372133162397865,awake
0.05974883702362816,0.09890388220853849,0.24131157837878076,0.3693322100089797,0.08745286199463138,15.227545377541482,0.7279366084873701,awake
0.06400803318407947,0.08060765194469492,0.21048305091365493,0.405981890485624,0.10378904856114818,16.269961904601566,0.7387167364434643,awake
0.08320148246588882,0.08128942291981144,0.18867101324802305,0.41158126397049033,0.09946276900875241,15.764661252556984,0.7394571182843858,awake
0.0851123980873878,0.08328538218315175,0.17512354470651534,0.4194601645627729,0.10307607324286751,15.518765469702235,0.739780732759249,awake
0.06691580832072141,0.09960996529382286,0.19971237976837614,0.4065059428920949,0.08211668772215444,15.286735505125964,0.7309035846706002,awake
0.06291726111716149,0.1125290153425343,0.2456191463934369,0.3616253963430192,0.08611343466983501,15.078596788326516,0.7254668608884033,awake
0.06436886715781505,0.08241728556580219,0.25889995423476486,0.3549263359931755,0.1107253036809181,15.798830051326533,0.731941757759023,awake
0.06846741692278713,0.07627975283752893,0.2171973333593897,0.39977499718778203,0.0927234440942601,15.531710174956071,0.7350371231922156,awake
0.07250939946947427,0.08294605879957567,0.2870811582418328,0.359418021671192,0.0803061651248043,14.505305532631262,0.7187795735092065,awake
0.05570710947581219,0.0846906313676808,0.28353837654397995,0.36185371804474625,0.09076370494991316,15.324867922231926,0.721521653071486,awake
0.0694144225673047,0.10534539346777053,0.24370055498865928,0.35543901818669466,0.08202723063568589,14.936408294489459,0.7249605492770596,awake
0.06015521801196077,0.10554344328331108,0.26249007680559394,0.3472099276502172,0.08535195524289743,14.84787515260048,0.720710589584058,awake
0.06462303367477938,0.0972890742601696,0.23046596537976902,0.3660457037670585,0.11165510235546111,15.74125617762284,0.7321248848282064,awake
0.07290911554728735,0.08117095896921317,0.2172759138936014,0.3744809822943864,0.09858531719556368,15.691107075726512,0.7328332345442035,awake
0.07072696792259567,0.09806128841342802,0.18539427817084833,0.40778675075327175,0.10134132371282244,15.804467076680181,0.7405674850216762,awake
0.07016142039495014,0.08659599965113038,0.22513104742143272,0.40089654991880475,0.08856073337279981,15.488308379392095,0.7300798345332746,awake
0.05755090869309387,0.07314297585752531,0.2589959265626065,0.39063061202760774,0.08150458675776608,15.704832088574085,0.7206927684422825,awake
0.0484414900436246,0.1089533939133592,0.21618708657769875,0.40145757183826103,0.08951025026243457,15.885254836548286,0.7333363644526399,awake
0.05548296524546777,0.09139353543312911,0.22939040375774458,0.41809483984997936,0.08948617000548804,16.061491370680482,0.7335905954162757,awake
0.05187262666736353,0.09969874582510642,0.2092125235318343,0.4072882638290426,0.09663945353299153,15.96797325161842,0.7375228661571963,awake
0.06916806916207521,0.09378493989371083,0.2059025609336568,0.40254724258854574,0.09550843645885586,15.651618525645672,0.7351420449079924,awake
0.05817436556760934,0.08193397976182468,0.24376759648113233,0.38369820306060337,0.0971256937351582,15.850900505622393,0.7324856976172067,awake
0.05102513298945448,0.07173624146661932,0.3106360559593724,0.3490789168779634,0.08343761266560508,15.23554159880632,0.7131714931835604,awake
0.055483128352217914,0.07228611119832012,0.3236721718194532,0.3479898885180246,0.07989298512453706,14.94039841743239,0.7070701868699548,awake
0.06146401576333962,0.10234988641243972,0.25702717621774096,0.3641774580547123,0.08516914710455568,15.038468405793694,0.7236169787707986,awake
0.06508441839681238,0.11733835960726655,0.217840838007177,0.36869984015027246,0.09407984912116961,15.157035249235138,0.7311323065304014,awake
0.04450799227425308,0.09800765782837577,0.22912600042679396,0.3921429951082916,0.09482543511262163,15.53874401544835,0.7291118236684745,awake
0.039745866710973535,0.07889182090364356,0.21676699931602167,0.41017587674253125,0.0980397373535223,15.853807113852397,0.7263149959121179,awake
0.046714258958586295,0.07659595178481828,0.19809541634514194,0.43018938704947185,0.1066290339226465,16.582389542614496,0.7376545626987387,awake
0.05945219514750721,0.07548260212908892,0.2175748948493676,0.42819007627446876,0.09608947674430418,16.30862696554277,0.7361562139367225,awake
0.05074179355428084,0.084203158845592,0.22120981765095749,0.4317063061968946,0.10336250975041991,16.479831894131824,0.7363976484650597,awake
0.04574908239897586,0.09942738442760736,0.2381180358054891,0.3962213819737888,0.09678893687685734,15.640486954436229,0.7324721370864682,awake
0.06740065628996475,0.08998724493159951,0.23811740804858691,0.3888230218279938,0.08702787707050302,15.173668356481228,0.7283315892526026,awake
0.05928558820966649,0.0807298356242901,0.257714034769511,0.3979991238069576,0.07320767307331118,14.910688682351362,0.7195202932527749,awake
0.07384173161392402,0.0912398278959918,0.20164592861117214,0.4059921580951749,0.09116561457849111,15.567474988363584,0.7343208492462969,awake
0.05667831758852336,0.08775820133410733,0.19513020002980724,0.41950436530018914,0.09275089627958578,16.298404181462015,0.7349472415334738,awake
0.05381905034994103,0.08637080085768029,0.2520965585650951,0.37587743677825647,0.09021965243992865,15.490609470688828,0.727882570575995,awake
0.06660555006509916,0.08443550514575528,0.25924952476358015,0.3636486521992096,0.09529797610588911,15.244032418502124,0.7301431506415957,awake
0.0644439163826103,0.09181156873446218,0.22715129896574443,0.3694534023777107,0.10744381590647384,15.315385113467325,0.7333530762308306,awake
0.05466533036809221,0.08611338730983682,0.2562776977856067,0.3651153071118783,0.10227960850062129,15.64725942706715,0.7276961394001199,awake
0.05719655234048324,0.10099918216312873,0.2621108934066712,0.3409053467994288,0.10856805026191267,15.480972465192265,0.7301775537556241,awake
0.04608356331719403,0.10550146977122496,0.23101747106052198,0.3946405079532973,0.09170802234158629,15.470106797206482,0.7330582906949101,awake
0.05176963910408673,0.09201200563600512,0.20675990881799397,0.4290466026256228,0.08863434202685386,15.908006525934875,0.735591769361742,awake
0.0641320078473835,0.10808124349554267,0.24036078347808482,0.3390571430037968,0.08973649653131334,14.968329466825393,0.7248410257909421,awake
0.07699161086068126,0.08473156138877765,0.21833148756282209,0.39170926369880105,0.09096901228290935,15.582236966977932,0.7350087855047382,awake
0.06335002252050997,0.09753745850836328,0.21074403380762,0.39783437665553045,0.09122758798771254,15.36065319596803,0.7334610319597193,awake
0.0601430899680476,0.1086044856269063,0.23554995317566366,0.35410182642472554,0.08914228200481514,14.943545962264338,0.723823229576359,awake
0.07032360683563978,0.10639094166305582,0.1834193934475872,0.40725934456128116,0.09906494174071227,15.89687508362092,0.7395379310303792,awake
0.05787224577131256,0.0949155790190773,0.20230228701962108,0.4256834822980965,0.09661136732556444,16.330420177128502,0.7383885429032891,awake
0.053062873858982625,0.07097661979015288,0.25630146565272244,0.3893763626112323,0.09429829977480367,16.048813302728504,0.7245973705144185,awake
0.053948808916497774,0.08690015490138055,0.23879967458501142,0.3881496113608132,0.09396355197635149,15.615690306128785,0.7304713479919475,awake
0.06536403031665738,0.09348382624583372,0.22051089771629653,0.4018862882271775,0.096862017151147,15.462561512547342,0.7348898207102639,awake
0.07225584277038952,0.09671736784202568,0.22588982821804668,0.3689819124739976,0.09561180142049296,14.975740328721942,0.7307605077673303,awake
0.05087695402846884,0.07082606630800227,0.21810920204056364,0.42908570466672846,0.10278233101233876,16.404532914372655,0.7351581965552388,awake
0.05563145338640199,0.0846361409987514,0.23376732348134718,0.3832807625037331,0.1098287312606678,15.819072527277575,0.7341039266312068,awake
0.07959611963979608,0.06818540969080633,0.2643872758330513,0.3668129136847088,0.08862465538700409,14.801187230805166,0.7246411615339208,awake
0.07657121382580653,0.07701259688656052,0.21409477181120182,0.4057970096485617,0.09187591209731999,15.448334976595056,0.7323674601402942,awake
0.04931862011333972,0.081246475446046,0.2083953847934007,0.45762736001190857,0.08013579378176539,16.369275088087438,0.7337822211875987,awake
0.05074015712783954,0.08422663865576477,0.20548718557626083,0.44390514274857734,0.08339995321886512,16.153780428482975,0.7271940781276669,awake
0.06987962046957777,0.07722002160831207,0.22757976249863282,0.3908770226291257,0.0802638172466415,15.331327250464229,0.7257501948529783,awake
0.07964381807204138,0.061197910411748054,0.22654776837140989,0.4116191542461422,0.08063608228196081,15.413260204030944,0.7294700172436613,awake
0.049242813919345936,0.07725202355190726,0.2180335734312765,0.44036166686544354,0.08241253167646603,16.045827594908463,0.7311384332370895,awake
0.05173903292443648,0.07475189159368582,0.23824737260180237,0.412503064692697,0.08026664019926856,15.581373267104345,0.7232125354235045,awake
0.06450037929489656,0.07392632344973225,0.1923407213517191,0.4757361150003201,0.08560251773685489,16.363910672171098,0.7322576047558862,awake
0.04613792070864915,0.07805456201649322,0.2049293947322421,0.4733330255877979,0.07660917205240991,16.425567945581438,0.7270573824127374,awake
0.034313428725212085,0.09418727863001804,0.20742863496005942,0.4586541795608024,0.08372858231005663,16.54033335094942,0.7327689093317041,awake
0.04639819481816408,0.06832842774450185,0.21016960559727285,0.49910347709742375,0.07252438259456423,16.538694788935103,0.7300732266711105,awake
0.055850848995683246,0.06922696424657128,0.22939732305900631,0.4410886182326093,0.07709901594714744,15.93643428294109,0.7275981454105542,awake
0.07510206201350772,0.08267137700956724,0.21203994102123855,0.40250232592044655,0.09498978374498314,15.656484187940382,0.7371738266969569,awake
0.05429387969257026,0.08893408282467664,0.215218839690269,0.4214437755679794,0.0843382002247683,15.739781431101132,0.7301671307330333,awake
0.038729325464773943,0.08269783974983108,0.21733574682743634,0.4443036304638099,0.09682882873641663,16.590361695677654,0.7340641842053888,awake
0.05024769584773857,0.06453653026877404,0.24097844501070098,0.4218074439710061,0.09186750493542632,16.086681810075227,0.7296475151629019,awake
0.044065098562459035,0.06214095432858896,0.2552056201956772,0.39369952660070334,0.08354505220870449,15.681709772239106,0.7152578668365105,awake
0.03983646351768099,0.06485453708999445,0.2480682360373718,0.4151608102524393,0.08868586139292642,16.068343308139006,0.7197567337175158,awake
0.0845026023010554,0.07833042557428303,0.19147883271008762,0.4356109619038424,0.0941451614928071,15.848523887657706,0.7383069279589111,awake
0.07606654497546358,0.0750953827908411,0.1967239522793027,0.43924775201448124,0.10496938200430779,16.369500075503858,0.7414606634360021,awake
0.05723620087913392,0.09447299433043126,0.2050172153230668,0.43624152679131956,0.08919653215671983,16.150061864623442,0.7343294479550871,awake
0.05471383322833122,0.10646895143476398,0.2058079548418903,0.39108559491295786,0.09502920607866365,15.40845873260095,0.732638663577607,awake
0.048654837440280894,0.10500915456745666,0.20102002204076608,0.4059464351584301,0.08813184036056616,15.607096602420826,0.7283034549537862,awake
0.059414678619531536,0.10012355491331727,0.20705447542118735,0.40254274161814907,0.08460280607896585,15.449534861273316,0.7296938421428031,awake
0.0693008693903091,0.12177247474146485,0.20859932158134278,0.40302722283602044,0.07578530906456263,15.028882507817748,0.7283106173301372,awake
0.05510607569274433,0.09965169231665859,0.21589949624385932,0.422307567530596,0.0811333932722453,15.632483456744831,0.7327291223370075,awake
0.050447872390593694,0.0699045990910983,0.2532386751813025,0.4312209756349027,0.07964270593077379,16.07098251246892,0.7263666363102749,awake
0.05257678186736336,0.08284117254988327,0.2509568780640514,0.4084292101450879,0.08244487345264578,15.710997796754516,0.7274613842168577,awake
0.049212823899893954,0.08173824696707514,0.25667137664882805,0.40457571748778537,0.09441096809545954,15.994670520797557,0.728742489343705,awake
0.07641104286407292,0.07798175100635772,0.23399563926673286,0.39217788692414,0.0968567531768293,15.483357809191034,0.7322626603795502,awake
0.05465379608284978,0.0807601855670401,0.2673724989174364,0.3903202979524413,0.0775043020882203,15.148571617371875,0.7176956506421939,awake
0.044860479851762884,0.0860227857110384,0.21539250486873518,0.4372472555861512,0.09400320420389723,16.01883506427118,0.729551630786629,awake
0.03367687784861995,0.09211758016478848,0.23307242748708767,0.40274677952157434,0.09453943430168771,15.96569174101465,0.7263821898463573,awake
0.050625740650068245,0.07389928484130925,0.26221321334478526,0.3744613661663985,0.09388496278105458,15.494645130959805,0.7210859538782101,awake
0.06022946764641504,0.07266558098991706,0.22710939963109864,0.4231426003352165,0.07931049859993924,15.778092499571326,0.7277592207025826,awake
0.0482175013732665,0.08117561812281819,0.21520405536318907,0.44092118264527946,0.07959187646901689,16.083795095052256,0.7289950009968832,awake
0.0437473831610414,0.09166822843726367,0.23526038729966,0.4125221107135912,0.08362557531216076,15.779331347673503,0.7280424629715206,awake
0.036063458546516276,0.10236517472507667,0.24328265304637578,0.3915556050010746,0.07765624812695189,15.300304492889977,0.7193043646586506,awake
0.046203311767466976,0.0961198759040287,0.25033154810860414,0.3768502462586152,0.08767369936665224,15.447907958437469,0.7232752559877801,awake
0.03872852370022356,0.09332391328637057,0.25588713495101245,0.38436595550902686,0.08768042686803562,15.660975601682507,0.716388579487391,awake
0.0514508614139848,0.11108615561200494,0.21039489164433428,0.3987860514797278,0.08993728757635573,15.688208992717964,0.7284118898668683,awake
0.05205121314530116,0.08435729299195147,0.17967273074895995,0.4835024036012531,0.08233418274871213,16.467562372944222,0.7368249171301351,awake
0.05181719609642916,0.07501602246279156,0.20582476644388364,0.46549254670468065,0.0842611441456836,16.52082246800455,0.7354222204870953,awake
0.05230092395849035,0.07483356279250279,0.205531030135943,0.46499351104324993,0.07380668436256843,16.251873994271747,0.7313782177972084,awake
0.04022385789632602,0.0878829209286346,0.24338340290929147,0.4288441594221945,0.07382688517936414,15.803005156751425,0.723029056211952,awake
0.0393438457702127,0.06758367290115518,0.26476656348175076,0.405650682952734,0.09270616536365112,15.998086381039895,0.7218436090986344,awake
0.03606117137573047,0.08134747362079126,0.24185412357653333,0.41753640496205163,0.09440443274422798,16.386408498591372,0.7267833816966776,awake
0.051097563276914934,0.07602862047457082,0.2602439022079189,0.3845641628472265,0.08595665572497418,15.6626118230351,0.7230410971025887,awake
0.06096077244562675,0.08964721383374592,0.2172398491950035,0.3983687960972613,0.08414627328940617,15.46003719437351,0.7296226262388578,awake
0.05725466124215222,0.09357747197256608,0.1961206324916543,0.42837014748774027,0.07707133466121,15.497778176642548,0.7279765568679517,awake
0.052652055469961774,0.0804745591757381,0.21537149033146277,0.44838002441078384,0.08219870443361958,16.090639466741827,0.7335107042865384,awake
0.03724505573534054,0.048926380892216924,0.2951752395397009,0.4243917009974352,0.08684770921272446,16.409661161617056,0.7171085300318341,awake
0.04801561688628933,0.08149666916180504,0.2882844025173839,0.3845223596469261,0.08267955414056254,15.5963591466259,0.7169453337875863,awake
0.04963416538079474,0.08384450570830114,0.22338261020341071,0.4135965535986591,0.08908318739819006,15.966536435905574,0.7307438018077249,awake
0.0580204099389938,0.07389168929986856,0.22820230630951133,0.4007970100582621,0.09037943940236404,15.690540493492334,0.7280700578405913,awake
0.0792834553974857,0.06448410698819526,0.21395155624128037,0.3979569533225452,0.08804596171913373,15.658004520816261,0.724710773135786,awake
0.05609941709212478,0.08720031148812128,0.20470405465804598,0.42864867135628476,0.07090656854129178,15.088574993344572,0.7196300464669588,awake
0.05232728914324384,0.08514143154313096,0.1846145932082807,0.4749796519934816,0.08025946754903078,16.21017765861719,0.7346788310205246,awake
0.06272473512852798,0.07592468540061817,0.20706945312962424,0.44121046057367,0.08607716747968354,15.981048653220729,0.7372629924308686,awake
0.4310774943828969,0.26983733312674407,0.0575312977539092,0.019242053380961636,0.0026888424414322418,3.955299585422803,0.46937460164554623,sleep
0.48621802703303907,0.23134169878893052,0.04151799311061932,0.019136541925143188,0.002667193527341388,3.592273752918518,0.45011975510996466,sleep
0.514799186012797,0.21964143517027526,0.04016875096341878,0.014957817661870931,0.0026121286164078423,3.335341799942051,0.44131530558018583,sleep
0.4847385929527823,0.23102519964610269,0.0467440654105133,0.016360079766955544,0.0027441753368296676,3.412115666183334,0.4465679125771372,sleep
0.4919995832711996,0.23110652313702165,0.04057800331492812,0.019059934090796874,0.0030285928905835965,3.4941650677751146,0.4350252918559237,sleep
0.4959915906440551,0.21188075872859194,0.04005827660479362,0.01515732846887397,0.0025660449379956546,3.61738377805598,0.43620308696513077,sleep
0.39064093780971726,0.27373944388083604,0.03698194493317157,0.014572329276797554,0.002454420885512712,3.9111987083221034,0.4414817743457896,sleep
0.41429987764907045,0.23824987764749234,0.049564292521775175,0.01802430147208995,0.0024717127014805833,3.791777567783039,0.45359434088952727,sleep
0.41456025054322243,0.27353273038672904,0.0665209671093329,0.01892947887497322,0.0032420415574828374,4.0299771770985595,0.47715831903092404,sleep
0.502292393130375,0.23720700289604982,0.048962166461497876,0.020005413541105025,0.002878688227430791,3.538534791879387,0.4526969684856992,sleep
0.5784013226769963,0.1955090584020426,0.03500849485476983,0.016283676084985686,0.0030098076130777728,3.1597897723165453,0.4229049289541801,sleep
0.4801498881374241,0.2283175155747375,0.0347343300790994,0.014638357592487381,0.0026278232953573437,3.48944881381847,0.4318787438477637,sleep
0.4932060397397556,0.20427160528363886,0.046074410893155004,0.015773837320685706,0.0022771688655786573,3.569560184912914,0.43490109686034484,sleep
0.4457445478300386,0.24134819316426104,0.048868582993971524,0.021885403770850496,0.0034244864084961193,3.788750390600195,0.4575342104013936,sleep
0.4662347676592901,0.23894003467657834,0.04880418172207986,0.01730981698755954,0.0026925243771452824,3.6568368230550408,0.45028402034607806,sleep
0.4040876319146409,0.28145609046908365,0.056908832901225476,0.017173827229803325,0.0028084293972202605,3.915456305532291,0.46534321720699895,sleep
0.4132308763383918,0.22033229390009204,0.04365076094612325,0.014500748119236753,0.0030283444001544344,3.878236953090959,0.4352478012539077,sleep
0.42401987894759297,0.2435322879375221,0.03207018794343641,0.015175435130868697,0.0030849835002148803,3.729138099007229,0.4331581668542828,sleep
0.40956403952676046,0.26835547362456785,0.0464899165192446,0.0207678538709373,0.0031912716137456995,3.943773245222606,0.4646067364870167,sleep
0.4317831529896089,0.24015143674765863,0.05365890202525856,0.01624315789603211,0.0026819283462312412,3.778147088111575,0.4539598325324119,sleep
0.4237034176810012,0.24520055479826966,0.06192489744902518,0.014648168558152893,0.0026796199652713093,3.9044162002531078,0.4604374770238077,sleep
0.46565353779158014,0.23833548295034562,0.048714790408477426,0.01248718157721442,0.0025212857069943,3.6109418749408877,0.4453118474218984,sleep
0.457412161634102,0.26446723674171696,0.05523278751958015,0.016707359288678465,0.0027380944057121288,3.8083199655640088,0.4604036357570359,sleep
0.4395516525515069,0.2622519211068538,0.043409514376279566,0.01543503713630955,0.0025152922712164804,3.8802301174015246,0.4504202349508718,sleep
0.47518444851271613,0.22455951322293605,0.041491969522979864,0.015953488498562415,0.0021858053137702262,3.5727025780113975,0.44064449281584567,sleep
0.48976764699761954,0.21702819124445524,0.0418405068555931,0.020808562770845907,0.0024878369079735126,3.562039423912705,0.4415055121833244,sleep
0.48362389917221016,0.20103791200129578,0.043357709508435205,0.019461826624369887,0.003204564939663892,3.6386117387045727,0.4402897091427538,sleep
0.47400867631776056,0.2552301023711986,0.04418988725717537,0.02170970165060551,0.00371093589126171,3.62480583966963,0.45813454671099524,sleep
0.4359789924597226,0.2682282593483191,0.04383479525639878,0.015270739753807609,0.0024184327780778342,3.6282756368302174,0.450841187691988,sleep
0.469213426278497,0.22128610105313037,0.054157058456637916,0.017484872128653572,0.002969160059636469,3.7609764753296697,0.45661111523809145,sleep
0.5930805956518491,0.18395903698412988,0.03398667677005591,0.01273205344294529,0.002543558023933192,3.072620480123192,0.41273473207428724,sleep
0.6231066011871002,0.14511164512084862,0.039944111369934455,0.01209556106944631,0.0020796339973843947,2.981475270318768,0.39913788788020566,sleep
0.42597329141573526,0.2412587735606934,0.05208482352366132,0.021335662950874076,0.003303328126467035,3.960567864337284,0.46398746939608243,sleep
0.45681550375785496,0.24392941564400333,0.04420236493116017,0.018009938657698753,0.00281322694041596,3.814978654559549,0.4558706707426746,sleep
0.5187543125575387,0.21225526266093997,0.048743133570865155,0.01963489436685357,0.002822134356452504,3.5577455686497665,0.44698058041180966,sleep
0.47092396294284106,0.22104432488531905,0.05706111529877726,0.023242372180482054,0.00398344907415422,3.818387740404562,0.46046141858453454,sleep
0.38884877883500657,0.2699574889146802,0.06399360529703108,0.022631281154698268,0.003410605106119886,4.191927486849754,0.4735243100891989,sleep
0.35649264305061695,0.3092663011134457,0.06618205737315459,0.020534960870949113,0.0034892757840739494,4.303997290949439,0.4769891993701567,sleep
0.3650889347182279,0.33989595731470734,0.05654714709535687,0.024558637652028315,0.003182989885660298,4.134882063161448,0.4748537840640571,sleep
0.49416921846788564,0.2035561302109675,0.04288681452642415,0.019016827586035713,0.0029068129920873094,3.449877410779056,0.4397257661404099,sleep
0.4658809621567222,0.23639552099151998,0.04341068547295944,0.01553302210312108,0.002682374971521971,3.645593395355925,0.4379908287506174,sleep
0.39653138436978586,0.28932432639868416,0.060061838786185186,0.022279314138076087,0.00395889711852388,4.324716345920432,0.4717985682850656,sleep
0.44091371491919107,0.23661502970998205,0.06569058245176673,0.01799667694490827,0.0031035158652752922,3.994614231372642,0.4620690412671742,sleep
0.5378345091449438,0.17166179588491046,0.05241611700037602,0.01661037716483322,0.002498810076358198,3.355531244662175,0.43470995739935947,sleep
0.47051959129194104,0.20090421243968756,0.052358124512082965,0.017412271681825513,0.0030423702164479997,3.7274060002900664,0.44777688311861835,sleep
0.4648023024628258,0.20955979241299608,0.04511208864627128,0.01763307722808731,0.0019502781130260956,3.70102783397445,0.4374954298699701,sleep
0.5470525410197193,0.18957725982396934,0.03518049458318607,0.016319569931709535,0.0026685445753322963,3.3691764402557176,0.4263086665952802,sleep
0.4741108780828256,0.24520883254879183,0.04258377091274817,0.01588737963550479,0.002663899691137211,3.407090449417845,0.4466122585702961,sleep
0.4139251487427424,0.25553021123905456,0.04171801570861045,0.017191653289223445,0.0028634801972797722,3.7714140243652996,0.4499185073136223,sleep
0.4356941584448341,0.25083429093913173,0.044064748443101626,0.018467952486761856,0.0024182788067069094,3.88177827815466,0.45014050931132454,sleep
0.44809966102561055,0.26005606829287264,0.04096442971221168,0.01644058679558561,0.0026034239328367945,3.7845581921119087,0.4540942766610736,sleep
0.4439606662856226,0.25321820398716927,0.040052596275301694,0.015275507374119042,0.0025844352623722016,3.7135662795411557,0.4456627017810548,sleep
0.3923923068082221,0.29810207806176053,0.050200712531282776,0.01653822750564148,0.00268709908650407,3.920104569612515,0.46069304220938684,sleep
0.4032590410854827,0.312019941294325,0.040055609571932056,0.015357445331777771,0.002680471902806756,3.9221483667645436,0.45510034140971417,sleep
0.4091549238683421,0.2531708974190257,0.04186944714499013,0.015207672142503887,0.002487654509713981,3.8081800782505724,0.44219295532251435,sleep
0.4092657059798437,0.2499374387713016,0.05408413011129365,0.02287151669547918,0.0032785194393296644,3.9573485313910766,0.45801374532783334,sleep
0.48488111521949506,0.2068306927708838,0.049874321682928824,0.018941365102163585,0.002699214118975226,3.7698875918139456,0.4489388639336816,sleep
0.514044136840561,0.19791524078221126,0.053139300363083536,0.01432148239008233,0.0024126545178121514,3.5064914607903668,0.4379756641198927,sleep
0.44106566773749645,0.278123570102125,0.05396385216491231,0.018047128878210347,0.002783824939023906,3.683252441097894,0.4598642252228965,sleep
0.4385701830686441,0.24524310057702825,0.04402841144148665,0.020296172297162626,0.002813192522419343,3.828896823822792,0.4552678082750467,sleep
0.4137093687951877,0.2777321550000105,0.043325331399975124,0.013869454972022702,0.0028197852464168166,3.935138518358756,0.44973015763018626,sleep
0.48237113689478084,0.2404227273495258,0.04029291987970947,0.013588092173851225,0.0027633500999406577,3.62717234642589,0.4456243220564402,sleep
0.5311604473264915,0.18937852998528668,0.05538106309484037,0.016845784348074707,0.0029304431536988965,3.5949779309874903,0.441599067616206,sleep
0.46611132805804795,0.23026744141328595,0.057234728653009284,0.01738611386750954,0.0026536899710141444,3.731880864666897,0.4620079752779221,sleep
0.5031011476246803,0.1890845198955884,0.0492882720262343,0.012335691966516888,0.0023274312799271687,3.5191256167991707,0.43481118875205393,sleep
0.5282910430200353,0.19742144329223243,0.044722735487648324,0.011831388887598382,0.0020802926479423977,3.421528535949031,0.42721854925184244,sleep
0.5287149884698409,0.21648190869515,0.03811249723038398,0.013688621439725825,0.0021658659517191227,3.3084223123999417,0.43587074011323257,sleep
0.5208618873883585,0.23759294383624674,0.03761970859944589,0.0160579499809083,0.0028281223273557677,3.459416692049744,0.43891342512848225,sleep
0.4463498277653622,0.2538050854291421,0.054513330026030954,0.01866415167021906,0.002934741184062271,3.626502202301967,0.4565188653254122,sleep
0.5157652806084799,0.1883313543992278,0.04331188045265543,0.016905766451504173,0.002404871474916674,3.438460973642346,0.4275427050027131,sleep
0.5336086049699527,0.19301786448742153,0.054375972896975724,0.01651306324406817,0.002807598039611273,3.590185350737438,0.4420649214526902,sleep
0.4446572368424415,0.2549446506317246,0.051667381543173324,0.014945760884951146,0.0029669664683161616,3.731741772502888,0.45859315705401027,sleep
0.4115248543639357,0.2465310071412439,0.05117497771122855,0.013243412400318687,0.002599532987072712,3.6897094956917735,0.4440900099258951,sleep
0.4315882858467712,0.24537191320304474,0.046668011427665856,0.013245137487015387,0.002110025007883857,3.6772586380868666,0.4427564588064235,sleep
0.4809948673064377,0.23287741571540024,0.06267422192395036,0.014016308486366187,0.0023502434105100002,3.6090725891223316,0.45725688940006554,sleep
0.4615773832829459,0.21645862768255603,0.04573039007902706,0.013404792104518495,0.0026095879108458927,3.6483320491024624,0.4451112377352276,sleep
0.5669508651113544,0.1834048704031085,0.02863133321353563,0.011161555076528829,0.0021961151936670032,3.0874594917432616,0.41609867097392317,sleep
0.5256709585490396,0.20439360387456143,0.04179218416284407,0.016685759022216626,0.0027362825763206505,3.377806383826768,0.4428895664542948,sleep
0.47389891281382135,0.24342832260724756,0.03962057795072461,0.014809937634252944,0.002366841729256978,3.4718654306974837,0.4426849895913852,sleep
0.4767930514013009,0.20975878224355787,0.05422431744415817,0.015189843753119367,0.0022066116045290347,3.607778347728976,0.4445754018432073,sleep
0.4591062401204823,0.20767048723878212,0.055154220906348264,0.015991959205056992,0.0023394757687743516,3.670173413960534,0.44600267334121485,sleep
0.46018492570992303,0.20736096001708068,0.05850891205423818,0.016566812021218385,0.0024813932907105842,3.676106755094899,0.4485726190302841,sleep
0.4343905281530046,0.24017652837019396,0.05522973643466698,0.014923840770205338,0.002307671700563247,3.8124384570698413,0.45196206240623843,sleep
0.4505758025151964,0.2459433218885204,0.0487888652441853,0.014629532491357964,0.002244619602096468,3.6332243797428037,0.4535421398539901,sleep
0.44928901967522306,0.2243500670685886,0.06449259334250125,0.016909765091810153,0.002643865936075762,3.759297744394194,0.4663976892928673,sleep
0.5248730906988819,0.18125982689808148,0.04254341153869098,0.016748845538591572,0.0025027029304062363,3.5414886642236887,0.43459355011487216,sleep
0.5043273360613695,0.21290872330485047,0.038193317520236976,0.01681424999746236,0.00234673549132032,3.555829480372509,0.4381175636706287,sleep
0.5035836413494126,0.2113822927284942,0.041551978037049644,0.012563864078549838,0.002392663009825731,3.4609407219994632,0.4307448006363914,sleep
0.4882029097524324,0.2042179607694449,0.037492462043156795,0.01209821585028575,0.002139775269163572,3.485210797672934,0.42632722880634066,sleep
0.41300177392069265,0.2590961091489888,0.038563797245819716,0.013047149020052128,0.0022148137804748388,3.733190736685495,0.4427163810269844,sleep
0.4401141012106787,0.23639345602833403,0.047755679146680004,0.016146813730584127,0.0022410054921694314,3.649045065851498,0.4460646922219995,sleep
0.5245300486591704,0.1633558077263037,0.04184724615474359,0.01364758021537807,0.0020737190542907398,3.3201317564058397,0.40961800853991187,sleep
0.43813297698078635,0.24892457311919478,0.059351880678076355,0.016465045781293177,0.0027931110748298316,3.786634362311486,0.4557382770142827,sleep
0.48324803369747266,0.2376293091739265,0.0400995118152928,0.012644463545991521,0.0020961170116211565,3.457838821169907,0.4367899910196896,sleep
0.4752268603117367,0.23938098970882485,0.03660311712481363,0.015100524217596969,0.002013194069476072,3.4580956359897086,0.43416081881637225,sleep
0.45836666806776166,0.2655255160568717,0.0454218935545674,0.01609499345804639,0.002253901815744085,3.5105538311482194,0.43463441278924625,sleep
0.42153848783477926,0.2643665253022424,0.05627712574133875,0.017370278009710936,0.003277274854622144,3.864571187180275,0.45353033862445147,sleep
0.4973934264731564,0.2253553628064197,0.038434414619005985,0.015303286553884942,0.002889337952783158,3.5323587252409285,0.4417343933363287,sleep
0.518224425035894,0.22711524400941813,0.04129448241748352,0.015499154687753978,0.0024300244078666565,3.461828747767208,0.4408836018981177,sleep
0.4779793439485084,0.23446278901600462,0.04365556162130302,0.017190124232051473,0.0023842096173647682,3.5798691089441133,0.44555268891285627,sleep
0.4284733298519217,0.2698714676649423,0.03780299370714756,0.013221986597255405,0.0018547681378124938,3.5974888674153007,0.43979708082785335,sleep
0.43288675692945133,0.26031914201292555,0.03982641610339889,0.011881891929225959,0.00228327864385193,3.6086656485856645,0.4357305279955985,sleep
0.45698152808344095,0.2503190266082859,0.05287079641128158,0.01429321190687092,0.002779795416694657,3.6790849496733453,0.4541725576556362,sleep
0.46111859323456594,0.2610069973274107,0.05104535769196478,0.017114325209984873,0.0025937791817215537,3.6575805267513584,0.45880255533758135,sleep
0.37729514294345823,0.29621994618727626,0.04598637578010571,0.018800369488562365,0.0023981077498105834,3.9696286882985508,0.46067548064331176,sleep
0.4512980240537467,0.23162254249298134,0.03763497869308055,0.011236799742143993,0.002061187649425392,3.6014185843220985,0.42892570740693126,sleep
0.5476943766840295,0.17982561838854255,0.04094574558545105,0.01195214708204151,0.0022726804375878236,3.4327059944985194,0.41830428408049225,sleep
0.42317463749188916,0.2642344216581632,0.050016952430681015,0.017967065798122527,0.003326029053117769,3.9341533264774884,0.4603708843462535,sleep
0.4352866345600149,0.2217137340419421,0.04636448283374979,0.014327991565751508,0.0023574591618696116,3.8077833684593334,0.42718557398096924,sleep
0.4358995149441712,0.25809709510254325,0.04343872546859395,0.014684817136338324,0.0027037288064232262,3.728633287229823,0.44068823737915913,sleep
0.4380412750587829,0.26000648872778526,0.052846325836835406,0.021459647666304454,0.003092050160183607,3.8832092894932004,0.46928955367446995,sleep
0.48404143826006585,0.22278389670650203,0.04365250101386262,0.016142392192560272,0.0024148511585196596,3.643135726605129,0.4439937593624909,sleep
0.5777426936508575,0.18317847694584713,0.0304102258672583,0.012651012207332816,0.0020268192024976137,3.061060641529613,0.41607688340216104,sleep
0.5810620030018637,0.17280801845093235,0.03236355655322386,0.012716883807775267,0.001819466388097062,3.1409953647027136,0.41504798479262744,sleep
0.49798151695326826,0.22334315544176006,0.04270409550001634,0.015143765737103996,0.0023435667228300034,3.4192415330877637,0.44293304217221524,sleep
0.4536990927470375,0.23974640704205072,0.05093263118717583,0.015880074877131046,0.0023243266310094823,3.6544974518554474,0.45268869117553506,sleep
0.43627778772445475,0.24571063969020507,0.05454883983552165,0.017270888408463764,0.0019105545317045188,3.8220678588635417,0.4623785340416969,sleep
0.4677221397302771,0.2252263294890681,0.05043096178495837,0.01421739180763151,0.0018321424345683736,3.5223587558396408,0.44960605457389907,sleep
0.5557919824512167,0.1362675420538628,0.01389830030530362,0.0067919796891927385,0.0008997891710366519,3.031752080722795,0.34936787721428847,anesthesia
0.5853505685742592,0.14235574874485923,0.017452143514920644,0.0080194484263266,0.001236653437598034,2.9234081898111652,0.3787345410230615,anesthesia
0.46594078729089683,0.22008129480069147,0.020589331909367813,0.010833222529147011,0.0013160929914835177,3.2640406160680007,0.3988192948583618,anesthesia
0.4813374708656649,0.2587539683598747,0.026730284319868916,0.012725137045113884,0.0015796626650382932,3.1251219969212705,0.4239893011630231,anesthesia
0.607647342872208,0.1635007073165357,0.014396454655606392,0.007514186974579768,0.000890288539517686,2.7861875906412124,0.38541816221227343,anesthesia
0.558137423201971,0.15777102181885655,0.01784818172482341,0.0071295838843527274,0.0008480972981992135,3.0355363282416947,0.37687655562742817,anesthesia
0.5750738042772131,0.16321305800561994,0.015373133162140236,0.006862551526662438,0.0010596958064478538,2.8839592150815436,0.38402476548463577,anesthesia
0.510558497808618,0.20652607767645687,0.013673350819198868,0.006670943138280819,0.001272587280323987,2.896701240540618,0.38821332927332486,anesthesia
0.49463727171682087,0.21447180694128012,0.01659050998849483,0.00604228840191526,0.0012276453211873036,3.012886766776036,0.38882719828007534,anesthesia
0.5930824102001017,0.1713447915239522,0.0156635908041117,0.007617300883922166,0.0009640130059672999,2.778929396399264,0.3837561841320237,anesthesia
0.6101126987921193,0.154008486958109,0.014317136901409136,0.00682657062582109,0.0008413582259333922,2.7292163153600804,0.3811028743710257,anesthesia
0.5932459587490349,0.16788101211449838,0.011866747041270623,0.006147673847588987,0.0008734925152469453,2.7490437503923295,0.37836581488813764,anesthesia
0.5806090205825865,0.15112610229101614,0.009877496330649169,0.005765843837290585,0.0009077343464714801,2.772359206050438,0.3635317876019055,anesthesia
0.5898878428031898,0.16215101416511893,0.019942401501229917,0.007617275181021699,0.0010649054860547389,2.7779073639170635,0.3904218738007972,anesthesia
0.5991339399732564,0.14692832241202197,0.015079121130993056,0.005983998025466486,0.0009728608623328354,2.8079712730403807,0.37817668287923195,anesthesia
0.5897159801341387,0.13795379448801004,0.01481136188001593,0.006478971251264611,0.0009356067886031323,2.7932264839675938,0.3677828286518252,anesthesia
0.5568492990033278,0.16006805486675124,0.01600423574563104,0.0083820689411951,0.001244150959417728,2.995410267285227,0.3805603184126619,anesthesia
0.4645284588007753,0.22982533826821447,0.019738544490066803,0.011051799104651842,0.001512660618714218,3.4059744048699323,0.40450134902391094,anesthesia
0.5518750594123395,0.16292667735134783,0.018973210707275433,0.008866419040766066,0.0011589487930097372,3.104956570495989,0.37734603676763184,anesthesia
0.6073541128058945,0.14303475118569423,0.0171403615300865,0.005879578569921158,0.0007905169740728041,2.7921619705028653,0.37616391154337414,anesthesia
0.6314393845454008,0.14556622579106343,0.019528477553637895,0.00797608607975596,0.0010423989467674777,2.6654307441933365,0.3816323964397733,anesthesia
0.6463958859700201,0.14124724369648478,0.012519934394929542,0.007152287982993086,0.0010074224743648217,2.503966509208448,0.3736293132207336,anesthesia
0.5673836688844547,0.17556991886834977,0.015429969911363486,0.007055523969498375,0.000942865193233852,2.879071772642143,0.38516544180445605,anesthesia
0.5388973841780321,0.19677777461225787,0.01737514968045744,0.007470550945788209,0.0008758114215030114,2.918898325904619,0.39554239154139104,anesthesia
0.5384896040505379,0.19723566617939264,0.01108455550690266,0.007643400470177394,0.0010679325738236335,2.889959954579798,0.3885832286790808,anesthesia
0.5579435969153022,0.16515993352255637,0.01062471487131535,0.006538194200551341,0.0009514165603581576,2.9730018793088,0.36548866466008006,anesthesia
0.572957488130787,0.1474673526881905,0.014048067596687249,0.007476483285468154,0.0011666259889582125,2.9078390132726946,0.36759116217196103,anesthesia
0.5675960918757263,0.17632104900526355,0.019072967348791884,0.008065824886367033,0.0010877188487234603,2.9354018114510865,0.3899500906561548,anesthesia
0.6127035099313057,0.14753725602247086,0.016838750116545613,0.006959450188552611,0.0010635685510341504,2.8156528953691873,0.37798144777334014,anesthesia
0.5912302264569813,0.16181756569119973,0.01925447547913479,0.009406186867870737,0.00112339697572236,2.9746173394010813,0.3849902789102858,anesthesia
0.5748106279296266,0.17877460434790476,0.014958763863957378,0.008081201414916854,0.0008396259265116703,2.8213242250774644,0.38459976100350635,anesthesia
0.5305301978207386,0.2070235594868373,0.016188182258946086,0.00932938845876298,0.0012421964238184735,2.9324679531934708,0.39705813948289853,anesthesia
0.5586880996047391,0.18367097421517095,0.023324926440746928,0.010310489017842183,0.0013532546904046075,2.946827053848987,0.3974535388137267,anesthesia
0.567679223877619,0.17047554740477924,0.021285715587714204,0.007935147657058023,0.0009428743577662081,2.9203848470945792,0.39571577490307197,anesthesia
0.6084000230399698,0.16078335441632907,0.012803749668269634,0.007122390497674743,0.0008921684597623691,2.8221809005019853,0.3750941342707846,anesthesia
0.5855523967295695,0.14512617596325253,0.01501665468585641,0.006068573280103205,0.000858404426288061,2.878369990965882,0.3698921286979606,anesthesia
0.559266999726579,0.15637625490872786,0.016168297635734217,0.00607075261739709,0.000958543693863184,2.9421600508214367,0.3735865080127475,anesthesia
0.5730199637702975,0.1557603024457188,0.015842621235947728,0.006861543403565955,0.0010211214436900199,2.8974870932977135,0.37342185678964795,anesthesia
0.5636342178156025,0.1370325370615398,0.014268127854278806,0.005910250406993023,0.0009177343458795268,2.9398083936825996,0.35431591561831943,anesthesia
0.5585781403021683,0.18869159651687775,0.017517625457388674,0.00713940811125515,0.001107622616716982,2.9138939456321196,0.39499389137615754,anesthesia
0.5957893104701953,0.18945478502737276,0.016854766824424244,0.008315675861530827,0.0012565749650215352,2.7532367103373687,0.39494198922556767,anesthesia
0.6127656942905073,0.16415514569147824,0.01939439859694023,0.0086839602154037,0.0012782087502990513,2.7124268460536527,0.39166856581689014,anesthesia
0.6031277821901175,0.16984272898470032,0.022258330192451787,0.010914111213949761,0.001533305312681924,2.865797736538245,0.39367052901874183,anesthesia
0.5466074939996605,0.180741327033887,0.01778045047750102,0.007420896580690595,0.0010553534295668664,2.8354006041327704,0.3887284033978729,anesthesia
0.5776368992674161,0.17480276043551124,0.014976764563363845,0.005939475269720212,0.0008490864922387673,2.6822454400417675,0.3809350854470918,anesthesia
0.5933214674058915,0.15521315579771786,0.015993075756780283,0.0047446810342224996,0.0008362195468208381,2.7221153752909815,0.3757936307043743,anesthesia
0.5767417105050873,0.16825615306968425,0.012885386214979797,0.006121265199569119,0.0009868713583909526,2.7990824457677728,0.37951138692600767,anesthesia
0.5540636324959239,0.19990738107431213,0.016358865421690825,0.006694863259130823,0.0009693233373179411,2.779543356303306,0.3897395865655848,anesthesia
0.643061550195746,0.11775000062645263,0.01942537469164553,0.00697791136729992,0.0008861994518959898,2.6425238871622545,0.3703957029480628,anesthesia
0.6216577554409893,0.14229650612648329,0.01832827218938953,0.0077436624549110595,0.0008494475452820088,2.776660614410657,0.37227926411477696,anesthesia
0.5928358437224082,0.1972188934044673,0.01443699279070942,0.00801714515683658,0.0009661944422867883,2.8299832551691915,0.384043079960613,anesthesia
0.5090504361018428,0.21096639963863092,0.024351567571302222,0.00833502598797704,0.0010696756184231746,3.0892391799048156,0.41006013959916854,anesthesia
0.5498017055551108,0.1920435289150281,0.016187004261438306,0.0069641285746076175,0.0008295619171173356,2.9310929553513323,0.396733771187245,anesthesia
0.5326867737812655,0.19392466554181262,0.017214986765668946,0.007144827864275051,0.0010097618402364712,3.0667560642984077,0.38969124021915025,anesthesia
0.5626917111704081,0.17268770044570708,0.01687055816360112,0.008257162252411939,0.0011751495954525177,3.0028567792104512,0.38885141501151527,anesthesia
0.6075580783637881,0.15875961377437245,0.01732875093007999,0.009710612854962813,0.00138008810839314,2.784539308425156,0.3817133620410711,anesthesia
0.5678714510356807,0.1727920335181922,0.022662210785509136,0.009516049682927989,0.001230225142524012,2.9937012397340066,0.3916932940946308,anesthesia
0.5669132184681945,0.16957990093554118,0.023527461429823312,0.007949789352300837,0.001184065812929742,2.9299508663280296,0.3964428319775675,anesthesia
0.5266633750092028,0.17812389301648288,0.01615532520908408,0.006485699430929436,0.0011338991621595285,2.9780131422457465,0.38481044566249567,anesthesia
0.5616450953340383,0.15927353582829956,0.014275851882113867,0.005424711770499013,0.0007337874001133481,2.94112376321145,0.36275579342464453,anesthesia
0.6324497638576869,0.1457437272140366,0.014796363606698126,0.005410451448755523,0.0008519833345726763,2.6774162027998685,0.36495318207793787,anesthesia
0.6127194245109896,0.15100484200375364,0.021255219834495315,0.007292277150550112,0.0010216607104046554,2.711308273866492,0.3896453991055982,anesthesia
0.4628165467700789,0.23609077621003843,0.025855194218206288,0.006680278923432674,0.0009448180860243535,3.22646112270285,0.4079750450304687,anesthesia
0.49561103567465803,0.22671773991720107,0.026454190238054284,0.00645521028334391,0.0010521207391760057,3.1979659076952176,0.40737375066868614,anesthesia
0.5380395511187421,0.2005283756962094,0.019922691860409545,0.007214838194672272,0.0009569791470182397,3.011764468448385,0.39480920411455617,anesthesia
0.6063988257806968,0.1381438360220545,0.019124521687342987,0.006051446286971457,0.0008304880860987912,2.731883057994852,0.37273602154822,anesthesia
0.5777590309172375,0.16782611992766777,0.0194285201292579,0.006210274716550336,0.0010695302889348354,2.7311622500032278,0.38040601682695874,anesthesia
0.5267481604161647,0.21685479763355112,0.018806932462898076,0.0066538228795151476,0.0011239731768136667,2.958752652413677,0.3967103080279026,anesthesia
0.5093244017583138,0.19156672878208345,0.019965111697947704,0.006357150752031006,0.0010525518093246968,3.1283287546961978,0.38852870136893647,anesthesia
0.5568218749049453,0.17586780024980478,0.021284955053102017,0.006139460825357361,0.001127935260107947,2.9805004271806785,0.3853478955929718,anesthesia
0.5536748012221113,0.15653132785067816,0.01764727485592183,0.004756452160398703,0.0008131862440327227,2.897625562650941,0.36842304304228873,anesthesia
0.5859173728693824,0.15426156491970086,0.019106832927912185,0.006111753304901167,0.0008837761706334079,2.9129664567493534,0.3709139355531513,anesthesia
0.543705357733124,0.20035858525290492,0.01615389266841816,0.005823834058658556,0.0009087226936499227,2.949933146994367,0.3883872945577092,anesthesia
0.5554223686551849,0.18003250701354856,0.01380393722997736,0.005348004892079257,0.0009741303713277957,2.851859792137084,0.3764345729584444,anesthesia
0.5111672569670932,0.19836230336514343,0.01719761132647846,0.0065438746303533605,0.0010599082044814403,3.0207009853212985,0.3860565079357586,anesthesia
0.4970094504417732,0.20362565912374928,0.02380562976022792,0.006278100486494762,0.0011229093827571472,3.1079942884593708,0.3975625095810307,anesthesia
0.5568425566814601,0.1702314064701754,0.0150959748992344,0.0038350494864029167,0.0006422218548448778,2.8782967654394707,0.36927757336084227,anesthesia
0.6091866034015414,0.16362777339534462,0.018508168682143302,0.00518330855492108,0.000978953911222102,2.7744702627264903,0.37906419546715425,anesthesia
0.5532809439723136,0.18991754380969036,0.014644607661222029,0.005866184931459597,0.0008488604804117813,2.865073548765446,0.3825840230025581,anesthesia
0.5962980792232442,0.16664204568650381,0.013956211262447081,0.004860490907528485,0.0007342063760677869,2.637745933610801,0.3826837564350309,anesthesia
0.6584367362568311,0.14857781492676905,0.012744831030255423,0.004031017517378888,0.0008308596851772327,2.501447928159344,0.3668648458164227,anesthesia
0.5374265391489942,0.20333979743749075,0.01859731877778433,0.005956959282450525,0.0010305677970384706,2.9448152748408267,0.38631993687152655,anesthesia
0.5333848251157647,0.2000281022324331,0.017578029518257456,0.004870704666784668,0.0007721076057283635,2.8771824325883983,0.3930452748139325,anesthesia
0.6086027203271165,0.17349113387404022,0.016307306219523438,0.005138774296665352,0.0006835508452113006,2.791370516878374,0.37560574508974587,anesthesia
0.669318142588843,0.12003112224181908,0.013401713167000489,0.005038899202418948,0.0006674108001798534,2.5917578943087154,0.3571948051848508,anesthesia
0.5529355986871671,0.1858144325706647,0.02014233977542641,0.006230546546005124,0.0008962256320542595,2.9546987845397235,0.3865401386794714,anesthesia
0.5272293193421094,0.19400511344602964,0.021236424527313596,0.006346830175642164,0.0010582387878269248,3.0805966652171004,0.385033206792268,anesthesia
0.5237276901645951,0.17482548079151602,0.021953228375641006,0.007784877741849258,0.0012006252686031225,3.169031300505751,0.3827202164916349,anesthesia
0.5546266398455599,0.1924490409274516,0.02084053470494279,0.005660230193727652,0.0009725219327418336,2.9371763590408553,0.39701809559619666,anesthesia
0.6755282342347739,0.135574571364241,0.016748121475565463,0.004887254316753198,0.0007015132763573302,2.3583684892340933,0.37165201483033783,anesthesia
0.603069640659509,0.15838496590674175,0.017203436981730245,0.006371675356087766,0.0008421875382082127,2.7059242263650383,0.3819079096666937,anesthesia
0.5254449166365033,0.20422290468711196,0.024423257711848192,0.0070275013286712545,0.0010682136408264565,3.0698350315943057,0.4020612054924627,anesthesia
0.5366499601746418,0.17633706788231185,0.017341445796933315,0.005750949355599851,0.0012244800565779602,2.836675538715598,0.38513138597465074,anesthesia
0.5866857550927781,0.16049329604925017,0.015526152070917901,0.0054277894373616405,0.0009182081384599276,2.7534526182837333,0.37847624788450807,anesthesia
0.5815325669992438,0.17194120966265447,0.019487494217007118,0.0065631437447467135,0.0010967754846641323,2.9286245078239497,0.384532673647628,anesthesia
0.5439790666434166,0.2002643388703683,0.024008124506658325,0.006840503502715142,0.001016573086314536,2.8825298361318867,0.40043084023588404,anesthesia
0.487327487859408,0.23891851283653945,0.01269968677186339,0.006545375121754976,0.0007892945594592941,2.9781192418123155,0.39950386664275495,anesthesia
0.5618454889813084,0.22478344034085923,0.013575489316700707,0.005774146053773804,0.0008519882566181048,2.8575554972857753,0.39429681358134133,anesthesia
0.6206605248120265,0.16962270820108544,0.013441509627586461,0.004682484728687718,0.0009216683119911841,2.6466298204406358,0.37567289082602456,anesthesia
0.637509501073429,0.12831336043169264,0.017405548266215494,0.005365442468053434,0.0009530998426344103,2.563182568410353,0.3680290789082828,anesthesia
0.5443449301292111,0.17693283465328105,0.014938277156443669,0.00538744687061726,0.0009381053687475802,2.957341207565486,0.382367432078351,anesthesia
0.5396020379801068,0.1937129241609587,0.021365389649284822,0.006325607742820808,0.001097242849914795,3.1045901152043642,0.3938640274315829,anesthesia
0.5922905514327252,0.16646281338096905,0.018652519208926514,0.0064344446705725065,0.0009795782648167255,2.7629632676651648,0.3836643979079942,anesthesia
0.5488331158467403,0.18691221749448372,0.01684570237867029,0.0064232271997728685,0.0009101575860351637,2.900431829460741,0.38509605069130287,anesthesia
0.4922983744395396,0.19809124159728203,0.02023076902927781,0.005074450083476684,0.0008580887628057271,3.0802001905578758,0.3854705819362464,anesthesia
0.5665128970658521,0.17477601959426886,0.013839471210747014,0.003953505196394928,0.0006693559894241303,2.810342818695423,0.3716039360612022,anesthesia
0.6191267137159476,0.13771572382841626,0.011512510353413396,0.003947102183422661,0.0007398498580707179,2.7220025993422157,0.35749297473348707,anesthesia
0.5349958348961494,0.19732207140244634,0.02016345231179917,0.0051961440598341105,0.000797078812271395,3.0155444025820803,0.3875035917133115,anesthesia
0.5277094438298042,0.1953719607271414,0.020530189880723405,0.005089592309711593,0.0008879883469639889,2.9381590711463317,0.39421732629312844,anesthesia
0.5650010897718684,0.1712492838436687,0.014898408153527842,0.005406284177775311,0.0007963944024041056,2.8221006380150615,0.37521134129455963,anesthesia
0.49034664801704436,0.23069035602768764,0.01992440721729169,0.0063379615131231295,0.0009437313758156371,3.0295048755149523,0.40389980659134816,anesthesia
0.4908581832431822,0.22662384965461352,0.016177341406405928,0.005120960837972293,0.0009255276521896315,3.0779184737349037,0.39175900316521817,anesthesia
0.6187196325688529,0.132199882562556,0.013763242788516648,0.004141684120802094,0.0006511649773231707,2.7524401206286906,0.3599336700342213,anesthesia
0.5630012849387848,0.1730047547294689,0.019266057173754517,0.006300066994920077,0.0010649777608422379,2.9969980728861314,0.3882368877821643,anesthesia
0.5440674001466403,0.16397514884897305,0.017484466967224253,0.005986814029781247,0.0009555374581685729,3.0098022628514296,0.37552844780524375,anesthesia
0.5165745397684114,0.18861088224248304,0.012547315583498524,0.004767878383921717,0.000863670633803494,3.013298160329768,0.3731646814040118,anesthesia
0.5454831105493915,0.18236559599112012,0.01761818718638384,0.004794417527265638,0.0009640518589584201,2.948960027158959,0.38330914544065675,anesthesia
0.5693203608186509,0.14467444560837792,0.022160722222815545,0.004899775960842014,0.0009413910135122102,2.88817372916868,0.37564345946665184,anesthesia
